id,filename,gt_answer,pred_answer
2,j_3263.mp4,3,0
5,b_1s7411J7yN_clip_106.mp4,1,3
6,b_1At411A7VH_clip_002.mp4,3,2
11,b_1A4411H7RU_clip_012.mp4,0,1
13,b_1DT4y137h7_clip_021.mp4,3,2
14,c_sunp1691_7.mp4,2,1
24,b_1ME411F7sz_clip_030.mp4,3,2
25,b_1mx411S7tx_clip_007.mp4,3,2
28,y_bixqbLMxIbs_clip_20.mp4,1,2
30,b_1n741157ss_clip_053.mp4,0,1
32,b_1Ft411E7zW_clip_013.mp4,1,0
37,b_1764y1M7zr_clip_018.mp4,1,3
41,j_3274.mp4,2,1
45,b_1U7411u7uy_clip_035.mp4,0,3
48,b_154411S7ue_clip_006.mp4,3,1
52,b_1q441127YQ_clip_012.mp4,1,0
53,b_154411S7ue_clip_006.mp4,2,1
54,b_1j741157BM_clip_016.mp4,0,3
60,b_194411p7Ho_clip_020.mp4,1,0
61,b_1dE411d7D7_clip_015.mp4,2,1
63,b_1ZA411i7Li_clip_005.mp4,1,3
64,b_1Yt411Y7VQ_clip_020.mp4,1,2
65,y_DoiBz_oa6XA_clip_13.mp4,0,1
68,b_1G7411G7yS_clip_024.mp4,3,2
69,b_1Gt411p7rv_clip_002.mp4,2,0
71,b_1YE411R7Rk_clip_019.mp4,1,0
74,b_1Z4411H7pb_clip_026.mp4,0,1
79,b_1Na4y1i7jC_clip_043.mp4,2,1
80,b_14s411r72D_part2_clip_005.mp4,1,3
83,b_1Ht41137f7_clip_012.mp4,0,1
88,b_1bJ411J78u_clip_043.mp4,3,2
89,c_movi7929_16.mp4,2,1
92,b_1rf4y127sM_clip_027.mp4,3,1
98,b_1Qc411h7aP_clip_004.mp4,2,1
104,b_1yJ411k7Yo_clip_023.mp4,2,3
106,c_sunp1714_13.mp4,1,0
107,b_1R7411u769_clip_083.mp4,3,0
109,y_r5LeXZiuplQ_clip_4.mp4,1,3
110,b_1hE411k7re_clip_001.mp4,2,3
111,b_1Wa4y1t7y7_clip_038.mp4,0,1
112,b_1B4411j7Wo_clip_014.mp4,3,0
113,b_1bs41137JZ_clip_006.mp4,0,2
116,b_1qK4y1t79B_clip_004.mp4,1,0
117,b_1a7411L7PC_clip_073.mp4,0,3
118,b_1vJ411B7BH_clip_014.mp4,0,1
122,b_184411m7DP_clip_012.mp4,1,0
123,y_kBbv9xGng_A_clip_16.mp4,1,0
124,b_1i441117ec_clip_009.mp4,0,1
127,b_13x41197oW_clip_004.mp4,3,0
132,b_1bt411z7Ps_clip_005.mp4,1,0
137,y_LPTSJ_-_JRU_clip_34.mp4,2,3
146,b_19b41127Fv_clip_005.mp4,0,1
148,y_NliNOzuoeeg_clip_1.mp4,3,2
149,b_19A411t7dq_clip_023.mp4,2,1
150,b_1gp411Z7uR_part2_clip_010.mp4,2,0
154,b_144411U7gM_clip_009.mp4,0,1
156,b_1qE411o7GU_clip_012.mp4,3,0
158,b_13E411B76K_clip_024.mp4,0,3
162,b_1NJ411q7pd_clip_015.mp4,1,0
163,y_8GfCC_k_SOs_clip_13.mp4,3,0
171,b_1XJ411G77m_clip_044.mp4,2,3
173,b_12E411Z7fV_clip_017.mp4,3,1
174,b_1Ab411h7kK_clip_038.mp4,1,3
176,b_1hE411p7Th_clip_089.mp4,3,0
178,b_1SJ41167QX_clip_033.mp4,0,2
184,y_rKFyUXXfLkY_clip_7.mp4,3,0
186,b_1at411y7Eo_clip_050.mp4,3,2
187,c_sunp1672_2.mp4,3,1
195,b_19J411p7Ck_clip_011.mp4,2,0
198,b_1jt411e7vy_clip_066.mp4,2,1
199,b_1Zx411G7Zb_part2_clip_002.mp4,0,2
203,b_1xV411f74o_clip_025.mp4,0,2
205,b_1Kt41137CX_clip_033.mp4,0,2
206,b_1Yk4y1R7hE_clip_014.mp4,1,2
208,b_1nJ411q7Nw_clip_032.mp4,3,2
211,b_1Px411Q7hu_part2_clip_001.mp4,3,0
219,b_1fg4y1B7cA_clip_028.mp4,0,1
228,c_sunp1648_14.mp4,1,0
229,y_iX5wSGmT7aw_clip_15.mp4,3,0
230,b_1NJ411F7Y6_clip_037.mp4,0,3
234,b_1rx41167zx_part1_clip_011.mp4,2,0
238,b_1ex411G7zY_part1_clip_012.mp4,2,0
244,b_1TJ411s7yy_clip_037.mp4,3,1
247,b_13t411g7Z3_clip_015.mp4,0,2
251,b_1Qi4y1x7Ht_clip_008.mp4,0,2
255,b_16W411i7GR_part2_clip_005.mp4,2,0
256,y_D3e9OhvRSDo_clip_21.mp4,3,1
257,b_1bt411q7fm_clip_007.mp4,3,1
263,b_18C4y147hP_clip_002.mp4,0,1
270,b_1Fx411172G_part1_clip_002.mp4,1,2
274,b_1Gk4y1r7HT_clip_001.mp4,2,1
276,b_12K4y1C7ak_clip_002.mp4,3,1
278,b_1Bs411T7QD_clip_009.mp4,3,2
281,b_19t411q7rr_clip_034.mp4,2,1
282,b_1q64y1T7Qh_clip_028.mp4,3,2
283,b_1ox411B7yE_part2_clip_007.mp4,3,2
284,b_1Ht411X7Qn_clip_013.mp4,3,1
286,b_1SZ4y1p75f_clip_022.mp4,0,2
290,y_uNZiDOiorz4_clip_19.mp4,2,1
291,b_1iT4y1u721_clip_010.mp4,3,2
296,b_1RJ411T7Hh_clip_020.mp4,3,2
301,b_1cJ411X74E_clip_005.mp4,3,2
302,j_3677.mp4,1,0
305,b_1it41157YF_clip_021.mp4,0,1
307,b_1uE411C7sZ_clip_017.mp4,2,1
311,y_ts7lKdhojGY_clip_9.mp4,0,1
317,b_1Wa4y1t7y7_clip_007.mp4,3,0
318,c_movi7951_12.mp4,0,2
319,b_1AW411H7j9_part2_clip_013.mp4,3,2
320,b_1j7411h7kb_clip_010.mp4,0,1
326,y_TRpDI-LdkDI_clip_19.mp4,3,0
331,b_1fW411t7Hw_clip_007.mp4,1,2
333,b_1Va4y147PH_clip_006.mp4,1,0
336,b_1RE411H7di_clip_033.mp4,0,3
341,b_174411Z7eo_clip_004.mp4,0,3
342,b_1Lt411j7s5_clip_019.mp4,2,1
347,b_1js411u7Er_clip_017.mp4,1,3
350,b_1uE411C7sZ_clip_032.mp4,3,2
351,b_1kt411C7cs_clip_002.mp4,3,0
352,b_1dA411471P_clip_030.mp4,3,1
355,b_1rk4y1k7F9_clip_009.mp4,3,1
357,y_Qo_y-6rCrJk_clip_11.mp4,0,1
363,b_184411c7bt_clip_021.mp4,0,1
373,b_1U7411u7uy_clip_050.mp4,3,1
383,b_1zx411B7zz_part1_clip_011.mp4,3,1
386,c_movi7922_7.mp4,0,2
391,c_sunp1672_13.mp4,2,0
395,b_1Xt411V7CT_clip_001.mp4,0,2
404,b_18J411H7we_clip_035.mp4,2,1
406,b_17b411H7b9_clip_021.mp4,2,0
408,b_1ya4y1e7Tn_clip_050.mp4,0,1
419,b_1xQ4y1T7cR_clip_009.mp4,0,1
420,b_1Fx411x7ge_clip_007.mp4,1,0
421,b_1Qi4y1x7Ht_clip_003.mp4,3,2
422,b_1Z64y1u7vw_clip_004.mp4,3,1
425,b_1cx411f7Pw_clip_046.mp4,1,2
427,b_1RJ411T7Hh_clip_006.mp4,3,1
428,b_1EJ41117Tu_clip_001.mp4,3,1
431,b_1DK411W72b_clip_014.mp4,2,3
438,b_1nt411E76Z_clip_007.mp4,2,0
445,b_1a7411f7SH_clip_024.mp4,2,0
458,b_1a4411o7DJ_clip_012.mp4,1,2
463,b_1NJ411F7Y6_clip_021.mp4,0,2
468,b_1GJ411h7Mb_clip_030.mp4,2,1
473,b_1yt411k7va_clip_035.mp4,1,2
478,b_1mW411Y7wF_part1_clip_013.mp4,3,1
479,b_16t411r7Go_clip_001.mp4,2,3
494,b_17b411H7b9_clip_019.mp4,3,1
497,b_1z741177kN_clip_057.mp4,0,1
499,y_LPTSJ_-_JRU_clip_15.mp4,0,2
503,b_1Tx411z79U_part1_clip_002.mp4,0,1
511,b_1WE411F7LD_clip_012.mp4,1,2
525,b_1764y1M7zr_clip_037.mp4,0,1
527,b_17J411a7tz_clip_027.mp4,2,1
541,b_1dA411471P_clip_030.mp4,1,2
549,y_ifP0zIiijro_clip_6.mp4,3,2
550,b_1j741157BM_clip_029.mp4,2,1
555,b_1gW411q771_part2_clip_023.mp4,2,1
558,b_1q7411W7jb_clip_026.mp4,1,3
560,b_1a4411o7DJ_clip_005.mp4,2,3
576,b_1Jt411v7ZN_clip_017.mp4,2,1
578,b_1bQ4y1A7FW_clip_012.mp4,3,2
590,y_Rp4IpAoz5kA_clip_8.mp4,2,1
593,b_1YE411R7Rk_clip_003.mp4,0,1
602,b_16b411C7Y7_clip_023.mp4,0,2
605,y_r5LeXZiuplQ_clip_15.mp4,3,1
615,b_1At411V7X9_clip_016.mp4,3,2
620,b_1aZ4y1s7BV_clip_013.mp4,3,2
624,b_1dJ411F7W2_clip_027.mp4,3,1
632,b_1ft411t7zd_clip_015.mp4,0,1
636,b_19x411q7pB_part1_clip_007.mp4,3,2
655,b_1RJ411y7df_clip_033.mp4,3,1
659,b_1Kt411c7wF_clip_005.mp4,3,0
663,b_1Cb411b7BW_clip_047.mp4,1,0
664,b_1EJ41177yN_clip_022.mp4,0,1
669,y_rKFyUXXfLkY_clip_20.mp4,0,2
679,b_194411C7mL_clip_035.mp4,3,1
686,b_1yE41187A9_clip_020.mp4,3,1
692,b_1tZ4y1j7uk_clip_019.mp4,3,2
694,b_1XJ411m7H5_clip_012.mp4,1,0
696,b_1pZ4y1s7ma_clip_005.mp4,1,3
701,b_1j741157BM_clip_045.mp4,3,1
705,b_1A4411G7Xv_clip_004.mp4,0,3
706,y_tP19WuyY3IY_clip_13.mp4,0,1
713,b_1gW411q771_part2_clip_023.mp4,3,1
726,b_1At411g7Sm_clip_008.mp4,1,3
727,b_1JE411r7ba_clip_019.mp4,2,0
731,b_1y441137Qm_clip_011.mp4,3,2
733,b_1xz411z7b5_clip_015.mp4,3,2
734,b_1Gg4y1a7Ef_clip_015.mp4,2,1
759,b_1ux4116769_part1_clip_001.mp4,2,3
765,b_1Cb411b7BW_clip_001.mp4,1,0
774,b_1YK4y1k7SF_clip_001.mp4,2,0
787,b_1bt411z7Ps_clip_024.mp4,2,3
788,b_1Tx411z79U_part1_clip_008.mp4,3,2
791,b_1U4411L75y_clip_026.mp4,3,0
795,b_1i7411f7Jc_clip_033.mp4,0,1
796,b_1Nk4y1k7nk_clip_022.mp4,1,3
797,y_n8S0it3v0pg_clip_15.mp4,0,2
801,b_15x411f7Tk_clip_006.mp4,3,1
803,b_16b411C7Y7_clip_033.mp4,0,1
807,b_1Z64y1u7vw_clip_014.mp4,2,1
816,c_sunp1692_4.mp4,0,2
822,b_1JE41147LF_clip_080.mp4,1,2
835,b_1Vs41157A6_part1_clip_003.mp4,0,1
838,c_sunp1691_2.mp4,3,2
845,b_1jJ411V7xT_clip_012.mp4,3,0
864,b_1ut411a7RZ_clip_023.mp4,0,3
873,b_19E411P7RL_clip_038.mp4,0,1
874,b_13s411V72j_part1_clip_005.mp4,1,3
875,b_1nW41187Ch_part1_clip_018.mp4,0,3
885,b_1p4411U7m1_clip_047.mp4,0,1
897,b_1Gt411y7Xe_clip_014.mp4,0,1
904,b_1Et411J7jq_clip_011.mp4,2,3
912,b_1X7411m71Z_clip_008.mp4,0,2
916,b_1Mt41177QG_clip_029.mp4,3,0
919,y_ts7lKdhojGY_clip_42.mp4,1,2
933,b_1BQ4y1M7Lx_clip_002.mp4,2,1
941,b_1LW411s7qq_clip_028.mp4,1,2
946,b_1fW411J79x_part2_clip_019.mp4,0,2
960,b_1kx411f751_clip_012.mp4,0,2
963,y_xjhHM0ilzZ8_clip_16.mp4,2,0
968,b_154411H7Nb_clip_007.mp4,1,3
969,b_1a7411L7PC_clip_025.mp4,3,2
970,b_1Mi4y1b7GK_clip_013.mp4,2,0
995,y_Gdm0JP8Egyc_clip_14.mp4,1,3
999,b_1ek4y19747_clip_012.mp4,0,1
1001,b_1ct411D77a_clip_003.mp4,0,2
1005,y_EhM-xuNdRL0_clip_3.mp4,3,2
1008,c_movi7919_14.mp4,1,2
1015,b_19J411p7Ck_clip_001.mp4,0,3
1032,b_1Cb411b7ix_clip_052.mp4,3,1
1038,b_1j741157BM_clip_115.mp4,0,2
1042,b_13b411V7L9_clip_017.mp4,2,1
1048,b_1k4411T7Nf_clip_040.mp4,2,0
1050,b_1a7411f7SH_clip_003.mp4,1,0
1052,b_1j741157BM_clip_077.mp4,0,1
1053,b_1EJ41117Tu_clip_014.mp4,3,2
1064,b_1bE411v7CP_clip_012.mp4,3,2
1069,b_12a4y1i7Nk_clip_030.mp4,3,2
1074,b_1Gz411z7zB_clip_002.mp4,1,2
1075,y_zwBOQgT8dRw_clip_14.mp4,2,3
1086,b_1DT4y137h7_clip_016.mp4,0,3
1088,b_16s41167pP_clip_007.mp4,0,1
1090,b_1R7411u769_clip_025.mp4,1,2
1091,b_1b4411R7AX_clip_017.mp4,1,3
1098,b_1j54y1X7cr_clip_038.mp4,1,0
1103,b_1EJ41117Tu_clip_016.mp4,3,2
1104,b_1et411v7TQ_clip_010.mp4,0,2
1107,b_1JW411q7FD_clip_023.mp4,0,1
1112,b_1Z4411H7pb_clip_016.mp4,3,0
1131,y_8GfCC_k_SOs_clip_4.mp4,1,2
1136,y_Gdm0JP8Egyc_clip_3.mp4,0,1
1139,b_1bt411z7Ps_clip_019.mp4,1,0
1146,b_1F7411Z74z_clip_064.mp4,1,3
1147,b_16s41167pP_clip_007.mp4,1,2
1149,b_19t411B7A4_clip_014.mp4,2,1
1152,y_AC2R889a-LI_clip_20.mp4,1,2
1161,b_18t411w7Q8_clip_029.mp4,0,1
1162,y_TKIL_9wuF1Q_clip_16.mp4,2,1
1164,b_1a7411L7PC_clip_076.mp4,0,1
1167,b_1Gb411G7XZ_clip_009.mp4,3,0
1180,b_12a4y1i7Nk_clip_008.mp4,0,2
1183,b_1BJ411N7hE_clip_005.mp4,1,3
1186,b_1Nz411872c_clip_005.mp4,3,1
1187,y_EwbiWKAhICU_clip_9.mp4,0,1
1191,b_16J411t7DB_clip_004.mp4,2,1
1193,c_sunp1650_11.mp4,1,3
1196,y_DUX_IhauRlI_clip_6.mp4,2,1
1198,b_1rJ411875j_clip_021.mp4,1,2
1213,b_15x411f7Tk_clip_028.mp4,2,3
1216,b_1p4411U7m1_clip_029.mp4,2,1
1217,b_1nt411E76Z_clip_013.mp4,0,2
1223,b_1G7411G7yS_clip_047.mp4,1,2
1226,b_1gE411L7oE_clip_010.mp4,3,2
1245,b_1mt411e7s2_clip_004.mp4,2,0
1246,b_18J411H7we_clip_013.mp4,3,2
1258,b_14a4y147uG_clip_033.mp4,0,1
1259,b_1Fk4y1z7d6_clip_018.mp4,3,2
1263,b_1ya4y1e7Tn_clip_053.mp4,3,2
1273,b_1mW411Y7wF_part1_clip_006.mp4,3,0
1288,b_127411s7T7_clip_009.mp4,1,2
1289,b_1Wa4y1t7y7_clip_035.mp4,1,2
1300,b_1hJ411R79J_clip_006.mp4,2,3
1308,b_134411N7af_clip_010.mp4,3,2
1312,b_1xV411f74o_clip_009.mp4,1,2
1318,b_1V441187rn_clip_020.mp4,3,0
1319,b_1H7411C7jf_clip_001.mp4,3,1
1326,b_1NE411w7WB_clip_051.mp4,0,1
1328,b_1N441147kT_clip_010.mp4,3,2
1331,b_18W411i74f_part2_clip_006.mp4,0,1
1334,b_1jJ411V7xT_clip_036.mp4,0,2
1335,b_12J41147hT_clip_002.mp4,3,0
1345,b_154411v7Jh_clip_012.mp4,2,1
1347,b_1bQ4y1A7FW_clip_020.mp4,0,1
1352,b_1Nk4y1k7nk_clip_030.mp4,1,2
1358,b_1dt411N7Vb_clip_018.mp4,3,1
1359,b_1Y741167wi_clip_002.mp4,0,2
1364,b_1G7411G7yS_clip_082.mp4,2,1
1365,b_1P4411B7oe_clip_035.mp4,3,2
1369,y_TvEHIciyvjU_clip_18.mp4,0,1
1384,b_1WE411F7LD_clip_032.mp4,2,0
1388,b_1Gk4y1r7HT_clip_026.mp4,3,1
1389,b_1HT4y1g7E3_clip_027.mp4,0,1
1401,b_1ZA411i7Li_clip_020.mp4,1,2
1406,y_uNZiDOiorz4_clip_12.mp4,0,1
1407,y_iX5wSGmT7aw_clip_21.mp4,2,1
1414,b_197411y7eX_clip_012.mp4,3,0
1418,b_1Ht411X7Qn_clip_020.mp4,0,1
1433,b_1Z4411H7pb_clip_016.mp4,0,2
1452,y_0gdy9L5whEs_clip_14.mp4,0,2
1454,b_1bW411B7qV_part1_clip_015.mp4,2,1
1457,b_1yx411C77W_part1_clip_004.mp4,3,1
1467,b_1Mx411Z7ve_clip_010.mp4,1,3
1479,c_movi7940_5.mp4,2,1
1480,b_1Et411s72c_clip_015.mp4,3,1
1503,b_1yx41167PV_part2_clip_002.mp4,1,2
1504,b_1Q4411o76G_clip_024.mp4,1,2
1505,c_sunp1671_6.mp4,1,3
1507,b_1Tt411F7W7_clip_006.mp4,2,1
1517,b_1u741147Pe_clip_092.mp4,1,0
1519,b_1B4411d7Pv_clip_028.mp4,1,3
1524,b_1kJ411e7qf_clip_023.mp4,2,0
1529,b_1j741157BM_clip_123.mp4,2,3
1537,y_AC2R889a-LI_clip_24.mp4,3,2
1545,b_1ya4y1e7Tn_clip_051.mp4,2,1
1546,b_1mt411e7s2_clip_017.mp4,2,1
1549,b_1Tx411z79U_part1_clip_012.mp4,1,2
1557,b_1ex411q7R9_part1_clip_008.mp4,3,2
1558,b_1Qt411K7JU_clip_015.mp4,3,2
1576,b_1Nz411872c_clip_001.mp4,3,2
1577,b_16W411i7GR_part1_clip_006.mp4,3,2
1579,b_1Xt411V7CT_clip_016.mp4,0,1
1585,b_1YJ411x78w_clip_015.mp4,3,2
1591,b_1Ct41147rV_clip_027.mp4,2,3
1596,b_1u4411p7uk_clip_099.mp4,0,1
1610,b_1Cb411b7BW_clip_014.mp4,0,2
1614,b_1Ht411P7eg_clip_010.mp4,0,1
1618,b_1LA411t7mT_clip_018.mp4,3,2
1624,b_1yt411k7va_clip_013.mp4,2,3
1638,b_1CW411h7oK_part2_clip_010.mp4,3,1
1640,b_1d4411K7t9_clip_040.mp4,2,0
1646,b_1hE411p7Th_clip_059.mp4,0,1
1647,b_1UK411L7wa_clip_006.mp4,2,3
1651,y_k3kpcKkQCmA_clip_18.mp4,1,2
1655,b_1kJ411e7qf_clip_019.mp4,0,2
1657,b_1KJ411T7Jo_clip_004.mp4,3,0
1658,b_1KK41157yS_clip_010.mp4,2,1
1662,c_movi7925_1.mp4,3,2
1666,j_3269.mp4,0,1
1674,b_1F4411d7Um_clip_006.mp4,3,2
1675,b_1xz411z7b5_clip_021.mp4,1,0
1686,b_1H4411d7T9_clip_013.mp4,0,3
1690,b_1n741157ss_clip_109.mp4,1,3
1706,b_1a4411B7sb_clip_006.mp4,2,1
1712,b_184411N734_clip_002.mp4,0,3
1713,b_1BJ411u7Sn_clip_029.mp4,2,1
1715,b_1MK411j7XB_clip_030.mp4,0,1
1728,b_1Gt411y7Xe_clip_012.mp4,0,2
1732,b_1XJ411G77m_clip_007.mp4,0,1
1736,b_1ix411R7tt_clip_029.mp4,1,3
1740,b_1Ht41137f7_clip_005.mp4,3,0
1744,b_1Gt411y7Xe_clip_021.mp4,2,3
1745,b_1mt411e7s2_clip_031.mp4,1,2
1750,b_1X7411L7P7_clip_043.mp4,0,2
1754,y_qLstTC3D5dI_clip_2.mp4,0,2
1758,y_qLstTC3D5dI_clip_14.mp4,0,2
1759,b_1yt411k7va_clip_039.mp4,3,1
1760,b_1k441167ec_clip_026.mp4,3,1
1766,b_1vs411w7a9_clip_004.mp4,0,1
1770,c_sunp1668_10.mp4,3,0
1777,b_14b411y79D_clip_016.mp4,3,2
1781,b_1hE411k7re_clip_019.mp4,0,1
1784,y_NliNOzuoeeg_clip_13.mp4,0,1
1799,b_194411p7Ho_clip_013.mp4,2,3
1800,b_1FE411F7Ss_clip_018.mp4,1,2
1801,b_1fW411t7Hw_clip_008.mp4,1,3
1804,y_Gdm0JP8Egyc_clip_6.mp4,3,2
1811,b_134411N7af_clip_010.mp4,2,1
1813,b_1Yk4y1R7hE_clip_003.mp4,0,2
1814,b_1yV411d7fP_clip_010.mp4,0,3
1833,b_1cx411f7u7_clip_023.mp4,0,2
1835,b_1J7411377C_clip_018.mp4,0,2
1857,c_movi7952_13.mp4,1,3
1858,b_1cx411f7u7_clip_009.mp4,2,1
1861,b_1DW411b7Xp_clip_009.mp4,1,3
1863,c_sunp1648_3.mp4,2,3
1867,b_174411Z7eo_clip_020.mp4,0,2
1868,b_1DW411b7Xp_clip_015.mp4,2,0
1871,y_LPTSJ_-_JRU_clip_21.mp4,0,1
1876,y_A4NxVXfqt64_clip_14.mp4,3,2
1877,b_1LW411v7Tv_part1_clip_010.mp4,0,1
1881,b_1J7411377C_clip_081.mp4,1,0
1882,b_1U4411V7fj_clip_006.mp4,2,1
1887,b_1yE411j7KU_clip_061.mp4,0,2
1889,b_13b411V7L9_clip_030.mp4,3,2
1890,b_1xz411z7b5_clip_051.mp4,1,0
1895,b_1cW411z7HJ_part2_clip_001.mp4,2,0
1901,b_1SJ411S7Hb_clip_026.mp4,0,3
1905,b_1hE411k7re_clip_009.mp4,1,0
1918,b_184411c7bt_clip_001.mp4,0,1
1920,b_1St411N77p_clip_018.mp4,2,0
1927,b_1kJ411e7qf_clip_010.mp4,2,1
1954,c_movi7941_12.mp4,3,2
1957,b_1JE41147LF_clip_069.mp4,2,0
1968,c_sunp1650_9.mp4,0,3
1988,b_187411V7WG_clip_076.mp4,0,2
1993,b_1RJ411C7yS_clip_004.mp4,0,3
2005,b_1Lt411T7LT_clip_001.mp4,3,1
2006,b_1Zx411Q7mv_clip_007.mp4,1,2
2010,b_1DE411P71Y_clip_036.mp4,3,2
2012,b_1KW411W7Kb_clip_005.mp4,0,2
2016,b_1YK4y1k7SF_clip_026.mp4,3,0
2023,y_CzrWKnJ95Q4_clip_2.mp4,0,2
2031,b_1gt411G7gi_clip_023.mp4,1,0
2038,b_1ek4y19747_clip_015.mp4,1,3
2048,b_1yE411j7Vo_clip_019.mp4,3,1
2051,c_sunp1693_2.mp4,3,2
2059,b_16A411b7pN_clip_022.mp4,3,2
2060,b_1wK41157Pp_clip_018.mp4,3,0
2066,b_19441187Lt_clip_006.mp4,2,3
2068,b_18W411y7ka_clip_045.mp4,1,2
2071,b_1rx41167zx_part1_clip_011.mp4,2,0
2078,b_15b411e766_clip_022.mp4,2,0
2095,b_1nt411E76Z_clip_013.mp4,0,2
2097,b_1Gz411z7zB_clip_010.mp4,3,2
2102,y_eh5uVEEyV9A_clip_3.mp4,3,0
2106,b_14K41177wQ_clip_003.mp4,0,2
2121,b_12t411o7c5_clip_012.mp4,0,3
2124,b_1z741177kN_clip_119.mp4,0,3
2127,b_19t411q7rr_clip_028.mp4,0,1
2129,b_1Sp4y1C7DJ_clip_004.mp4,1,0
2138,b_1PJ411v7n1_clip_026.mp4,3,0
2139,b_1Xt411s7y5_clip_011.mp4,2,1
2146,b_1U7411u7uy_clip_006.mp4,3,2
2148,b_1cW411z7HJ_part2_clip_001.mp4,1,2
2152,y_r5LeXZiuplQ_clip_15.mp4,3,1
2155,b_1i741177YW_clip_059.mp4,1,2
2156,b_1CJ411b7ru_clip_012.mp4,3,0
2157,y_j8_c7fDzUbU_clip_6.mp4,3,1
2159,b_144411U7gM_clip_020.mp4,2,1
2163,b_1Ft411E7zW_clip_010.mp4,1,3
2167,c_sunp1648_19.mp4,3,0
2172,b_1ft411B7pV_clip_036.mp4,0,2
2180,b_1a4411o7DJ_clip_001.mp4,2,1
2187,b_1kJ411B7Xc_clip_015.mp4,2,1
2189,b_184411F7DJ_clip_003.mp4,0,2
2190,y_23ZW80OBD9g_clip_11.mp4,3,0
2194,b_1rk4y1k7F9_clip_026.mp4,3,1
2202,b_154411v7Jh_clip_028.mp4,2,3
2203,b_1Gx411i7XG_part2_clip_003.mp4,0,1
2207,c_sunp1668_18.mp4,1,3
2220,b_1PJ411v7n1_clip_029.mp4,0,2
2231,b_1jW411Y7uw_part1_clip_005.mp4,1,2
2235,b_12J41147hT_clip_043.mp4,0,1
2245,b_1N4411J7oN_clip_004.mp4,0,3
2254,b_1J7411377C_clip_065.mp4,1,2
2258,b_1V441187rn_clip_020.mp4,0,2
2259,b_1Gg4y1z7gn_clip_016.mp4,0,2
2262,b_1R7411u769_clip_028.mp4,3,1
2273,b_18441187uH_clip_001.mp4,0,2
2274,b_1Qt411K7JU_clip_002.mp4,3,1
2286,b_13b411V7L9_clip_030.mp4,1,3
2287,b_1kb41137Wh_clip_039.mp4,1,2
2302,b_1et411v7TQ_clip_007.mp4,1,0
2317,b_1fW411t7Hw_clip_012.mp4,0,1
2321,b_1bt411Q7qe_clip_019.mp4,0,2
2324,b_1tE411C7as_clip_012.mp4,2,0
2328,b_15J41177di_clip_006.mp4,2,3
2333,b_1f4411p7oB_clip_033.mp4,0,2
2335,b_1fg4y1B7cA_clip_026.mp4,2,1
2339,b_1bt411Q7qe_clip_014.mp4,2,1
2344,b_1kJ411e7qf_clip_023.mp4,3,2
2354,b_1NJ411q7pd_clip_010.mp4,1,2
2355,b_1F7411Z74z_clip_076.mp4,2,3
2371,y_Gdm0JP8Egyc_clip_20.mp4,3,0
2372,y_tjXukxZzsg8_clip_10.mp4,1,3
2373,b_1H7411C7jf_clip_010.mp4,3,1
2388,b_1GJ411L7iJ_clip_026.mp4,1,2
2391,y_AC2R889a-LI_clip_26.mp4,3,2
2392,b_1f4411N7Zp_clip_048.mp4,3,0
2403,b_1n741157ss_clip_059.mp4,3,1
2409,b_1xp4y1Q7WJ_clip_004.mp4,3,1
2411,b_1CE411w7VN_clip_034.mp4,3,2
2413,b_1eE411d7cV_clip_001.mp4,0,2
2416,b_18441187uH_clip_005.mp4,3,0
2421,b_1G7411G7yS_clip_004.mp4,3,1
2426,y_LZe6ujj48bo_clip_6.mp4,3,2
2430,b_1ct4y127JJ_clip_047.mp4,0,1
2439,b_187411V7WG_clip_019.mp4,1,2
2446,b_1B7411s7t1_clip_010.mp4,3,0
2448,b_1s7411J7yN_clip_052.mp4,3,0
2452,b_1qK4y1r7G5_clip_014.mp4,0,1
2465,b_1bt411q7fm_clip_020.mp4,0,1
2466,b_13t411F7iD_clip_016.mp4,3,1
2476,b_19b41127Fv_clip_019.mp4,0,2
2478,b_1Jt411v7ZN_clip_011.mp4,3,1
2479,b_1uK411L7sS_clip_015.mp4,2,0
2486,b_1SZ4y1p75f_clip_011.mp4,1,3
2490,b_1at411y7Eo_clip_050.mp4,0,1
2491,b_17W411B7wM_clip_005.mp4,0,1
2494,y_bBSUY-m6D1c_clip_7.mp4,3,2
2506,b_1WJ411B7qY_clip_004.mp4,0,1
2507,b_18f4y1U73n_clip_004.mp4,0,3
2510,b_1gW411q771_part2_clip_023.mp4,0,2
2511,b_15b411V7pZ_clip_031.mp4,3,2
2515,b_15b411b7DL_clip_020.mp4,2,1
2534,b_1S7411P7yB_clip_001.mp4,3,2
2539,b_1as411n7YN_clip_010.mp4,0,2
2544,b_1Yk4y1R7hE_clip_013.mp4,2,1
2551,b_1wK41157Pp_clip_028.mp4,3,0
2561,b_1Yt411Y7VQ_clip_020.mp4,1,2
2562,b_1z741177kN_clip_003.mp4,2,1
2569,b_1GJ411L7iJ_clip_018.mp4,1,3
2580,b_1BJ411u7Sn_clip_023.mp4,3,2
2586,b_1y4411Z7Xb_clip_018.mp4,0,1
2593,b_1EJ411i7jU_clip_035.mp4,1,2
2601,b_1PJ41147iD_clip_026.mp4,1,3
2603,b_1LW411s7qq_clip_012.mp4,2,0
2605,b_1rf4y127sM_clip_001.mp4,3,1
2612,b_1z4411b7KS_clip_011.mp4,0,2
2614,b_1xQ4y1T7cR_clip_026.mp4,3,0
2636,b_1HT4y1g7E3_clip_022.mp4,2,1
2637,b_1ix411Q7BZ_part1_clip_011.mp4,0,1
2641,b_1nt411E76Z_clip_002.mp4,3,2
2651,b_1TJ411s7yy_clip_037.mp4,1,3
2654,b_1cJ411k7vv_clip_032.mp4,3,0
2655,b_1jT4y1G7K7_clip_046.mp4,0,1
2656,b_1XJ411G77m_clip_005.mp4,0,3
2657,b_1Bs411T7QD_clip_009.mp4,1,3
2659,y_23ZW80OBD9g_clip_13.mp4,2,3
2667,b_1XJ411G77m_clip_011.mp4,3,2
2674,y_dPbipg5_kqM_clip_13.mp4,2,1
2675,b_1yE411f7j5_clip_029.mp4,1,2
2686,b_1vt411E74g_clip_011.mp4,1,2
2700,b_1qK4y1t79B_clip_001.mp4,2,1
2701,b_1Fk4y1z7d6_clip_022.mp4,1,3
2707,b_1GW411p7LU_part2_clip_013.mp4,2,0
2715,b_12a4y1i7Nk_clip_015.mp4,0,1
2719,b_1Yx411x7yP_part1_clip_007.mp4,3,1
2732,b_1zJ411x7dw_clip_017.mp4,1,3
2735,b_1Ex411s7tN_clip_020.mp4,2,1
2741,b_1rk4y1k7F9_clip_014.mp4,0,2
2744,b_1RA411q7vt_clip_026.mp4,2,0
2750,b_1Gx411G7fz_part1_clip_006.mp4,0,1
2762,b_1ut4y117xD_clip_020.mp4,2,1
2765,b_1Ft411E7zW_clip_011.mp4,0,3
2772,b_1et411v7TQ_clip_034.mp4,2,0
2777,b_14t41177Xw_clip_006.mp4,3,1
2780,b_1sA411h7A2_clip_041.mp4,1,2
2781,b_13t411Z7s6_clip_018.mp4,3,1
2783,b_154411v7Jh_clip_008.mp4,1,2
2790,b_1rt411q7vk_clip_031.mp4,1,0
2799,b_1x4411c7p3_clip_005.mp4,2,0
2806,b_1ix41167dQ_part1_clip_006.mp4,1,2
2807,b_1Bk4y1R7MR_clip_003.mp4,0,1
2813,b_13W411S7hX_clip_021.mp4,1,0
2819,b_1wt411u7QM_clip_018.mp4,2,1
2829,b_1F7411Z74z_clip_026.mp4,1,2
2833,c_sunp1651_15.mp4,0,1
2835,b_1ix411Z7U6_clip_025.mp4,2,1
2842,b_1j54y1X7cr_clip_043.mp4,2,1
2845,y_eGJg0u9pD_s_clip_4.mp4,1,2
2848,b_12t411o7c5_clip_011.mp4,0,1
2872,b_1Gt411n7WT_clip_020.mp4,0,1
2873,y_63K82asaZMg_clip_6.mp4,1,3
2881,b_14K41177wQ_clip_017.mp4,1,3
2885,b_1vx41147zm_clip_006.mp4,3,2
2886,b_1yE41187A9_clip_009.mp4,2,1
2895,b_1a4411B7sb_clip_006.mp4,2,1
2896,b_1a7411L7PC_clip_014.mp4,3,2
2908,b_1PE411X762_clip_025.mp4,0,1
2909,b_11t411D7rC_clip_001.mp4,1,2
2910,c_movi7928_15.mp4,3,2
2928,b_1kt411A7HV_clip_019.mp4,0,3
2929,b_1j7411h7kb_clip_002.mp4,0,1
2931,b_1LA411t7mT_clip_007.mp4,2,1
2936,b_1B4411M7a6_clip_021.mp4,0,1
2940,b_12t411R75D_clip_038.mp4,3,1
2941,b_1Sp4y1C7DJ_clip_013.mp4,0,3
2946,y_gTUcziYS1lk_clip_26.mp4,3,2
2948,b_1DT4y137h7_clip_010.mp4,0,3
2949,b_1y441137Qm_clip_011.mp4,0,1
2957,b_1qK4y1t79B_clip_002.mp4,1,2
2961,b_1h7411v7mp_clip_048.mp4,2,1
2963,y_eSWXU3rZcK8_clip_6.mp4,0,2
2964,b_1J7411377C_clip_006.mp4,2,3
2971,b_1cW411D7TA_clip_007.mp4,1,2
2974,b_1iT4y1u721_clip_021.mp4,3,2
2975,b_1UZ4y1x7w2_clip_016.mp4,2,1
2979,b_1D7411n76Y_clip_017.mp4,1,3
2981,b_1hx411k7JU_clip_004.mp4,1,2
2983,b_1V441187rn_clip_018.mp4,1,3
2985,y_dPbipg5_kqM_clip_19.mp4,1,2
2989,b_12s411V71w_clip_001.mp4,2,0
2990,b_13t411F7iD_clip_018.mp4,2,1
2993,b_1Bf4y1U7Ft_clip_035.mp4,2,0
3002,y_IWX3CxTzGN4_clip_10.mp4,1,2
3005,b_1q7411W7jb_clip_035.mp4,3,2
3006,b_1xz4y197zH_clip_018.mp4,1,3
3012,b_1SE411Z7mT_clip_033.mp4,2,3
3026,b_1gT4y1V7xS_clip_017.mp4,3,1
3030,b_1Vs411c765_clip_010.mp4,3,2
3046,b_14E411D7YA_clip_027.mp4,1,3
3054,b_1Ht411X7Qn_clip_007.mp4,0,3
3063,b_1U7411u7uy_clip_032.mp4,0,2
3071,y_xjhHM0ilzZ8_clip_18.mp4,3,1
3101,c_sunp1691_15.mp4,1,2
3102,b_1bQ4y1A7FW_clip_012.mp4,3,2
3103,y_bixqbLMxIbs_clip_6.mp4,1,2
3110,b_1kJ411e7qf_clip_025.mp4,2,3
3131,b_1bW411G78k_clip_007.mp4,2,3
3136,b_1bt411z7Ps_clip_002.mp4,0,1
3137,b_1ds411H7Zq_clip_011.mp4,3,0
3138,b_12s411V71w_clip_013.mp4,1,3
3140,b_1A4411H7RU_clip_007.mp4,3,2
3144,b_13t411k7ib_clip_033.mp4,0,2
3145,y_cLIurgN2TWM_clip_11.mp4,1,3
3147,b_1C441157dQ_clip_010.mp4,2,0
3150,b_17x411D7y6_part1_clip_004.mp4,2,3
3160,b_144411U7gM_clip_020.mp4,3,2
3161,b_1rJ411j7mc_clip_027.mp4,0,2
3167,b_1Fk4y1z7d6_clip_022.mp4,0,2
3168,b_1Ez411q7MR_clip_014.mp4,3,1
3169,b_1YJ411x78w_clip_013.mp4,0,2
3173,b_1Rt411j7yx_clip_002.mp4,0,2
3174,b_1Ux411D7av_clip_011.mp4,3,2
3175,b_1yt411k7va_clip_005.mp4,2,1
3180,b_1Sx41197oS_clip_025.mp4,1,0
3183,b_1N441147kT_clip_011.mp4,1,2
3193,b_1xz4y197zH_clip_010.mp4,1,2
3194,b_1nt411E76Z_clip_001.mp4,1,2
3197,b_1Ws411F7MQ_clip_002.mp4,2,3
3210,b_1EE411d7hM_clip_014.mp4,1,0
3212,b_1iJ411t7VY_clip_018.mp4,0,3
3213,b_1fW411v79E_part2_clip_013.mp4,2,1
3214,b_114411z7Z1_clip_019.mp4,1,2
3227,b_12a4y1i7Nk_clip_042.mp4,0,1
3238,b_1Gk4y1r7HT_clip_015.mp4,0,1
3241,b_1MJ411y74s_clip_004.mp4,1,0
3245,b_1hE411p7Th_clip_027.mp4,3,1
3251,b_1KK41157yS_clip_008.mp4,2,1
3252,b_1JE41147LF_clip_062.mp4,2,1
3254,b_17x411D7y6_part1_clip_005.mp4,2,1
3255,c_sunp1668_1.mp4,2,1
3262,b_13t41157Kn_clip_012.mp4,0,2
3267,b_1SJ411S7Hb_clip_013.mp4,2,0
3270,b_1Yt411Y7VQ_clip_012.mp4,2,3
3273,b_1WE411F7LD_clip_029.mp4,0,2
3278,c_sunp1691_10.mp4,3,2
3282,b_19J411H7pW_clip_027.mp4,0,2
3287,b_1XJ411G77m_clip_011.mp4,0,2
3295,b_1cJ411X74E_clip_011.mp4,2,0
3297,b_1m7411P7Fe_clip_017.mp4,3,1
3303,b_1Gt411y7Xe_clip_004.mp4,3,2
3304,b_13t411Z7s6_clip_018.mp4,0,3
3307,b_1yE41187A9_clip_027.mp4,0,3
3311,b_1At4y1U7Xt_clip_010.mp4,1,3
3313,b_11E411n7y2_clip_043.mp4,0,1
3316,c_sunp1648_1.mp4,3,0
3328,c_sunp1671_4.mp4,1,0
3330,b_1nb411m7ro_clip_045.mp4,2,1
3334,b_1Qx411G7Qa_clip_012.mp4,3,1
3352,y_bCLiL-kCwho_clip_4.mp4,0,2
3356,b_1DE411i7bK_clip_008.mp4,3,1
3358,b_1F7411Z74z_clip_052.mp4,3,2
3359,b_1z741177kN_clip_063.mp4,2,1
3362,b_1St411F7zW_clip_008.mp4,2,1
3364,b_1PE411X762_clip_015.mp4,0,1
3377,y_f2e6E-RQOCI_clip_8.mp4,1,3
3399,y_tP19WuyY3IY_clip_22.mp4,0,1
3404,b_1j741157BM_clip_029.mp4,3,2
3415,y_r5LeXZiuplQ_clip_15.mp4,0,1
3416,b_1Lz411B7zd_clip_007.mp4,3,2
3419,b_1nW41187Ch_part1_clip_018.mp4,1,2
3420,b_1hE411p7Th_clip_086.mp4,2,1
3421,b_1UK411L7wa_clip_011.mp4,1,2
3435,b_1Ht41137f7_clip_018.mp4,0,1
3439,b_1CW411h7oK_part1_clip_010.mp4,3,0
3445,b_1UW41187q3_part1_clip_001.mp4,1,3
3453,c_movi7916_10.mp4,1,3
3464,b_1XW411h7eW_clip_004.mp4,2,1
3467,b_1KJ411T7Jo_clip_019.mp4,2,1
3473,b_1Yx411r7as_clip_012.mp4,0,2
3486,b_1nJ411W7Ar_clip_001.mp4,3,2
3488,b_1tJ411C7sF_clip_045.mp4,2,1
3491,b_1KK41157yS_clip_049.mp4,1,3
3507,b_1yt411k7va_clip_037.mp4,0,3
3520,b_1n4411K7Np_clip_030.mp4,0,2
3533,b_1YK4y1k7SF_clip_011.mp4,3,0
3539,b_1JW411b7Vn_part1_clip_003.mp4,1,3
3543,b_1z4411b7KS_clip_011.mp4,0,2
3548,c_movi7952_17.mp4,0,2
3549,b_1z741177kN_clip_083.mp4,3,1
3554,b_1YK4y1k7SF_clip_024.mp4,0,2
3555,b_1HT4y1g7E3_clip_008.mp4,0,2
3589,b_1F7411x7Xw_clip_009.mp4,0,2
3601,b_1j54y1X7cr_clip_042.mp4,0,2
3607,b_18a4y14785_clip_009.mp4,2,3
3611,b_157411V7Rt_clip_063.mp4,2,0
3639,b_16b411C7Y7_clip_021.mp4,1,2
3646,b_1yE411j7Vo_clip_009.mp4,1,2
3661,b_1764y1M7zr_clip_031.mp4,3,1
3666,b_1X7411m71Z_clip_020.mp4,3,1
3668,y_tjXukxZzsg8_clip_21.mp4,0,1
3670,b_1Ei4y1t7VC_clip_003.mp4,2,0
3678,y_D3e9OhvRSDo_clip_10.mp4,3,1
3694,b_1gt411G7gi_clip_039.mp4,2,0
3696,b_19t411q7rr_clip_012.mp4,0,2
3702,b_1SZ4y1p75f_clip_002.mp4,3,0
3704,b_1EJ411i7jU_clip_006.mp4,0,3
3715,b_1Ez411q7MR_clip_045.mp4,1,2
3717,b_1KK41157yS_clip_040.mp4,0,3
3726,b_1rt411q7vk_clip_035.mp4,3,2
3727,b_16Q4y1M7Gp_clip_017.mp4,0,3
3731,b_1DE411i7bK_clip_007.mp4,0,1
3734,b_1a7411L7PC_clip_015.mp4,2,1
3735,b_1RJ411T7Hh_clip_019.mp4,0,1
3739,c_movi7930_7.mp4,1,2
3740,b_1B4411d7Pv_clip_018.mp4,0,3
3741,b_1Tb411L7yU_clip_008.mp4,1,0
3746,b_12J41147hT_clip_046.mp4,1,2
3755,c_sunp1691_8.mp4,0,3
3757,c_movi7941_5.mp4,0,2
3770,b_1Nk4y1k7nk_clip_017.mp4,2,3
3773,b_16b411C7Y7_clip_006.mp4,0,2
3776,b_1U4411V7fj_clip_011.mp4,2,1
3778,b_1YC4y1s7kS_clip_029.mp4,3,1
3785,b_1G7411G7yS_clip_047.mp4,3,1
3805,b_1ya4y1e7Tn_clip_032.mp4,0,2
3810,b_1a7411L7PC_clip_018.mp4,1,3
3814,b_1uK411L7sS_clip_001.mp4,0,2
3819,b_1AW411H7j9_part2_clip_030.mp4,0,3
3825,b_1Gz411z7zB_clip_015.mp4,0,1
3830,b_1LW411v7Tv_part1_clip_009.mp4,1,2
3838,b_1Bt411n7Zk_clip_034.mp4,0,2
3839,b_1bt411q7fm_clip_044.mp4,2,3
3843,b_1Va4y147PH_clip_006.mp4,0,3
3849,b_1uE411s7Cf_clip_003.mp4,1,2
3866,b_1XJ411m7H5_clip_021.mp4,3,2
3868,b_16b411P7Uu_clip_043.mp4,1,2
3872,b_1a4411o7DJ_clip_034.mp4,0,2
3873,b_1H7411C7jf_clip_019.mp4,1,3
3882,b_1Qx411C7FR_part1_clip_004.mp4,0,1
3887,b_1wx411o7oW_clip_014.mp4,0,2
3896,b_1DE411i7bK_clip_001.mp4,3,0
3900,b_12a4y1i7Nk_clip_020.mp4,0,2
3905,b_1wx41117fG_clip_001.mp4,2,3
3909,b_1mt411e7s2_clip_002.mp4,1,3
3912,b_1nt411E76Z_clip_001.mp4,3,0
3916,b_18W411J75e_clip_022.mp4,3,2
3924,b_197411y7eX_clip_016.mp4,3,0
3930,b_1vs411w7a9_clip_012.mp4,0,2
3934,y_tP19WuyY3IY_clip_17.mp4,3,2
3936,b_1R7411u769_clip_024.mp4,3,2
3946,b_1nt411E76Z_clip_002.mp4,3,1
3947,b_1U4411V7fj_clip_007.mp4,0,2
3949,b_1MW411J7Br_clip_005.mp4,3,2
3951,b_1j741157BM_clip_045.mp4,2,0
3956,b_1dJ411F7W2_clip_020.mp4,2,3
3957,b_184411c7bt_clip_001.mp4,2,3
3964,b_1jJ41137F7_clip_029.mp4,1,0
3967,b_1b7411y7Kg_clip_002.mp4,3,1
3971,b_1J7411377C_clip_098.mp4,1,0
3983,b_14x411z7Qu_part2_clip_006.mp4,0,2
3986,b_147411W7AT_clip_034.mp4,0,1
3988,b_1QJ411M7wR_clip_031.mp4,0,1
3990,c_sunp1690_15.mp4,0,1
3994,c_sunp1672_15.mp4,3,2
4002,b_1ct411D77a_clip_001.mp4,0,1
4010,y_t86Q2WNsmCE_clip_10.mp4,1,0
4021,b_13t411Z7s6_clip_005.mp4,0,2
4022,b_1F4411d7Um_clip_006.mp4,2,1
4023,b_1Et411b7Jm_clip_053.mp4,0,1
4040,b_1zs411t7nk_part1_clip_003.mp4,1,3
4042,b_1bt411z7Ps_clip_024.mp4,1,2
4043,b_1QJ411M7wR_clip_004.mp4,0,2
4048,b_1Yt411T7w2_clip_026.mp4,1,0
4058,b_1PJ411B7eE_clip_030.mp4,3,2
4059,b_1Cb411b7BW_clip_032.mp4,3,2
4063,b_1SE411g7EW_clip_016.mp4,3,0
4068,b_1zs411t7AF_part2_clip_014.mp4,3,2
4070,y_rKFyUXXfLkY_clip_5.mp4,2,0
4072,b_1Yk4y1R7hE_clip_027.mp4,0,2
4102,b_17E41127dn_clip_019.mp4,0,1
4107,b_1j7411h7kb_clip_016.mp4,3,1
4110,b_1h4411P7pd_clip_015.mp4,0,2
4112,b_134411N7af_clip_016.mp4,3,1
4113,b_1B4411j7Wo_clip_007.mp4,2,1
4114,b_18W411i74f_part2_clip_008.mp4,3,0
4117,b_1bE411v7CP_clip_007.mp4,0,1
4118,b_1b4411q75A_clip_005.mp4,0,2
4119,b_1tT4y157Mo_clip_041.mp4,3,1
4133,b_1G7411G7yS_clip_057.mp4,1,2
4151,b_1XW411B7eY_part1_clip_006.mp4,2,3
4158,b_1Ai4y1t7Rj_clip_030.mp4,3,1
4191,b_1Qx411C7FR_part1_clip_002.mp4,1,2
4196,b_19E411P7RL_clip_015.mp4,3,1
4199,b_18a4y14785_clip_009.mp4,0,1
4205,b_1gE411L7oE_clip_024.mp4,3,1
4210,b_1gE411L7oE_clip_024.mp4,3,2
4222,b_1B4411j7Wo_clip_021.mp4,3,1
4236,b_12a4y1i7Nk_clip_037.mp4,2,1
4240,b_1wt411h72Q_clip_016.mp4,0,3
4248,b_1R64y1T7mj_clip_015.mp4,1,3
4250,b_19W411Y7k2_part1_clip_002.mp4,2,1
4251,b_1iJ411t7VY_clip_007.mp4,2,1
4261,b_11x411i7ms_part2_clip_006.mp4,0,1
4277,b_1d64y1M71U_clip_033.mp4,1,3
4281,b_1Tx411V7HU_part1_clip_006.mp4,3,2
4289,b_1zt411G7Sx_clip_007.mp4,0,3
4299,b_1bt411q7fm_clip_038.mp4,2,3
4306,b_1b4411R7AX_clip_056.mp4,1,2
4309,b_18t411w7Q8_clip_001.mp4,1,2
4310,b_1Yk4y1R7hE_clip_008.mp4,0,2
4312,b_1ux411r7SG_part1_clip_010.mp4,0,2
4319,b_1k4411T7Nf_clip_004.mp4,0,2
4324,b_1BJ411N7hE_clip_009.mp4,0,2
4325,c_sunp1715_2.mp4,2,3
4334,b_1N4411J7oN_clip_019.mp4,1,2
4336,b_1DE411P71Y_clip_042.mp4,0,1
4354,b_194411p7Ho_clip_002.mp4,0,2
4357,b_1YE411R7Rk_clip_002.mp4,3,1
4358,b_1hE411J77d_clip_002.mp4,0,2
4361,b_1At4y1U7Xt_clip_035.mp4,3,2
4364,y_NliNOzuoeeg_clip_29.mp4,2,3
4365,b_1hJ411R79J_clip_006.mp4,0,1
4372,b_1xa4y1t7dP_clip_017.mp4,3,0
4373,b_1Yi4y1s7Ex_clip_001.mp4,3,1
4379,b_1kQ4y1N7n3_clip_007.mp4,3,2
4381,b_1z741177kN_clip_086.mp4,2,1
4382,b_1Px411g7pT_part1_clip_004.mp4,2,1
4383,b_1wt411h72Q_clip_001.mp4,2,3
4385,y_0gdy9L5whEs_clip_24.mp4,1,2
4388,b_1Ht411X7Qn_clip_013.mp4,1,2
4399,y_iCmT5PXwy08_clip_1.mp4,0,3
4415,b_1Sp4y1C7DJ_clip_004.mp4,0,3
4421,b_1Z4411H7pb_clip_024.mp4,3,1
4424,c_movi7940_30.mp4,3,2
4427,c_sunp1691_9.mp4,0,2
4429,b_17W411B7wM_clip_007.mp4,0,1
4430,b_1LA411t7mT_clip_001.mp4,0,2
4439,b_16J411t7DB_clip_014.mp4,1,3
4440,b_154411H7Nb_clip_010.mp4,0,3
4445,b_134411N7af_clip_005.mp4,3,2
4448,b_1xQ4y1T7cR_clip_001.mp4,0,1
4460,y_YiY--vfbYa0_clip_17.mp4,3,0
4464,b_1at411y7Eo_clip_021.mp4,1,2
4477,y_yJ9T1NnlTY8_clip_2.mp4,1,2
4509,b_1jJ411V7xT_clip_001.mp4,3,1
4535,b_1j7411h7kb_clip_046.mp4,1,3
4538,y_jRsR22p2i2U_clip_5.mp4,3,2
4553,y_PT6KvPI6UNU_clip_5.mp4,3,1
4554,b_1TW411e7yg_part1_clip_002.mp4,2,3
4557,b_144411Q75M_clip_025.mp4,0,1
4567,b_1kx411f751_clip_035.mp4,2,1
4580,b_1bt41197FJ_clip_020.mp4,0,2
4587,b_1tT4y157Mo_clip_056.mp4,0,1
4592,b_1s7411J7yN_clip_106.mp4,2,1
4609,c_movi7916_27.mp4,3,2
4613,y_A4NxVXfqt64_clip_14.mp4,3,2
4614,b_15x41147fc_part1_clip_003.mp4,3,1
4629,b_1AW411d7h4_clip_006.mp4,2,0
4638,b_1wZ4y1j729_clip_018.mp4,0,1
4642,b_1Bf4y1U7Ft_clip_019.mp4,2,1
4644,b_18t41147ht_clip_005.mp4,3,2
4659,b_1VZ4y1j7C2_clip_042.mp4,0,2
4669,b_11x411i7ms_part1_clip_002.mp4,3,2
4670,b_1jT4y1G7K7_clip_032.mp4,1,2
4688,b_1c54y1R7Tb_clip_039.mp4,3,0
4697,b_15x411f7Tk_clip_030.mp4,3,2
4706,b_1DE411P71Y_clip_039.mp4,0,1
4722,b_1U4411V7fj_clip_004.mp4,3,0
4723,y_DUX_IhauRlI_clip_12.mp4,1,0
4724,b_1Vx411x7PP_part1_clip_002.mp4,2,1
4731,b_1B4411M7a6_clip_028.mp4,2,0
4739,b_19E411q721_clip_005.mp4,3,1
4748,c_movi7926_28.mp4,3,2
4758,b_18W411t7xG_clip_008.mp4,2,1
4768,b_197411y7eX_clip_011.mp4,0,1
4771,y_W6oBvuX5O98_clip_24.mp4,3,0
4772,b_1ut4y117xD_clip_036.mp4,0,1
4773,y_Gdm0JP8Egyc_clip_3.mp4,1,3
4774,b_1DT4y137h7_clip_017.mp4,2,3
4775,b_1bE411s7kk_clip_002.mp4,1,2
4776,c_movi7951_16.mp4,3,2
4777,b_1wJ411P7Hd_clip_034.mp4,1,3
4781,b_1xz4y197zH_clip_008.mp4,0,2
4784,b_1yE41187A9_clip_008.mp4,0,1
4785,b_17b411H7b9_clip_003.mp4,3,1
4789,b_1F7411Z74z_clip_066.mp4,3,1
4797,b_1BQ4y1M7Lx_clip_006.mp4,1,2
4810,b_1b4411B7zM_clip_015.mp4,2,0
4811,b_18441187uH_clip_006.mp4,0,1
4817,b_1Rt411n7CX_clip_001.mp4,1,2
4819,b_1ya4y1e7Tn_clip_045.mp4,2,1
4846,b_1z741177kN_clip_042.mp4,1,0
4859,b_1cJ41167TW_clip_005.mp4,3,2
4860,c_sunp1648_8.mp4,3,2
4877,b_1xz411z7b5_clip_046.mp4,1,2
4886,b_19A411t7dq_clip_017.mp4,0,2
4887,b_1n741157ss_clip_055.mp4,1,2
4896,y_dPbipg5_kqM_clip_7.mp4,1,2
4914,b_1Nk4y1k7nk_clip_035.mp4,0,1
4916,b_1z741177kN_clip_063.mp4,3,1
4918,b_1Xt411s7y5_clip_015.mp4,0,2
4921,b_18f4y1U73n_clip_030.mp4,0,1
4922,b_1hJ41127mG_clip_015.mp4,0,3
4932,b_1R7411u769_clip_070.mp4,3,1
4937,b_1wZ4y1j729_clip_012.mp4,1,0
4944,b_14s411r7Qj_clip_011.mp4,2,0
4946,b_184411c7bt_clip_004.mp4,3,1
4953,b_1y4411Z7Xb_clip_007.mp4,2,1
4959,b_1i7411f7Jc_clip_020.mp4,0,1
4976,c_movi7925_11.mp4,1,2
4982,b_1et411g7t5_clip_035.mp4,3,0
4998,b_11x411i7ms_part1_clip_001.mp4,2,0
5005,b_1m7411P7Fe_clip_006.mp4,2,1
5007,b_1j741157BM_clip_126.mp4,2,1
5008,b_1nJ411W7Ar_clip_001.mp4,2,1
5023,b_1z741177kN_clip_002.mp4,0,3
5025,b_1a4411o7DJ_clip_005.mp4,2,0
5038,b_1BQ4y1M7Lx_clip_002.mp4,1,2
5045,b_1a4411u7K4_clip_008.mp4,0,1
5062,b_1TW411Y7kk_clip_004.mp4,0,2
5068,y_1B4Znqb3gOo_clip_13.mp4,2,1
5069,b_1ix411Z7U6_clip_038.mp4,1,2
5072,b_1cx41167NE_part1_clip_007.mp4,3,1
5073,b_1Ht411X7Qn_clip_016.mp4,3,0
5079,b_1Wk4y167ox_clip_040.mp4,3,1
5096,y_ljEdPecAbwA_clip_12.mp4,3,0
5115,b_1wx411D7Na_part1_clip_018.mp4,0,1
5126,b_194411y72B_clip_032.mp4,3,2
5127,b_1fW411t7Hw_clip_022.mp4,2,0
5134,b_15x411d7uX_clip_006.mp4,0,1
5136,b_19J411z7or_clip_011.mp4,2,3
5148,c_movi7922_31.mp4,2,1
5153,b_12a4y1i7Nk_clip_007.mp4,3,0
5158,b_1yg4y187PF_clip_025.mp4,2,1
5159,b_1wx411D7Na_part1_clip_014.mp4,0,3
5162,b_1Ht411x7sF_clip_008.mp4,0,1
5174,b_157411V7Rt_clip_020.mp4,3,2
5177,y_HF3YvZB6NuM_clip_8.mp4,0,1
5183,b_14s411r7Qj_clip_015.mp4,2,1
5187,b_184411N734_clip_015.mp4,1,2
5190,b_1EJ41117Tu_clip_020.mp4,0,1
5193,b_1nE411Z7Tk_clip_001.mp4,2,1
5196,b_1KE411J715_clip_005.mp4,0,1
5198,y_lnPHcf_W7x4_clip_13.mp4,3,2
5213,b_1et411q7Pj_clip_044.mp4,3,2
5218,b_1bE411v7CP_clip_007.mp4,2,1
5228,b_1Nz411872c_clip_010.mp4,2,1
5231,b_13t411Z7s6_clip_018.mp4,1,3
5237,b_1YC4y1s7kS_clip_039.mp4,0,2
5241,b_1et411v7TQ_clip_003.mp4,0,2
5243,b_1xa4y1t7dP_clip_002.mp4,2,1
5257,b_1Qa4y1i7Rn_clip_016.mp4,2,1
5263,b_1J7411377C_clip_026.mp4,0,1
5266,b_1ix411Q7BZ_part1_clip_007.mp4,0,2
5272,b_11t411D7rC_clip_001.mp4,0,3
5277,b_1Q5411s7Lb_clip_031.mp4,0,3
5279,b_1R7411u769_clip_031.mp4,3,1
5284,b_1C441157dQ_clip_003.mp4,1,2
5289,b_1Yt411Y7VQ_clip_009.mp4,1,0
5292,c_movi7940_5.mp4,3,1
5299,b_1b4411R7AX_clip_023.mp4,3,2
5300,b_1rE411f7Rf_clip_048.mp4,1,0
5301,b_1R7411u769_clip_094.mp4,0,2
5304,b_1cx41167NE_part1_clip_010.mp4,3,0
5310,b_1CW411h7oK_part2_clip_012.mp4,1,3
5311,b_1UK411L7wa_clip_005.mp4,0,2
5313,b_1Ws411F7MQ_clip_001.mp4,2,1
5317,y_DUX_IhauRlI_clip_2.mp4,2,1
5327,b_1k7411m7Fp_clip_010.mp4,3,2
5331,b_17x411k7Vz_part1_clip_004.mp4,0,1
5342,y_qLstTC3D5dI_clip_14.mp4,2,3
5349,y_1B4Znqb3gOo_clip_13.mp4,0,1
5351,b_1Ez411b7Y5_clip_029.mp4,0,2
5352,b_16x411o7wR_clip_021.mp4,0,3
5365,b_1aZ4y1s7BV_clip_001.mp4,2,0
5373,b_1ys411G77L_clip_011.mp4,3,0
5375,b_1e4411a7Aw_clip_025.mp4,1,2
5389,b_1X7411i7Ph_clip_038.mp4,3,0
5390,b_1Ws411F7MQ_clip_012.mp4,1,2
5404,c_movi7924_27.mp4,2,3
5407,b_1BJ411u7Sn_clip_029.mp4,0,1
5409,b_1cx411f7u7_clip_009.mp4,2,1
5428,b_1L7411R73G_clip_033.mp4,0,1
5439,b_1bQ4y1A7FW_clip_027.mp4,2,1
5441,b_1b4411q75A_clip_023.mp4,3,1
5442,b_1c54y1R7Tb_clip_034.mp4,2,1
5443,b_1Dx41167Vx_part1_clip_001.mp4,0,3
5449,b_1fg4y1B7cA_clip_007.mp4,3,1
5452,b_1j54y1X7cr_clip_011.mp4,1,0
5456,b_1G7411G7yS_clip_008.mp4,2,1
5465,b_1b4411N78e_clip_039.mp4,3,2
5490,b_14E411D7YA_clip_037.mp4,0,2
5492,b_1n741157ss_clip_059.mp4,1,2
5494,b_15x411f7Tk_clip_020.mp4,3,1
5498,b_1Tx411z79U_part1_clip_008.mp4,0,2
5502,b_1KW411W7Kb_clip_009.mp4,3,1
5508,c_movi7930_12.mp4,1,0
5516,b_19t411q7rr_clip_030.mp4,3,1
5527,b_1ya4y1e7Tn_clip_025.mp4,3,0
5528,b_1UZ4y1x7w2_clip_005.mp4,3,1
5533,b_1s7411J7yN_clip_015.mp4,3,0
5536,b_1xz411z7b5_clip_043.mp4,0,1
5541,b_114411z7Z1_clip_006.mp4,2,1
5550,b_1YE411R7Rk_clip_010.mp4,2,3
5553,b_1Fk4y1z7d6_clip_022.mp4,0,2
5569,b_1X5411x75n_clip_023.mp4,2,1
5572,b_1SJ411S7Hb_clip_019.mp4,3,1
5583,y_ftNChGZqDBQ_clip_8.mp4,3,0
5586,b_1i7411f7Jc_clip_054.mp4,3,1
5588,b_12J41147hT_clip_002.mp4,3,0
5591,y_Gdm0JP8Egyc_clip_24.mp4,0,1
5598,b_1kk4y1d7Xu_clip_013.mp4,3,2
5601,y_UVtl1cSSC3M_clip_7.mp4,0,2
5610,b_1wx411D7Na_part1_clip_007.mp4,2,1
5613,b_1Yi4y1s7Ex_clip_025.mp4,0,1
5628,b_1et411v7TQ_clip_013.mp4,3,1
5630,y_rKFyUXXfLkY_clip_16.mp4,2,1
5646,b_1U7411u7uy_clip_036.mp4,3,2
5650,b_1i741177YW_clip_025.mp4,3,2
5656,b_1XW411h7eW_clip_004.mp4,0,1
5665,b_184411c7bt_clip_011.mp4,0,2
5668,b_11x411z7ee_part1_clip_008.mp4,0,1
5687,b_197411y7eX_clip_010.mp4,1,0
5702,b_1jJ411V7xT_clip_017.mp4,2,1
5704,b_1kk4y1d7Xu_clip_002.mp4,1,0
5707,b_19b41127Fv_clip_012.mp4,0,1
5709,b_1Yt411T7w2_clip_013.mp4,0,3
5712,y_BoaWexJjHa8_clip_14.mp4,0,1
5715,b_1Gg4y1a7Ef_clip_038.mp4,2,3
5717,b_1bJ411J78u_clip_042.mp4,1,2
5728,b_1hE411p7Th_clip_109.mp4,1,2
5730,b_157411V7Rt_clip_020.mp4,3,1
5752,b_1B4411j7Wo_clip_024.mp4,0,1
5784,b_1q64y1T7Qh_clip_021.mp4,3,2
5787,b_1Kz411b7vS_clip_016.mp4,2,3
5794,c_movi7951_2.mp4,1,0
5803,b_1i7411f7Jc_clip_044.mp4,1,2
5809,b_1z4411b7KS_clip_003.mp4,0,2
5821,b_1ZA411i7Li_clip_015.mp4,0,3
5826,b_1ds411H7Zq_clip_009.mp4,1,2
5828,b_12x411D72J_part1_clip_009.mp4,1,2
5835,b_1bt41197FJ_clip_016.mp4,3,2
5846,b_1Jt411q7Nh_clip_012.mp4,0,1
5850,y_grI4X4CiD8o_clip_26.mp4,0,3
5852,b_1Ws411F7MQ_clip_001.mp4,2,1
5858,b_1Cb411b7BW_clip_009.mp4,3,0
5859,b_19J411z7or_clip_014.mp4,2,3
5864,b_1jW411x7tS_part2_clip_004.mp4,0,2
5878,b_1KT4y157KK_clip_039.mp4,2,1
5879,b_1wx411D7Na_part1_clip_014.mp4,0,3
5897,b_1JE41147LF_clip_035.mp4,1,2
5899,b_17b411H7b9_clip_011.mp4,3,1
5912,b_1Ws411F7MQ_clip_029.mp4,0,3
5916,b_1XJ411m7H5_clip_009.mp4,1,0
5926,b_1dz4y1R7gY_clip_022.mp4,2,1
5927,b_16b411C7Y7_clip_022.mp4,0,1
5933,b_1kJ411B7Xc_clip_017.mp4,1,3
5936,b_1Ht411x7sF_clip_016.mp4,1,3
5937,y_CzrWKnJ95Q4_clip_5.mp4,1,2
5939,b_1At411V7X9_clip_016.mp4,2,3
5960,b_1at411y7Eo_clip_042.mp4,2,1
5967,b_1Nk4y1k7nk_clip_001.mp4,0,3
5974,b_1kJ411e7qf_clip_009.mp4,2,0
5983,j_2952.mp4,0,2
6000,b_1764y1M7zr_clip_032.mp4,1,0
6001,b_1U4411V7fj_clip_007.mp4,0,1
6002,b_1mt411p7xH_clip_019.mp4,3,1
6019,b_1QJ411M7wR_clip_011.mp4,1,0
6020,b_1mt411e7s2_clip_031.mp4,3,1
6021,b_14b411y79D_clip_015.mp4,3,2
6022,b_1Yk4y1R7hE_clip_011.mp4,0,2
6026,b_1n4411K7Np_clip_025.mp4,0,2
6034,b_1F4411e7qF_clip_027.mp4,0,2
6058,b_1bt411z7Ps_clip_030.mp4,2,0
6059,b_1H5411s7ho_clip_006.mp4,1,2
6064,b_1Et411s72c_clip_047.mp4,1,2
6072,b_1ya4y1e7Tn_clip_047.mp4,0,2
6085,b_1j441137me_clip_010.mp4,0,2
6093,b_1nJ411q7Nw_clip_019.mp4,2,1
6104,b_1PE411X762_clip_029.mp4,0,2
6109,b_1UK41157MY_clip_025.mp4,3,1
6114,b_1Xt411s7y5_clip_011.mp4,2,1
6135,b_1NJ411F7Y6_clip_012.mp4,1,3
6141,b_1z4411b7KS_clip_024.mp4,2,3
6149,c_sunp1651_5.mp4,2,1
6157,b_1N4411J7oN_clip_013.mp4,3,1
6188,y_0gdy9L5whEs_clip_24.mp4,1,2
6200,b_1a7411L7PC_clip_120.mp4,1,2
6211,b_1Gb411G7XZ_clip_012.mp4,0,1
6212,b_1d4411H7st_clip_019.mp4,1,3
6215,b_1kJ411e7qf_clip_022.mp4,3,2
6217,b_1jT4y1G7K7_clip_041.mp4,2,1
6218,b_1mx411B7Z1_part1_clip_003.mp4,0,2
6222,b_13t411K7i7_clip_015.mp4,3,0
6231,b_1zs411t7nk_part2_clip_007.mp4,1,3
6236,y_dPbipg5_kqM_clip_4.mp4,1,3
6246,y_Gdm0JP8Egyc_clip_24.mp4,3,1
6254,b_1gJ411U7nb_clip_002.mp4,0,1
6256,b_1aE411k771_clip_024.mp4,2,0
6268,b_1yV411d7fP_clip_013.mp4,2,0
6272,b_1NJ411q7pd_clip_025.mp4,0,2
6273,b_1F7411Z74z_clip_080.mp4,0,1
6278,c_movi7929_26.mp4,1,3
6282,b_16x411o7wR_clip_012.mp4,3,2
6290,b_194411y72B_clip_035.mp4,0,2
6294,c_movi7931_19.mp4,2,1
6296,b_1jW411H7pd_part1_clip_006.mp4,2,3
6307,b_1Jt411Y7H9_clip_029.mp4,0,1
6312,b_1764y1M7zr_clip_037.mp4,3,1
6313,b_1ix411Z7U6_clip_025.mp4,1,2
6316,b_15z411z7Rs_clip_012.mp4,0,1
6322,b_1cJ41167TW_clip_019.mp4,0,2
6326,b_1R7411u769_clip_039.mp4,2,1
6330,b_1k4411T7Nf_clip_025.mp4,1,2
6332,b_1Ws411F7MQ_clip_012.mp4,3,1
6337,b_1pa4y1v7d7_clip_008.mp4,0,1
6350,b_1Qx411G7Qa_clip_014.mp4,3,0
6362,b_1JW411b7Vn_part1_clip_009.mp4,3,0
6363,b_1JE41147LF_clip_062.mp4,1,0
6370,b_1HT4y1g7E3_clip_008.mp4,0,1
6371,b_1AJ411579g_clip_020.mp4,0,1
6373,b_1Tt411E7T8_clip_016.mp4,2,1
6377,b_1J7411377C_clip_114.mp4,3,1
6388,b_1Gt411p7rv_clip_019.mp4,0,2
6390,b_12J41147hT_clip_018.mp4,1,3
6399,b_1DK411W72b_clip_001.mp4,3,2
6409,b_1Q5411s7Lb_clip_020.mp4,1,2
6412,b_1d4411K7t9_clip_050.mp4,0,1
6413,b_14K41177wQ_clip_011.mp4,3,1
6422,y_AC2R889a-LI_clip_11.mp4,1,2
6425,b_1jJ411V7xT_clip_042.mp4,0,1
6444,b_1ut4y117xD_clip_041.mp4,1,0
6453,b_15Z4y1471U_clip_011.mp4,0,2
6459,b_1Ei4y1t7VC_clip_031.mp4,1,0
6465,b_11E41127kV_clip_021.mp4,2,1
6466,b_12s411V71w_clip_008.mp4,3,1
6467,y_lnPHcf_W7x4_clip_16.mp4,2,3
6468,b_1at411b7Yw_clip_045.mp4,1,2
6469,b_16J411t7DB_clip_021.mp4,0,1
6470,b_1yt411k7va_clip_036.mp4,1,3
6473,b_1Et411J7jq_clip_029.mp4,3,0
6474,b_15Z4y1471U_clip_011.mp4,2,1
6477,b_184411F7DJ_clip_008.mp4,0,1
6478,b_1JE41147LF_clip_062.mp4,3,2
6490,b_1m4411s7eQ_clip_031.mp4,1,2
6494,b_1iJ411t7VY_clip_018.mp4,2,1
6500,b_16x411o7wR_clip_020.mp4,2,1
6505,b_1RJ411T7Hh_clip_038.mp4,1,0
6510,b_1i741177YW_clip_044.mp4,0,1
6517,b_17x411D7y6_part1_clip_007.mp4,1,0
6543,b_1tE411b7WJ_clip_011.mp4,2,1
6549,b_1UW41117Hj_clip_022.mp4,3,2
6551,y_iX5wSGmT7aw_clip_32.mp4,3,1
6555,b_12x411D72J_part2_clip_003.mp4,0,1
6561,b_1jT4y1G7K7_clip_039.mp4,2,0
6564,b_11E411n7y2_clip_025.mp4,3,1
6580,b_1kt411C7cs_clip_004.mp4,2,1
6583,b_124411F77k_clip_023.mp4,2,3
6596,b_1JE41147LF_clip_063.mp4,0,1
6597,y_8n805p23z1I_clip_3.mp4,2,3
6606,b_1d7411a7sR_clip_029.mp4,3,0
6609,b_18x411D7vv_part1_clip_012.mp4,1,3
6636,b_1KK41157yS_clip_002.mp4,0,1
6641,b_1SZ4y1p75f_clip_021.mp4,0,2
6646,b_1mW411979K_clip_015.mp4,1,3
6648,b_1F7411Z74z_clip_072.mp4,2,0
6649,b_1DT4y137h7_clip_024.mp4,2,3
6652,y_ftNChGZqDBQ_clip_23.mp4,1,2
6663,c_movi7928_18.mp4,1,2
6665,y_GBAW2vhPk60_clip_3.mp4,1,0
6666,b_1aW411s7AU_part1_clip_007.mp4,0,1
6671,b_1h441147Vc_clip_009.mp4,1,0
6673,b_1CJ411b7ru_clip_025.mp4,0,2
6679,b_1p7411W74B_clip_025.mp4,2,3
6690,b_19t411B7A4_clip_009.mp4,0,3
6708,y_GBAW2vhPk60_clip_3.mp4,1,2
6711,b_1Q4411o76G_clip_045.mp4,3,2
6713,b_1bE411v7CP_clip_003.mp4,3,2
6718,b_1ys411G77L_clip_010.mp4,0,1
6734,b_1BJ411N7hE_clip_005.mp4,3,1
6742,b_194411y72B_clip_002.mp4,3,1
6751,b_1U7411u7uy_clip_045.mp4,3,1
6753,b_1bt411z7Ps_clip_002.mp4,2,1
6758,b_1bW411B7qV_part1_clip_002.mp4,1,3
6759,b_15x411f7Tk_clip_018.mp4,3,1
6762,b_1n441187Ew_clip_004.mp4,3,0
6774,b_1ft411t7zd_clip_001.mp4,3,1
6776,b_134411N7af_clip_014.mp4,3,0
6779,b_1ys411G77L_clip_008.mp4,3,1
6784,b_1cJ411k7vv_clip_010.mp4,0,1
6789,b_16b411C7Y7_clip_016.mp4,2,1
6794,y_t86Q2WNsmCE_clip_1.mp4,2,1
6803,b_1Wk4y167ox_clip_026.mp4,1,2
6822,b_1F4411e7qF_clip_032.mp4,0,1
6826,b_1KJ411T7Jo_clip_010.mp4,3,0
6832,b_1F5411t7i4_clip_023.mp4,1,0
6854,b_1UZ4y1x7w2_clip_006.mp4,0,3
6884,b_1P4411B7oe_clip_031.mp4,3,2
6885,b_1xt411L72b_clip_009.mp4,0,1
6886,b_1a7411L7PC_clip_065.mp4,3,1
6887,b_12a4y1i7Nk_clip_023.mp4,1,2
6896,b_19E411P7RL_clip_016.mp4,1,2
6898,b_1Gt411p7rv_clip_024.mp4,0,3
6900,c_sunp1671_3.mp4,3,2
6911,b_1X7411p7ZA_clip_044.mp4,0,2
6914,b_1hx411o7vo_clip_025.mp4,3,0
6924,b_1J7411377C_clip_090.mp4,2,1
6925,y_LZe6ujj48bo_clip_10.mp4,2,1
6932,b_1hJ411R79J_clip_021.mp4,1,2
6934,y_Qo_y-6rCrJk_clip_2.mp4,0,2
6937,b_1nt411E76Z_clip_020.mp4,3,1
6940,b_14s411r7Qj_clip_007.mp4,1,3
6948,b_1Yi4y1s7Ex_clip_027.mp4,0,2
6950,b_1DK411W72b_clip_040.mp4,3,2
6959,c_sunp1693_16.mp4,3,2
6961,b_1Va4y147PH_clip_020.mp4,0,1
6975,y_NliNOzuoeeg_clip_18.mp4,0,1
6979,b_1jW411H7pd_part2_clip_018.mp4,2,3
6988,y_V55gacAEnfI_clip_18.mp4,0,1
7003,b_1sA411h7A2_clip_022.mp4,1,2
7004,b_1YJ411x78w_clip_013.mp4,2,3
7016,b_1KW411W7Kb_clip_010.mp4,3,2
7026,b_1Gt411y7Xe_clip_023.mp4,3,2
7032,b_1Sx41197oS_clip_010.mp4,3,2
7045,b_1Ht411X7Qn_clip_019.mp4,0,1
7047,b_1B4411d7Pv_clip_016.mp4,0,2
7049,b_15J411n7bA_clip_011.mp4,1,2
7054,b_1hE411p7Th_clip_089.mp4,3,1
7055,b_1Bs411T7QD_clip_009.mp4,3,2
7059,b_1gt411G7gi_clip_023.mp4,1,2
7068,b_16W411i7GR_part2_clip_002.mp4,2,3
7070,y_4nhnMZLDfe0_clip_14.mp4,0,1
7072,b_1at411b7Yw_clip_074.mp4,0,1
7082,b_1RJ411y7df_clip_001.mp4,1,3
7088,b_134411x7kc_clip_014.mp4,2,1
7095,b_19E411b7hY_clip_013.mp4,2,1
7103,b_1wT4y1V7iy_clip_032.mp4,2,0
7107,b_1rt411q7vk_clip_018.mp4,2,1
7131,b_1H5411s7ho_clip_004.mp4,1,2
7132,b_1764y1M7zr_clip_037.mp4,2,1
7133,b_1j54y1X7cr_clip_012.mp4,0,1
7158,c_movi7926_33.mp4,2,0
7166,b_1gJ411U7nb_clip_017.mp4,3,0
7171,b_1Yt411Y7VQ_clip_012.mp4,1,2
7179,b_1LA411t7mT_clip_005.mp4,3,2
7182,b_12x411D72J_part2_clip_002.mp4,0,3
7188,b_1wK41157Pp_clip_009.mp4,0,2
7203,b_1d4411P7ss_clip_014.mp4,3,2
7208,b_1n741157ss_clip_079.mp4,1,2
7220,b_1X7411m71Z_clip_010.mp4,3,1
7226,b_14b411y79D_clip_004.mp4,1,2
7227,b_1b4411e7cX_clip_009.mp4,0,2
7228,b_157411V7Rt_clip_055.mp4,0,3
7239,b_1xV411f74o_clip_009.mp4,0,1
7247,b_1hW411e7WB_clip_006.mp4,0,3
7252,c_sunp1714_1.mp4,1,2
7257,c_sunp1650_7.mp4,2,1
7258,b_1Gx411D7q3_clip_009.mp4,3,2
7263,b_1TK411j7u2_clip_013.mp4,2,1
7271,b_1GJ411L7iJ_clip_026.mp4,0,2
7272,b_1GW411p7LU_part2_clip_017.mp4,3,2
7273,y_GBAW2vhPk60_clip_12.mp4,3,2
7279,b_1QJ411M7wR_clip_003.mp4,0,2
7280,b_1KJ411T7Jo_clip_019.mp4,0,2
7284,b_1PA411h72w_clip_033.mp4,3,1
7285,b_1rE411A7HG_clip_033.mp4,1,0
7298,b_1VZ4y1j7C2_clip_012.mp4,3,1
7299,b_1rE411A7HG_clip_033.mp4,3,2
7304,b_1yV411d7fP_clip_010.mp4,2,1
7305,y_Gdm0JP8Egyc_clip_10.mp4,3,0
7308,b_1bQ4y1A7FW_clip_023.mp4,0,2
7310,b_1p7411W74B_clip_046.mp4,0,1
7325,b_1Tx411z79U_part1_clip_001.mp4,3,2
7333,b_1YE411R7Rk_clip_002.mp4,3,2
7335,b_1Mb411J77z_clip_016.mp4,3,0
7339,b_1tt41157jk_clip_025.mp4,3,1
7343,b_1bt41197FJ_clip_025.mp4,0,1
7344,b_1Ft411E7zW_clip_014.mp4,3,1
7358,b_1PJ411v7n1_clip_011.mp4,2,1
7361,b_1DT4y137h7_clip_010.mp4,3,1
7364,b_1At411i75B_clip_010.mp4,2,1
7367,b_1Gt411p7rv_clip_024.mp4,2,1
7368,j_3677.mp4,3,2
7375,b_1jT4y1G7K7_clip_039.mp4,0,2
7376,b_1EJ411a7o8_clip_036.mp4,0,2
7386,b_1wt411M7K4_clip_029.mp4,0,1
7389,b_1Jt411v7ZN_clip_012.mp4,0,1
7398,b_1X4411r71e_clip_024.mp4,0,1
7403,b_1TW411e7yg_part1_clip_011.mp4,3,1
7407,y_8GfCC_k_SOs_clip_4.mp4,1,0
7418,b_1bW411B7qV_part1_clip_010.mp4,2,1
7423,b_11t411D7rC_clip_001.mp4,0,1
7450,b_1Z64y1u7vw_clip_014.mp4,1,3
7454,b_1Tb411L7yU_clip_012.mp4,1,3
7455,b_1LW411s7qq_clip_012.mp4,3,1
7461,b_194411u7wN_clip_018.mp4,3,1
7467,b_1Gk4y1r7HT_clip_001.mp4,1,0
7471,b_1Ez411b7Y5_clip_029.mp4,0,1
7480,b_1uE411s7Cf_clip_059.mp4,3,2
7486,y_rKFyUXXfLkY_clip_6.mp4,3,2
7493,b_1WJ411e72Y_clip_026.mp4,2,3
7500,b_1Gt411p7rv_clip_027.mp4,1,2
7517,b_1d4411K7t9_clip_040.mp4,1,2
7519,b_19W411Y7k2_part1_clip_010.mp4,0,1
7524,b_1S7411P7yB_clip_040.mp4,2,1
7533,b_1U4411V7fj_clip_009.mp4,1,3
7539,c_movi7924_21.mp4,2,1
7542,b_194411y72B_clip_002.mp4,0,2
7543,b_1R7411p7qA_clip_010.mp4,3,2
7546,b_1kx411f751_clip_035.mp4,1,0
7548,b_1JE41147LF_clip_021.mp4,1,2
7551,b_1RE411n7zq_clip_001.mp4,0,1
7564,b_14t41137kU_clip_006.mp4,3,1
7577,b_1ek4y19747_clip_012.mp4,0,1
7628,b_1i741177YW_clip_015.mp4,3,1
7629,b_1kx411f751_clip_012.mp4,0,1
7641,b_1fx41167CQ_part2_clip_002.mp4,0,1
7649,b_13k4y167fM_clip_017.mp4,1,3
7652,b_1WE411j7JR_clip_002.mp4,0,1
7656,b_1hE411K7bz_clip_007.mp4,3,1
7660,b_1Ex411s7tN_clip_020.mp4,2,1
7661,b_1Bb411A74A_clip_002.mp4,0,2
7669,b_16b411C7Y7_clip_031.mp4,1,3
7673,y_63K82asaZMg_clip_9.mp4,2,3
7676,b_1XJ411G77m_clip_015.mp4,2,1
7687,b_1sx41167tG_part2_clip_008.mp4,1,0
7689,b_194411u7wN_clip_001.mp4,0,2
7694,b_12a4y1i7Nk_clip_032.mp4,3,2
7697,b_1E4411k7A6_clip_033.mp4,2,3
7703,b_1a7411L7PC_clip_108.mp4,2,0
7715,b_1v441117X7_clip_018.mp4,2,3
7722,b_1Ht41137f7_clip_010.mp4,0,2
7734,b_1s7411J7yN_clip_106.mp4,3,2
7741,b_1a7411L7PC_clip_108.mp4,3,1
7742,b_1dE411d7D7_clip_012.mp4,3,1
7747,b_1Qt411K7JU_clip_015.mp4,1,2
7776,b_1aE411k771_clip_013.mp4,1,2
7786,b_1Fk4y1z7d6_clip_036.mp4,0,1
7795,b_1ek4y19747_clip_042.mp4,3,2
7809,b_1ox411B7yE_part2_clip_004.mp4,1,2
7815,b_1Ax411q7kH_part2_clip_001.mp4,2,1
7827,y_V55gacAEnfI_clip_10.mp4,0,2
7833,b_1J7411377C_clip_028.mp4,1,3
7835,b_1PZ4y1477R_clip_035.mp4,0,1
7847,j_2954.mp4,0,3
7855,b_1bt411q7fm_clip_007.mp4,2,3
7872,b_1n741157ss_clip_058.mp4,2,3
7884,b_1dE411d7D7_clip_025.mp4,0,2
7887,b_1ZA411i7Li_clip_022.mp4,0,2
7888,b_13t411g7Z3_clip_009.mp4,0,1
7900,b_1YE411R7Rk_clip_002.mp4,0,2
7903,b_1Nz411872c_clip_010.mp4,1,2
7913,b_1mt411p7xH_clip_003.mp4,0,2
7916,y_Rp4IpAoz5kA_clip_9.mp4,3,0
7924,b_1CW411h7oK_part1_clip_005.mp4,0,3
7930,b_1Wk4y167ox_clip_010.mp4,1,2
7937,b_16A411b7pN_clip_022.mp4,2,1
7949,b_187411V7WG_clip_070.mp4,0,1
7964,b_1R7411u769_clip_079.mp4,0,1
7974,b_1d64y1M71U_clip_001.mp4,3,0
7988,b_1RJ411T7Hh_clip_032.mp4,1,0
7989,b_187411V7WG_clip_050.mp4,2,3
7993,b_1LW411v7Tv_part1_clip_015.mp4,3,2
8007,b_1z4411b7KS_clip_008.mp4,2,0
8012,b_11E41127kV_clip_015.mp4,2,1
8017,b_1z741177kN_clip_120.mp4,0,3
8020,b_1Jt411Y7H9_clip_029.mp4,3,0
8030,b_1xz411z7b5_clip_026.mp4,0,3
8033,b_1DE411P71Y_clip_033.mp4,0,1
8058,b_1B4411j7Wo_clip_040.mp4,0,3
8062,b_11E41127kV_clip_020.mp4,3,1
8079,b_1ut4y117xD_clip_037.mp4,0,1
8083,b_1f4411S7Ty_clip_028.mp4,0,3
8110,b_1MK411j7XB_clip_030.mp4,3,2
8116,b_1Rt411n7CX_clip_007.mp4,0,3
8122,b_1Rt411j7yx_clip_002.mp4,2,1
8124,b_1gt411f7vA_clip_012.mp4,3,1
8134,b_1wt411M7K4_clip_029.mp4,0,1
8137,b_1rE411A7HG_clip_012.mp4,3,2
8138,b_1rt411q7vk_clip_003.mp4,0,1
8142,b_16Q4y1M7Gp_clip_022.mp4,3,0
8147,b_16t411r7Go_clip_026.mp4,1,0
8164,y_0gdy9L5whEs_clip_19.mp4,1,2
8182,b_1gE411L7oE_clip_010.mp4,3,1
8185,b_1M4411P73G_clip_028.mp4,2,0
8196,b_1v4411g7cH_clip_026.mp4,2,0
8204,b_144411Q75M_clip_018.mp4,0,1
8205,b_1at411y7Eo_clip_007.mp4,0,3
8210,b_1xt411L72b_clip_005.mp4,3,0
8225,b_1rJ411K7pL_clip_017.mp4,1,2
8231,b_1j741157BM_clip_107.mp4,0,1
8240,b_18f4y1U73n_clip_044.mp4,2,0
8243,b_1JE41147LF_clip_094.mp4,0,3
8247,b_1XW411h7eW_clip_006.mp4,3,2
8248,b_1BJ411u7Sn_clip_016.mp4,3,1
8252,b_1Vx411x7PP_part1_clip_013.mp4,1,0
8260,b_1RJ411C7yS_clip_040.mp4,3,0
8282,b_1Px411B7ZM_part1_clip_016.mp4,1,2
8285,b_19441187Lt_clip_001.mp4,3,2
8288,b_1Vs41157A6_part1_clip_003.mp4,3,0
8295,b_1kt411C7cs_clip_009.mp4,1,0
8296,b_19J411H7pW_clip_002.mp4,1,3
8297,b_1i441117ec_clip_028.mp4,2,3
8299,b_1Gk4y1r7HT_clip_003.mp4,1,3
8300,j_3709.mp4,3,0
8311,b_1y441137Qm_clip_011.mp4,3,1
8312,b_1A4411H7RU_clip_011.mp4,0,1
8315,b_1DT4y137h7_clip_024.mp4,3,1
8319,b_1VZ4y1j7C2_clip_034.mp4,3,2
8329,b_19J411z7or_clip_011.mp4,0,2
8330,b_1h7411v7mp_clip_038.mp4,0,1
8339,y_TRpDI-LdkDI_clip_25.mp4,0,1
8348,b_19E411b7WH_clip_042.mp4,3,1
8353,b_18f4y1U73n_clip_004.mp4,3,2
8358,b_13k4y167fM_clip_002.mp4,1,3
8360,j_3286.mp4,2,1
8364,b_1v4411g7cH_clip_018.mp4,0,1
8369,b_1gt411G7gi_clip_027.mp4,0,1
8379,y_1iK4mwXxgOc_clip_6.mp4,0,2
8392,b_1bt411z7Ps_clip_001.mp4,2,1
8404,b_1At411g7Sm_clip_008.mp4,2,3
8406,b_1EJ41117Tu_clip_022.mp4,1,2
8408,y_4YwRDwe5Bd8_clip_8.mp4,1,0
8416,b_14E411C7j1_clip_026.mp4,1,2
8420,b_1jJ411V7xT_clip_005.mp4,1,2
8445,b_1RE411H7di_clip_020.mp4,3,1
8446,c_sunp1651_6.mp4,0,1
8459,b_184411c7bt_clip_007.mp4,1,2
8463,b_1c54y1R7Tb_clip_016.mp4,3,2
8466,b_1kk4y1d7Xu_clip_020.mp4,0,3
8469,b_1yJ411k7Yo_clip_023.mp4,0,2
8472,b_1bE411v7CP_clip_003.mp4,1,0
8483,b_144411Q75M_clip_003.mp4,3,1
8514,b_1MJ411A7ND_clip_026.mp4,0,1
8523,b_1PC4y1p7sq_clip_008.mp4,3,2
8525,b_1YK4y1k7SF_clip_035.mp4,0,3
8535,b_1Da4y1e7jc_clip_021.mp4,0,1
8550,b_187411V7WG_clip_033.mp4,0,1
8552,b_1MK411j7XB_clip_032.mp4,3,2
8558,b_1j7411h7kb_clip_044.mp4,2,1
8559,b_1Fk4y1z7d6_clip_015.mp4,1,2
8597,b_1PE411X762_clip_019.mp4,1,3
8599,b_1Q5411s7Lb_clip_045.mp4,3,2
8609,b_18W411t7xG_clip_008.mp4,0,1
8615,b_1J7411377C_clip_137.mp4,2,0
8659,c_sunp1715_15.mp4,0,1
8663,b_16b411C7Y7_clip_016.mp4,2,1
8671,b_1a7411L7PC_clip_137.mp4,1,0
8675,y_Qo_y-6rCrJk_clip_4.mp4,1,3
8700,b_1gJ411U7nb_clip_002.mp4,0,1
8706,b_1et411q7Pj_clip_044.mp4,0,2
8729,b_1X7411i7Ph_clip_053.mp4,3,1
8733,b_1NJ411q7pd_clip_006.mp4,1,2
8736,c_movi7924_16.mp4,3,1
8738,b_18J411H7we_clip_036.mp4,3,1
8744,b_1iJ411t7VY_clip_005.mp4,2,0
8753,b_1s7411J7yN_clip_105.mp4,3,1
8754,c_movi7931_28.mp4,1,0
8763,b_1RJ411T7Hh_clip_010.mp4,1,2
8777,b_1vt411E74g_clip_011.mp4,2,0
8780,b_13t411F7iD_clip_029.mp4,3,2
8789,b_12a4y1i7Nk_clip_009.mp4,2,1
8791,b_1764y1M7zr_clip_001.mp4,3,0
8804,b_1f4411p7oB_clip_033.mp4,2,1
8806,b_1ix411R7tt_clip_040.mp4,2,1
8810,b_1Ft411E7zW_clip_014.mp4,2,1
8811,b_1NE411w7WB_clip_052.mp4,0,1
8812,b_1kk4y1d7Xu_clip_003.mp4,0,2
8813,b_1wT4y1V7iy_clip_030.mp4,1,3
8821,b_1Cb411b7BW_clip_047.mp4,1,3
8836,b_1X7411p7ZA_clip_026.mp4,1,3
8837,b_1Bs411T7QD_clip_004.mp4,1,0
8840,y_0hhLZtjyZhA_clip_6.mp4,0,2
8850,b_1St411F7zW_clip_018.mp4,3,1
8858,b_1hE411K7bz_clip_010.mp4,3,2
8867,b_1iJ411t7VY_clip_003.mp4,1,0
8877,b_1cx411f7Pw_clip_043.mp4,3,1
8879,b_1k4411T7Nf_clip_027.mp4,3,0
8884,b_1ix411Q7BZ_part1_clip_004.mp4,0,3
8893,y_twUbbA9OElY_clip_5.mp4,2,1
8906,y_TKIL_9wuF1Q_clip_17.mp4,3,2
8908,b_1f4411p7oB_clip_033.mp4,2,3
8909,b_16W411t7ht_part1_clip_004.mp4,1,3
8914,b_14E411C7j1_clip_043.mp4,1,2
8919,b_1DT4y137h7_clip_010.mp4,3,1
8925,y_ljEdPecAbwA_clip_12.mp4,0,3
8936,b_14b411y79D_clip_001.mp4,2,1
8938,b_1n4411C72C_clip_013.mp4,3,1
8940,b_1DT4y137h7_clip_054.mp4,1,3
8943,b_1TK411j7u2_clip_013.mp4,2,1
8948,b_1d4411K7t9_clip_026.mp4,3,1
8964,b_1Px411Q7hu_part2_clip_004.mp4,0,1
9000,b_1TK411j7u2_clip_010.mp4,0,3
9005,b_1jW411H7pd_part2_clip_007.mp4,3,0
9016,b_13t411Z7s6_clip_017.mp4,1,2
9017,b_1MJ411y74s_clip_009.mp4,0,3
9028,b_1S54y1R7o3_clip_001.mp4,0,1
9029,b_11x411S7GS_part1_clip_015.mp4,1,3
9033,b_1zJ411x7dw_clip_036.mp4,2,1
9035,b_1MJ411y74s_clip_006.mp4,1,3
9036,b_1B4411r7M7_clip_002.mp4,3,0
9039,b_1NJ411q7pd_clip_017.mp4,0,1
9043,b_1k7411y72r_clip_052.mp4,1,2
9048,b_157411V7Rt_clip_057.mp4,3,0
9055,b_12x411D72J_part1_clip_009.mp4,1,2
9059,b_13k4y167fM_clip_004.mp4,2,0
9065,y_4YwRDwe5Bd8_clip_7.mp4,0,1
9077,b_1Px411g7pT_part1_clip_007.mp4,1,3
9082,b_1D4411n7J6_clip_030.mp4,1,0
9094,b_1BC4y147Da_clip_034.mp4,3,2
9099,b_127411s7T7_clip_009.mp4,3,2
9101,b_1GT4y157PR_clip_030.mp4,1,2
9103,y_RHKFbr4wRTY_clip_1.mp4,2,1
9106,b_1Mx411Z7ve_clip_002.mp4,2,0
9108,b_1Nt41127AL_clip_012.mp4,1,2
9112,j_3611.mp4,3,2
9115,b_1B4411j7Wo_clip_006.mp4,0,2
9116,b_1Gk4y1r7HT_clip_001.mp4,1,2
9122,b_194411p7Ho_clip_022.mp4,2,1
9126,b_1XJ411m7H5_clip_005.mp4,0,1
9144,b_13s411V72j_part2_clip_006.mp4,1,2
9158,b_1DT4y137h7_clip_023.mp4,2,1
9160,b_1aW411s7AU_part1_clip_021.mp4,1,2
9178,y_HF3YvZB6NuM_clip_10.mp4,3,2
9185,b_1Us411c7xo_clip_001.mp4,3,1
9186,y_xjhHM0ilzZ8_clip_14.mp4,3,2
9194,b_1RJ411T7Hh_clip_010.mp4,2,1
9196,b_1EW411v73M_part2_clip_022.mp4,1,2
9202,b_1hE411p7Th_clip_010.mp4,2,1
9210,b_17W411B7wM_clip_023.mp4,2,3
9214,b_1Ht41137f7_clip_008.mp4,0,1
9223,b_1at411b7Yw_clip_074.mp4,0,2
9224,b_114411z7Z1_clip_026.mp4,0,1
9226,b_1B4411d7Pv_clip_013.mp4,1,2
9234,b_16t411r7Go_clip_024.mp4,1,3
9244,b_1aZ4y1s7BV_clip_010.mp4,3,2
9254,b_1a4411o7DJ_clip_027.mp4,2,1
9262,b_1wJ411P7Hd_clip_034.mp4,0,3
9265,b_1KK41157yS_clip_008.mp4,0,1
9273,b_1Us411c7xo_clip_002.mp4,2,1
9285,b_1cW411D7TA_clip_010.mp4,3,2
9288,b_1YC4y1s7kS_clip_014.mp4,3,1
9290,b_1bJ411x7an_clip_041.mp4,0,3
9294,b_1gJ411U7nb_clip_006.mp4,1,2
9299,b_1NQ4y1N7N3_clip_012.mp4,2,1
9325,b_1wt411M7K4_clip_031.mp4,0,2
9328,b_17x411X7hm_clip_023.mp4,3,1
9332,b_18f4y1U73n_clip_023.mp4,1,3
9337,b_1f7411R7ab_clip_004.mp4,2,0
9339,b_16W411i7GR_part1_clip_011.mp4,3,1
9344,b_18W411i74f_part1_clip_008.mp4,0,1
9368,c_sunp1712_13.mp4,2,1
9373,b_1Jv41167zm_clip_005.mp4,0,1
9378,b_184411c7bt_clip_003.mp4,3,1
9388,b_1a4411B7sb_clip_005.mp4,3,0
9409,b_1yE411j7KU_clip_077.mp4,1,0
9412,b_187411V7WG_clip_102.mp4,0,3
9425,y_GG3DUj4RTI4_clip_2.mp4,0,1
9426,b_13s411V72j_part2_clip_002.mp4,0,1
9434,b_1F7411x7Xw_clip_041.mp4,3,2
9443,b_1iT4y1u721_clip_001.mp4,1,0
9446,b_17b411H7b9_clip_009.mp4,1,2
9459,b_1ds411H7Zq_clip_014.mp4,2,1
9474,y_grI4X4CiD8o_clip_20.mp4,3,2
9476,b_1b4411B7zM_clip_015.mp4,3,1
9483,y_xjhHM0ilzZ8_clip_3.mp4,0,1
9486,b_1Yi4y1s7Ex_clip_050.mp4,2,1
9490,b_1Ei4y1t7VC_clip_024.mp4,0,1
9513,b_1fW411J79x_part1_clip_001.mp4,3,1
9514,b_1d64y1M71U_clip_015.mp4,3,2
9516,b_1hW411e7WB_clip_009.mp4,0,2
9524,b_1rf4y127sM_clip_027.mp4,0,1
9536,b_1DE411i7bK_clip_001.mp4,3,2
9561,b_1RE411H7di_clip_006.mp4,1,0
9566,b_1Xt411s7y5_clip_012.mp4,0,2
9568,b_1gJ411U7nb_clip_009.mp4,2,3
9587,b_1rf4y127sM_clip_024.mp4,0,3
9617,b_1Gk4y1r7HT_clip_002.mp4,0,1
9622,b_1Gx411i7XG_part1_clip_001.mp4,1,2
9627,b_1a7411L7PC_clip_019.mp4,1,3
9640,b_1Lz411B7zd_clip_002.mp4,3,2
9651,b_1AW411d7h4_clip_002.mp4,1,0
9654,b_13t41157Kn_clip_021.mp4,0,1
9658,c_movi7924_19.mp4,1,0
9665,b_1yE41187A9_clip_018.mp4,2,1
9667,b_1Gg4y1a7Ef_clip_036.mp4,3,2
9675,b_12s411V71w_clip_006.mp4,1,3
9688,b_1z4411b7KS_clip_034.mp4,3,2
9691,b_1X7411p7ZA_clip_044.mp4,2,3
9713,b_1U7411u7uy_clip_023.mp4,1,0
9722,b_1Mt411P7iF_clip_040.mp4,3,0
9724,b_1F4411d7Um_clip_009.mp4,0,2
9732,b_12s411V71w_clip_003.mp4,1,2
9735,b_1uK411L7sS_clip_001.mp4,0,1
9738,b_1B4411d7Pv_clip_028.mp4,0,1
9751,b_1bt411q7fm_clip_020.mp4,2,3
9766,b_1ut4y117xD_clip_029.mp4,0,2
9768,y_grI4X4CiD8o_clip_10.mp4,2,1
9769,b_1GW411q7Wi_clip_009.mp4,3,0
9774,b_1kJ411B7Xc_clip_015.mp4,1,3
9783,b_1bt411Q7qe_clip_011.mp4,3,1
9789,b_1X4411r71e_clip_017.mp4,0,2
9794,b_15b411b7DL_clip_015.mp4,1,2
9805,y_lnPHcf_W7x4_clip_2.mp4,1,2
9808,b_194411Z7Nh_clip_029.mp4,0,1
9813,b_1PJ41147iD_clip_026.mp4,2,1
9814,b_1CJ411b7ru_clip_037.mp4,1,2
9823,y_23ZW80OBD9g_clip_13.mp4,3,0
9828,b_1Kt411c7wF_clip_013.mp4,2,1
9830,b_1n4411C72C_clip_013.mp4,0,2
9842,b_1H441117w9_clip_029.mp4,0,3
9848,b_1d4411K7t9_clip_045.mp4,3,1
9863,b_1A4411H7RU_clip_014.mp4,3,1
9870,b_194411Z7Nh_clip_019.mp4,0,1
9877,b_1DK411W72b_clip_004.mp4,0,2
9881,b_1xz411z7b5_clip_042.mp4,2,1
9883,b_1Px411Q7hu_part2_clip_007.mp4,0,2
9904,b_1d4411H7st_clip_044.mp4,1,0
9905,b_13t411F7iD_clip_029.mp4,0,2
9910,b_1nJ411q7Nw_clip_035.mp4,2,0
9926,b_1X7411i7Ph_clip_034.mp4,1,2
9938,b_1yt411k7va_clip_026.mp4,2,3
9939,b_1LW411s7qq_clip_012.mp4,2,3
9947,b_1Jv41167zm_clip_027.mp4,0,1
9961,b_11x411i7ms_part2_clip_002.mp4,1,2
9963,b_1GT4y157PR_clip_019.mp4,2,1
9965,b_1d4411P7ss_clip_017.mp4,3,2
9969,b_1CJ411b7ru_clip_002.mp4,2,3
9999,b_1KJ411T7Jo_clip_021.mp4,2,1
10003,b_1EE411d7hM_clip_003.mp4,0,2
10004,b_1Vs411c765_clip_001.mp4,3,1
10008,b_1AW411d7h4_clip_012.mp4,1,2
10017,b_18a4y14785_clip_025.mp4,1,0
10024,c_movi7925_19.mp4,0,1
10025,b_1z4411b7KS_clip_003.mp4,3,2
10032,b_1L4411y7eN_clip_023.mp4,0,2
10057,b_1Ht411X7Qn_clip_008.mp4,1,2
10059,b_1hE411k7re_clip_023.mp4,0,1
10067,b_17E41127dn_clip_001.mp4,3,1
10075,b_187411V7WG_clip_012.mp4,1,2
10083,b_1Bf4y1U7Ft_clip_009.mp4,3,1
10099,c_movi7924_25.mp4,1,0
10119,b_19E411b7hY_clip_007.mp4,2,3
10121,b_1bt41197FJ_clip_025.mp4,0,1
10123,b_1GE411B7aV_clip_015.mp4,0,3
10125,b_1Mi4y1b7GK_clip_004.mp4,2,1
10127,b_1BC4y147Da_clip_044.mp4,0,2
10152,b_1cJ41167TW_clip_025.mp4,0,2
10155,b_12a4y1i7Nk_clip_005.mp4,3,1
10200,b_1rk4y1k7F9_clip_017.mp4,1,3
10202,b_19E411q721_clip_003.mp4,0,2
10219,b_1DE411i7bK_clip_004.mp4,3,1
10221,b_1Gt411y7Xe_clip_012.mp4,3,2
10225,b_1L7411R73G_clip_042.mp4,3,1
10251,b_1Bs411T7QD_clip_009.mp4,0,2
10256,b_1kJ411B7Xc_clip_020.mp4,0,1
10266,b_19J411p7Ck_clip_001.mp4,1,2
10270,b_1J7411377C_clip_028.mp4,0,1
10279,b_1bt411P7h4_clip_009.mp4,3,1
10287,b_1a4411B7sb_clip_006.mp4,3,1
10297,b_1Ct41147rV_clip_042.mp4,1,2
10304,b_1hE411J77d_clip_028.mp4,0,1
10318,b_1LW411s7qq_clip_012.mp4,1,0
10331,b_194411C7mL_clip_022.mp4,3,0
10336,b_1ZA411i7Li_clip_032.mp4,3,2
10344,b_1Sx411r7DS_clip_005.mp4,0,1
10351,b_1E4411t7de_clip_007.mp4,1,2
10370,b_1Ht411x7sF_clip_008.mp4,2,1
10375,b_14s411r72D_part1_clip_009.mp4,1,3
10388,b_1vJ411B7BH_clip_046.mp4,0,3
10391,b_1Mb41157pm_clip_024.mp4,1,0
10392,b_1L7411x7nm_clip_001.mp4,2,3
10398,b_1xt411L72b_clip_009.mp4,1,2
10439,y_f2e6E-RQOCI_clip_9.mp4,3,0
10458,b_1Sx411u7Ey_part2_clip_002.mp4,1,2
10471,b_1G7411K7oi_clip_006.mp4,3,2
10492,b_1KK41157yS_clip_008.mp4,2,1
10495,b_1PE411X762_clip_012.mp4,3,2
10503,b_1zE411o7Ga_clip_025.mp4,0,2
10518,b_1YK4y1k7SF_clip_030.mp4,3,1
10519,b_1G7411G7yS_clip_036.mp4,1,3
10522,b_1at411b7Yw_clip_004.mp4,0,2
10527,b_1at411y7Eo_clip_050.mp4,1,3
10538,c_sunp1648_1.mp4,1,3
10543,b_1DT4y137h7_clip_030.mp4,3,2
10555,b_1ys411G77L_clip_010.mp4,2,1
10565,b_1ix41167dQ_part1_clip_005.mp4,1,2
10566,b_1e4411o7SA_clip_024.mp4,0,2
10573,b_1B4411j7Wo_clip_024.mp4,0,2
10576,b_1j54y1X7cr_clip_012.mp4,0,3
10577,b_1j741157BM_clip_050.mp4,1,3
10579,b_1Vs411g7A4_clip_008.mp4,3,2
10585,b_1A4411H7RU_clip_015.mp4,2,1
10624,b_1M4411P73G_clip_029.mp4,1,3
10642,b_1jt411e7vy_clip_013.mp4,2,1
10645,b_1s5411x7CW_clip_011.mp4,0,1
10650,b_1gJ411U7nb_clip_006.mp4,0,1
10659,b_1X7411i7Ph_clip_050.mp4,3,0
10663,b_1RJ411T7Hh_clip_034.mp4,1,2
10670,b_1H441117Hi_clip_030.mp4,0,2
10675,y_ts7lKdhojGY_clip_55.mp4,3,0
10677,b_1Mx411Z7ve_clip_015.mp4,1,2
10683,b_1Xt411s7y5_clip_017.mp4,0,1
10686,b_1hE411k7re_clip_008.mp4,3,2
10745,y_DUX_IhauRlI_clip_7.mp4,1,0
10760,b_1ft411t7zd_clip_022.mp4,1,0
10763,b_1h441147Vc_clip_009.mp4,2,3
10778,b_1fg4y1B7cA_clip_007.mp4,3,1
10782,b_11J411C7Hj_clip_018.mp4,0,1
10787,b_1JE411r7ba_clip_027.mp4,0,1
10788,b_1Cb411b7BW_clip_015.mp4,0,2
10798,b_1vJ411B7BH_clip_002.mp4,1,3
10818,b_1sa4y1e7PF_clip_025.mp4,3,0
10828,b_17W411B7wM_clip_002.mp4,1,2
10859,b_1DK411W72b_clip_040.mp4,1,2
10866,b_1pZ4y1s7ma_clip_005.mp4,1,2
10869,b_1Jx411Q79o_clip_014.mp4,0,2
10875,b_1DE411P71Y_clip_016.mp4,0,1
10878,b_1Z4411H7pb_clip_014.mp4,1,2
10894,b_1Ei4y1t7VC_clip_031.mp4,1,2
10896,b_1BJ411N7hE_clip_009.mp4,0,1
10912,y_k3kpcKkQCmA_clip_9.mp4,1,2
10915,b_1a4411B7sb_clip_011.mp4,1,2
10925,b_1yg4y187PF_clip_005.mp4,3,2
10940,b_14E411D7YA_clip_036.mp4,0,2
10943,b_1wJ411P7Hd_clip_026.mp4,3,2
10944,b_1U7411u7uy_clip_006.mp4,0,1
10946,b_1hE411p7Th_clip_062.mp4,3,1
10955,c_movi7951_26.mp4,1,0
10957,b_1zJ411x7dw_clip_036.mp4,1,2
10962,b_1sC4y1s7oK_clip_009.mp4,1,2
10965,b_13t411K7i7_clip_013.mp4,2,0
10967,b_1ix411Q7BZ_part1_clip_004.mp4,2,3
10968,b_1jT4y1G7K7_clip_047.mp4,2,1
10969,b_1PA411h72w_clip_038.mp4,0,2
10972,b_1Yi4y1s7Ex_clip_054.mp4,3,0
10973,b_1rt411q7vk_clip_011.mp4,0,1
11003,b_1yE411j7KU_clip_075.mp4,1,3
11005,b_14K41157xw_clip_018.mp4,3,0
11009,b_18a4y14785_clip_004.mp4,3,1
11011,b_1XW411h7eW_clip_011.mp4,3,0
11013,b_1Q5411s7Lb_clip_020.mp4,1,2
11015,b_1rE411A7HG_clip_041.mp4,0,2
11017,b_1kC4y14752_clip_033.mp4,0,1
11031,b_14s411r7Qj_clip_015.mp4,0,1
11032,b_1B4411j7Wo_clip_006.mp4,0,1
11043,b_1X7411p7ZA_clip_022.mp4,3,2
11055,b_1FE411F7Ss_clip_018.mp4,2,1
11062,b_1Ez411q7MR_clip_033.mp4,3,1
11066,b_16x411o7wR_clip_008.mp4,0,1
11069,b_1B4411d7Pv_clip_026.mp4,2,1
11071,b_1Jx411f7Vv_clip_017.mp4,3,2
11081,b_1yx411C77W_part1_clip_004.mp4,2,0
11085,b_1Tb411L7yU_clip_017.mp4,0,1
11086,y_rKFyUXXfLkY_clip_5.mp4,3,0
11089,b_1h441147Vc_clip_028.mp4,2,1
11091,b_1Ez411q7MR_clip_006.mp4,0,3
11093,b_17E411W7bc_clip_040.mp4,3,1
11095,b_1KJ411T7Jo_clip_015.mp4,2,3
11097,b_1kt411C7cs_clip_004.mp4,0,1
11098,y_A4NxVXfqt64_clip_18.mp4,1,2
11104,b_1d54y1Q71E_clip_010.mp4,0,1
11115,b_1Bb411A74A_clip_008.mp4,3,2
11124,b_1Jx411f7Vv_clip_004.mp4,1,3
11129,b_1bb411y7Rh_clip_032.mp4,2,0
11135,b_1wZ4y1j729_clip_012.mp4,3,1
11144,b_1vt411E74g_clip_011.mp4,0,2
11152,b_1d4411K7t9_clip_011.mp4,0,2
11153,b_1bt411z7Ps_clip_015.mp4,0,2
11155,b_1NQ4y1N7N3_clip_012.mp4,0,1
11157,b_1hx411o7vo_clip_001.mp4,1,2
11162,b_1zJ411x7dw_clip_029.mp4,3,2
11186,b_184411c7bt_clip_019.mp4,3,0
11206,b_1jE411f71G_clip_038.mp4,2,0
11209,b_1hE411p7Th_clip_010.mp4,3,2
11210,b_1yJ411k7Yo_clip_004.mp4,1,2
11212,b_1St411F7zW_clip_009.mp4,1,3
11224,y_4nhnMZLDfe0_clip_1.mp4,0,1
11228,b_1hJ41127mG_clip_009.mp4,3,1
11234,b_16s41167pP_clip_007.mp4,0,2
11241,b_1b7411y7Kg_clip_013.mp4,0,2
11282,b_1CW411h7oK_part1_clip_011.mp4,3,2
11285,y_LPTSJ_-_JRU_clip_14.mp4,3,2
11290,b_1iJ411t7VY_clip_010.mp4,3,0
11293,b_1YE411R7Rk_clip_012.mp4,2,0
11297,y_k3kpcKkQCmA_clip_23.mp4,3,2
11306,y_Rp4IpAoz5kA_clip_1.mp4,1,2
11309,b_1XE411p73c_clip_011.mp4,2,1
11318,b_1UW41117Hj_clip_006.mp4,1,2
11325,b_1YE411r7e1_clip_011.mp4,3,2
11334,y_TRpDI-LdkDI_clip_9.mp4,1,3
11351,b_1TK411j7u2_clip_014.mp4,2,0
11352,c_movi7929_27.mp4,3,1
11353,y_qLstTC3D5dI_clip_14.mp4,2,1
11356,b_1ya4y1e7Tn_clip_054.mp4,0,1
11357,b_1yE411j7KU_clip_079.mp4,0,1
11367,b_1mx411B7Z1_part1_clip_003.mp4,1,2
11376,b_1SE411Z7mT_clip_023.mp4,3,1
11382,y_jXS553HFNsY_clip_8.mp4,2,3
11392,b_1Yx411r7as_clip_012.mp4,3,2
11393,b_1LE411T7sZ_clip_041.mp4,2,1
11406,b_1EJ41117Tu_clip_014.mp4,0,1
11412,b_1d7411a7sR_clip_041.mp4,0,1
11428,b_1Gk4y1r7HT_clip_039.mp4,0,1
11430,b_1JW411b7Vn_part1_clip_020.mp4,3,1
11431,b_1X7411m71Z_clip_015.mp4,3,0
11433,b_124411F77k_clip_004.mp4,3,1
11435,b_13t411F7iD_clip_001.mp4,3,1
11446,b_1yt411k7va_clip_037.mp4,3,1
11452,b_13t411F7iD_clip_020.mp4,0,3
11475,y_6LUTxzXfQW0_clip_13.mp4,3,0
11494,y_eh5uVEEyV9A_clip_17.mp4,0,2
11501,b_15x411f7Tk_clip_030.mp4,1,2
11503,b_1KK41157yS_clip_014.mp4,0,2
11510,b_1e4411a7Aw_clip_006.mp4,0,3
11517,b_1GW411p7LU_part2_clip_017.mp4,1,2
11520,b_1bt411z7Ps_clip_009.mp4,3,1
11531,b_1yJ411k7Yo_clip_039.mp4,2,0
11539,y_xjhHM0ilzZ8_clip_21.mp4,2,1
11562,b_1fW411J79x_part2_clip_026.mp4,2,3
11566,b_1XE411Z7rX_clip_004.mp4,3,2
11574,b_1Gb411G7XZ_clip_024.mp4,0,2
11599,b_1ix411Q7BZ_part1_clip_006.mp4,0,2
11615,b_1U4411L75y_clip_008.mp4,0,3
11618,b_1s7411e7XW_clip_036.mp4,1,0
11620,b_1qJ411Y7Rf_clip_032.mp4,1,2
11630,b_17b411H7b9_clip_019.mp4,3,2
11634,b_1UK41157MY_clip_008.mp4,0,2
11655,b_1FW41177m2_part2_clip_022.mp4,1,2
11663,b_1a7411L7PC_clip_108.mp4,3,0
11667,y_LPTSJ_-_JRU_clip_16.mp4,3,1
11669,b_12s411N7wZ_clip_016.mp4,3,1
11670,b_19E411q721_clip_011.mp4,2,1
11679,b_13x41117xV_clip_006.mp4,0,1
11696,c_movi7916_19.mp4,1,3
11700,c_sunp1650_14.mp4,2,0
11717,y_AC2R889a-LI_clip_1.mp4,0,1
11718,c_movi7951_9.mp4,0,1
11720,b_1bt411q7fm_clip_044.mp4,3,2
11732,b_1bt411Q7qe_clip_010.mp4,1,2
11739,b_1Px411g7pT_part1_clip_012.mp4,0,1
11744,b_1U7411u7uy_clip_017.mp4,2,1
11748,b_1Yi4y1s7Ex_clip_055.mp4,3,1
11749,b_1vt411E74g_clip_011.mp4,3,0
11751,y_GBAW2vhPk60_clip_10.mp4,0,2
11752,b_1j741157BM_clip_117.mp4,0,3
11753,b_1G7411G7yS_clip_111.mp4,1,3
11756,b_1mJ41167XC_clip_025.mp4,2,1
11759,b_14z411q7qJ_clip_013.mp4,1,2
11760,b_1AJ411579g_clip_032.mp4,2,1
11765,y_BoaWexJjHa8_clip_13.mp4,0,1
11770,b_1XE411p73c_clip_022.mp4,0,2
11791,b_1jJ411V7xT_clip_033.mp4,0,1
11810,b_154411S7ue_clip_013.mp4,1,0
11823,b_1et411v7TQ_clip_027.mp4,0,1
11827,b_17x411D7y6_part1_clip_007.mp4,2,3
11830,b_1kk4y1d7Xu_clip_003.mp4,3,1
11860,b_17J411a7tz_clip_006.mp4,3,2
11864,b_1iT4y1u721_clip_002.mp4,3,1
11870,b_1Jx411Q79o_clip_001.mp4,1,2
11883,b_1NJ411q7pd_clip_035.mp4,0,1
11884,b_1Yx411B7QX_part3_clip_001.mp4,2,1
11909,b_1N441147kT_clip_041.mp4,0,1
11917,b_1TW411B7YC_clip_016.mp4,1,2
11949,b_13t411F7iD_clip_033.mp4,3,1
11953,b_1Us411c7xo_clip_007.mp4,0,1
11954,b_1Lt411G7XD_clip_001.mp4,1,3
11959,y_IWX3CxTzGN4_clip_2.mp4,3,0
11964,b_1NJ411q7pd_clip_025.mp4,2,1
11968,b_1hE411p7Th_clip_057.mp4,1,0
11970,b_1DW411i7a2_part2_clip_001.mp4,3,1
12007,b_1Bb411A74A_clip_002.mp4,2,3
12008,b_1iT4y1u721_clip_007.mp4,3,2
12023,b_1KK41157yS_clip_040.mp4,2,3
12028,b_1wZ4y1j729_clip_033.mp4,2,1
12044,b_1L4411M7kf_clip_043.mp4,2,1
12048,b_1B7411s7t1_clip_032.mp4,0,2
12052,b_114411z7Z1_clip_015.mp4,0,1
12080,b_1gJ411U7nb_clip_003.mp4,0,2
12087,b_1wZ4y1j729_clip_013.mp4,1,0
12091,b_1u741147Pe_clip_111.mp4,0,1
12092,b_1Kz411b7vS_clip_004.mp4,0,1
12114,b_17x411X7hm_clip_017.mp4,0,2
12115,y_tP19WuyY3IY_clip_24.mp4,3,1
12116,b_1jE411f71G_clip_035.mp4,0,1
12139,b_1x4411c7p3_clip_002.mp4,0,3
12148,b_1CE411w7VN_clip_034.mp4,3,1
12178,b_1Qc411h7aP_clip_001.mp4,2,1
12188,b_134411x7kc_clip_006.mp4,3,2
12197,b_1j741157BM_clip_021.mp4,1,2
12201,b_1js411u7Er_clip_017.mp4,2,0
12204,b_1h7411v7mp_clip_038.mp4,0,2
12222,b_1JW411b7Vn_part1_clip_005.mp4,0,2
12229,y_GBAW2vhPk60_clip_2.mp4,3,1
12232,b_1bW411B7qV_part1_clip_015.mp4,3,0
12257,b_1rk4y1k7F9_clip_022.mp4,1,2
12264,b_1Gt411y7Xe_clip_015.mp4,0,1
12332,b_1zs411t7nk_part1_clip_003.mp4,0,1
12336,b_1FW41177m2_part2_clip_023.mp4,1,2
12346,c_sunp1671_6.mp4,1,0
12351,b_1Wa4y1t7y7_clip_008.mp4,1,0
12352,b_1et411v7TQ_clip_007.mp4,2,1
12353,b_1WE411j7JR_clip_006.mp4,0,1
12362,b_18t41147ht_clip_001.mp4,3,2
12394,b_1ix411R7tt_clip_041.mp4,0,2
12399,b_1F7411Z74z_clip_035.mp4,0,2
12405,b_1Fk4y1z7d6_clip_010.mp4,3,1
12417,b_114411z7Z1_clip_035.mp4,0,1
12423,y_gTUcziYS1lk_clip_26.mp4,0,1
12424,b_1kC4y14752_clip_033.mp4,3,0
12425,b_1bE411s7kk_clip_028.mp4,3,1
12426,b_1XJ411G77m_clip_011.mp4,1,3
12439,b_1KK41157yS_clip_013.mp4,3,2
12453,b_1LW411s7qq_clip_008.mp4,2,0
12459,b_1ct411D77a_clip_001.mp4,2,1
12471,b_1Us411c7xo_clip_012.mp4,0,1
12477,c_sunp1715_12.mp4,2,0
12480,b_1c5411t7X7_clip_019.mp4,3,1
12496,b_1Gk4y1r7HT_clip_039.mp4,1,0
12504,b_1d4411K7t9_clip_034.mp4,0,3
12519,b_1rJ411875j_clip_021.mp4,3,0
12552,b_1X7411i7Ph_clip_020.mp4,1,3
12555,b_194411u7wN_clip_004.mp4,1,2
12558,b_1u741147Pe_clip_113.mp4,1,2
12579,b_1DW411Y7g6_part1_clip_021.mp4,0,1
12584,b_1a4411e7sC_clip_013.mp4,0,3
12592,y_t86Q2WNsmCE_clip_10.mp4,3,1
12596,b_1B7411s7t1_clip_003.mp4,3,2
12604,b_15x411f7Tk_clip_002.mp4,2,0
12614,b_1Jv41167zm_clip_029.mp4,0,2
12616,b_1j7411h7kb_clip_008.mp4,0,1
12631,b_1gp411Z7uR_part1_clip_016.mp4,1,0
12632,b_1G7411G7yS_clip_066.mp4,1,2
12637,b_1UZ4y1x7w2_clip_004.mp4,0,2
12641,b_1Ht41137f7_clip_005.mp4,0,1
12642,b_1Kt411c7wF_clip_020.mp4,1,3
12655,b_1j7411h7kb_clip_010.mp4,1,3
12675,b_1St411F7zW_clip_012.mp4,3,2
12685,b_1Zt411F75e_clip_041.mp4,3,1
12687,b_18W411t7xG_clip_005.mp4,0,2
12701,b_1Jv41167zm_clip_020.mp4,3,1
12733,b_18x411D7vv_part1_clip_011.mp4,0,1
12734,b_1EJ411i7jU_clip_033.mp4,1,2
12742,y_uNZiDOiorz4_clip_9.mp4,2,1
12750,b_1Vs411c765_clip_018.mp4,2,0
12751,b_1Gt411y7Xe_clip_008.mp4,0,1
12753,b_1ix411Q7BZ_part1_clip_008.mp4,3,1
12762,y_xjhHM0ilzZ8_clip_2.mp4,0,1
12765,b_1KT4y157KK_clip_037.mp4,3,2
12774,b_18f4y1U73n_clip_004.mp4,0,1
12800,b_1j741157BM_clip_101.mp4,1,2
12802,b_1it41197M2_clip_038.mp4,3,1
12810,b_1kb41137Wh_clip_037.mp4,2,1
12813,b_1ft411V7Ua_clip_029.mp4,1,0
12824,b_1XE411p73c_clip_004.mp4,2,0
12834,b_1d64y1M71U_clip_008.mp4,3,0
12835,b_1ex411q7R9_part2_clip_002.mp4,3,0
12859,b_1Xt411V7CT_clip_015.mp4,1,3
12876,b_1WE411j7JR_clip_014.mp4,2,1
12883,b_1s5411x75d_clip_014.mp4,1,3
12898,b_1xz411z7b5_clip_022.mp4,0,1
12899,y__ZPuALATxEo_clip_6.mp4,3,0
12901,y_rKFyUXXfLkY_clip_1.mp4,3,2
12905,b_1bt411q7fm_clip_060.mp4,0,3
12913,y_D3e9OhvRSDo_clip_14.mp4,3,1
12925,b_1ZA411i7Li_clip_001.mp4,1,2
12936,b_1bt411Q7qe_clip_003.mp4,3,2
12944,b_1dx411R7KU_clip_026.mp4,0,2
12949,b_1yE41187A9_clip_001.mp4,1,2
12950,y_6_L5tcEvGUw_clip_13.mp4,1,2
12965,b_1Lt411j7s5_clip_036.mp4,0,2
12989,y_LPTSJ_-_JRU_clip_36.mp4,2,1
12999,b_1Yk4y1R7hE_clip_030.mp4,0,3
13005,b_1Qi4y1x7Ht_clip_021.mp4,3,2
13012,b_1GJ411L7iJ_clip_006.mp4,1,0
13014,b_1Tt411E7T8_clip_014.mp4,2,1
13016,b_1et411g7t5_clip_035.mp4,0,1
13029,b_1jE411f71G_clip_012.mp4,2,1
13031,b_18x411D7vv_part1_clip_003.mp4,0,1
13034,b_1Lt411G7XD_clip_014.mp4,2,3
13053,b_1At411g7Sm_clip_019.mp4,0,2
13064,b_1UK411L7wa_clip_038.mp4,0,1
13067,b_1G7411G7yS_clip_103.mp4,3,2
13069,y_HF3YvZB6NuM_clip_2.mp4,0,2
13082,b_1KJ411T7Jo_clip_015.mp4,0,1
13088,b_1i441117ec_clip_016.mp4,3,2
13102,b_1Yt411T7w2_clip_010.mp4,0,1
13103,b_1ut4y117xD_clip_028.mp4,3,0
13112,b_187411V7WG_clip_009.mp4,2,3
13114,b_1xQ4y1T7cR_clip_022.mp4,0,2
13119,b_1zs411t7AF_part2_clip_017.mp4,0,2
13134,b_1xW41127ux_clip_041.mp4,3,1
13156,b_1wZ4y1j729_clip_013.mp4,2,1
13162,c_sunp1712_8.mp4,2,3
13170,b_1CJ411b7ru_clip_025.mp4,0,2
13180,b_1h4411P7pd_clip_016.mp4,3,0
13191,b_1NJ411q7pd_clip_012.mp4,3,0
13199,b_1PA411h72w_clip_025.mp4,0,2
13214,b_1mW411979K_clip_008.mp4,3,2
13219,b_1yE41187A9_clip_011.mp4,2,1
13231,b_18a4y14785_clip_025.mp4,1,2
13236,b_1ya4y1e7Tn_clip_032.mp4,2,0
13242,b_157411V7Rt_clip_035.mp4,2,0
13257,b_1Px411g7pT_part1_clip_003.mp4,1,3
13259,b_1xa4y1t7dP_clip_018.mp4,1,2
13266,b_1b4411N78e_clip_004.mp4,2,1
13272,b_1KK41157yS_clip_007.mp4,3,1
13277,b_1mJ41167XC_clip_042.mp4,3,2
13278,b_1Px411g7pT_part1_clip_009.mp4,2,0
13285,b_1Fx411172G_part1_clip_021.mp4,1,3
13297,b_1Jx411Q79o_clip_014.mp4,0,1
13301,b_1YE411R7Rk_clip_017.mp4,3,2
13303,b_1JE41147LF_clip_090.mp4,0,3
13311,b_1dx411R7KU_clip_007.mp4,2,3
13314,b_1iT4y1u721_clip_020.mp4,3,1
13324,y_7xPgSsW7jUo_clip_13.mp4,3,2
13329,b_1mt411p7xH_clip_012.mp4,3,1
13352,b_1bt41197FJ_clip_026.mp4,1,2
13354,b_1xz411z7b5_clip_015.mp4,2,1
13363,b_12t411C7cg_clip_044.mp4,3,2
13372,b_1UZ4y1x7w2_clip_016.mp4,3,0
13378,b_184411c7bt_clip_019.mp4,0,1
13380,b_12J41147hT_clip_026.mp4,3,0
13398,b_1gW411q771_part2_clip_025.mp4,0,1
13400,b_1Px411Q7hu_part2_clip_004.mp4,0,1
13408,b_1cJ41167TW_clip_043.mp4,0,1
13413,y_V55gacAEnfI_clip_21.mp4,2,1
13419,b_1BW411m7YG_clip_001.mp4,0,3
13430,b_1DK411W72b_clip_025.mp4,0,3
13438,b_1ya4y1e7Tn_clip_047.mp4,0,1
13451,b_1H5411s7ho_clip_012.mp4,3,2
13459,b_1Rt411n7CX_clip_001.mp4,0,2
13460,b_1PJ41147iD_clip_005.mp4,0,2
13466,b_1Fk4y1z7d6_clip_021.mp4,0,1
13479,b_1DK411W72b_clip_001.mp4,0,2
13493,b_12J41147hT_clip_026.mp4,1,0
13496,y_eSWXU3rZcK8_clip_3.mp4,3,1
13518,b_1F7411Z74z_clip_018.mp4,0,1
13533,b_13x41197oW_clip_012.mp4,2,3
13548,b_1x4411c7p3_clip_002.mp4,0,1
13572,b_1Mx411Z7ve_clip_018.mp4,2,1
13577,b_1jW411H7pd_part1_clip_006.mp4,2,0
13586,b_1pa4y1v7d7_clip_024.mp4,0,3
13589,b_1Ht411X7Qn_clip_026.mp4,1,3
13608,b_1G7411G7yS_clip_048.mp4,3,2
13616,c_movi7923_4.mp4,2,1
13626,b_1vs411w7a9_clip_012.mp4,3,2
13630,b_17b411H7b9_clip_005.mp4,3,0
13635,y_n8S0it3v0pg_clip_4.mp4,2,3
13641,b_184411c7bt_clip_001.mp4,2,1
13649,b_1ix411Q7BZ_part1_clip_012.mp4,3,2
13655,b_1js411u7Er_clip_016.mp4,3,2
13685,b_1TW411e7yg_part1_clip_017.mp4,3,1
13707,b_1j54y1X7cr_clip_004.mp4,2,0
13708,b_1jJ411V7xT_clip_013.mp4,0,3
13712,b_16A411b7pN_clip_037.mp4,0,2
13713,b_1F4411d7Um_clip_017.mp4,0,3
13721,b_1PC4y1p7sq_clip_015.mp4,3,2
13747,b_1Z64y1u7vw_clip_015.mp4,1,2
13756,b_14b411y79D_clip_016.mp4,1,2
13762,b_1Bb411A74A_clip_009.mp4,2,0
13765,b_1G7411G7yS_clip_095.mp4,1,2
13779,b_1Tx411z79U_part1_clip_001.mp4,3,2
13792,j_3723.mp4,0,1
13803,b_1f4411N7Zp_clip_047.mp4,2,1
13805,b_1Wk4y167ox_clip_020.mp4,1,2
13817,b_1aZ4y1s7BV_clip_005.mp4,0,2
13821,b_1NQ4y1N7N3_clip_004.mp4,2,3
13826,b_1Z4411H7pb_clip_021.mp4,1,3
13830,c_movi7929_1.mp4,3,2
13838,b_1VZ4y1j7C2_clip_002.mp4,0,1
13844,b_1tJ411C7sF_clip_023.mp4,1,3
13848,b_1Yk4y1R7hE_clip_028.mp4,3,2
13851,b_1gJ411U7nb_clip_005.mp4,3,1
13858,b_1jT4y1G7K7_clip_002.mp4,3,2
13859,b_1yg4y187PF_clip_043.mp4,0,2
13862,b_1Zx411Q7mv_clip_015.mp4,1,0
13866,b_18f4y1U73n_clip_036.mp4,3,2
13874,y_NliNOzuoeeg_clip_10.mp4,2,1
13878,y_n8S0it3v0pg_clip_3.mp4,2,1
13882,b_1ya4y1e7Tn_clip_032.mp4,3,2
13888,y_jRsR22p2i2U_clip_12.mp4,2,1
13891,b_1ya4y1e7Tn_clip_042.mp4,0,3
13894,b_1B7411s7t1_clip_030.mp4,2,1
13902,b_1DK411W72b_clip_040.mp4,0,2
13911,b_1fg4y1B7cA_clip_033.mp4,0,2
13912,y_iCmT5PXwy08_clip_14.mp4,3,1
13916,b_1Ws411F7MQ_clip_021.mp4,0,3
13917,b_1xz4y197zH_clip_017.mp4,3,1
13927,b_13b411V7L9_clip_017.mp4,0,1
13932,b_1FW41177m2_part2_clip_030.mp4,3,2
13954,b_1Ab411h7kK_clip_039.mp4,1,0
13958,b_12a4y1i7Nk_clip_042.mp4,3,2
13990,b_13t411k7ib_clip_028.mp4,0,2
13992,b_1k7411y72r_clip_005.mp4,1,3
13996,b_1JE41147LF_clip_044.mp4,2,3
14001,b_1SJ411S7Hb_clip_026.mp4,2,3
14003,b_1XJ411G77m_clip_012.mp4,1,0
14007,b_1Fx411x7ge_clip_003.mp4,3,1
14021,b_1nt411E76Z_clip_007.mp4,1,3
14022,b_1Xt411s7y5_clip_010.mp4,3,1
14036,b_1EJ41117Tu_clip_010.mp4,3,2
14038,b_19t411B7A4_clip_001.mp4,2,3
14045,b_1Vs41157A6_part1_clip_010.mp4,2,0
14046,b_1xz411z7b5_clip_042.mp4,3,2
14048,c_movi7929_9.mp4,1,2
14059,b_1bt411z7Ps_clip_038.mp4,3,2
14081,b_1wx411o7oW_clip_003.mp4,3,1
14082,y_uNZiDOiorz4_clip_12.mp4,2,1
14088,b_1RA411q7vt_clip_015.mp4,3,2
14089,b_11E41127kV_clip_008.mp4,1,2
14098,b_1iJ411t7VY_clip_007.mp4,2,1
14099,b_1Kx411k71e_clip_011.mp4,2,3
14114,b_1YK4y1k7SF_clip_001.mp4,0,2
14118,b_1D4411n7J6_clip_030.mp4,0,3
14122,b_1DK411W72b_clip_024.mp4,2,0
14126,y_eh5uVEEyV9A_clip_15.mp4,3,1
14148,y_RHKFbr4wRTY_clip_12.mp4,2,1
14173,y_CzrWKnJ95Q4_clip_8.mp4,3,2
14177,b_16b411C7Y7_clip_026.mp4,0,2
14203,y_uW0xGoN-y3k_clip_17.mp4,3,1
14229,b_1f7411R7ab_clip_036.mp4,2,0
14231,b_13s411V72j_part2_clip_008.mp4,0,1
14236,b_1kt411174V_clip_007.mp4,3,1
14239,b_1u4411p7uk_clip_101.mp4,3,0
14258,b_194411Z7Nh_clip_002.mp4,3,1
14301,b_1z4411b7KS_clip_014.mp4,0,3
14311,b_1GJ411h7Mb_clip_032.mp4,0,2
14322,b_1hW411e7WB_clip_010.mp4,2,3
14326,b_1RA411q7vt_clip_014.mp4,3,2
14340,b_1Ft411E7zW_clip_014.mp4,1,2
14360,b_1F7411x7Xw_clip_022.mp4,3,1
14369,b_13t411k7ib_clip_029.mp4,0,3
14374,b_1bt41197FJ_clip_016.mp4,3,0
14383,b_1SE411g7EW_clip_037.mp4,1,3
14396,y_0hhLZtjyZhA_clip_15.mp4,2,0
14400,y_6LUTxzXfQW0_clip_12.mp4,2,1
14404,c_sunp1669_11.mp4,2,0
14408,b_1i741177YW_clip_044.mp4,2,3
14413,b_17E411W7bc_clip_040.mp4,1,3
14417,b_1v4411g7cH_clip_026.mp4,2,0
14426,b_1HT4y1g7E3_clip_022.mp4,3,1
14427,b_1BJ411u7Sn_clip_002.mp4,0,3
14430,b_184411c7bt_clip_001.mp4,2,1
14438,b_1G4411i7Xt_clip_045.mp4,2,1
14439,b_1WE411F7LD_clip_009.mp4,1,0
14451,b_1yt411k7va_clip_036.mp4,1,2
14455,b_1RJ411T7Hh_clip_011.mp4,1,0
14458,b_1s5411x75d_clip_004.mp4,0,1
14469,b_1SE411Z7mT_clip_018.mp4,2,3
14491,b_14a4y147uG_clip_020.mp4,2,1
14506,b_174411Z7eo_clip_017.mp4,2,0
14519,b_1mt411e7s2_clip_017.mp4,0,3
14534,b_1cf4y1U76Q_clip_049.mp4,1,0
14554,b_1GW411p7LU_part1_clip_022.mp4,3,1
14563,b_1u741147Pe_clip_113.mp4,1,0
14569,b_1SJ411S7Hb_clip_003.mp4,1,0
14590,b_1rJ411j7mc_clip_022.mp4,3,0
14597,y_4YwRDwe5Bd8_clip_12.mp4,0,3
14598,b_1ix411Q7BZ_part1_clip_009.mp4,2,0
14601,b_1jT4y1G7K7_clip_046.mp4,0,3
14614,c_sunp1650_4.mp4,2,1
14622,b_1y4411Z7Xb_clip_018.mp4,0,2
14625,b_13t41157Kn_clip_004.mp4,0,1
14626,b_1rk4y1k7F9_clip_020.mp4,3,1
14635,b_1vJ411B7BH_clip_001.mp4,2,1
14637,b_1AJ411579g_clip_020.mp4,3,2
14661,c_movi7951_16.mp4,3,2
14668,b_1s5411x75d_clip_012.mp4,0,1
14684,b_1Et411K7EN_clip_029.mp4,3,2
14703,b_1U7411u7uy_clip_011.mp4,0,1
14722,b_1X7411m71Z_clip_005.mp4,1,3
14765,b_1at411b7Yw_clip_015.mp4,1,2
14777,b_1GW411q7Wi_clip_009.mp4,2,0
14778,b_1oE411d7zf_clip_012.mp4,3,2
14787,j_3706.mp4,0,1
14798,b_1DT4y137h7_clip_017.mp4,0,3
14800,b_1c54y1R7Tb_clip_029.mp4,1,2
14804,b_1CJ411b7ru_clip_012.mp4,2,0
14815,b_1Gt411y7Xe_clip_026.mp4,0,2
14820,b_1YK4y1k7SF_clip_030.mp4,3,1
14824,b_1bt41197FJ_clip_024.mp4,0,1
14826,b_1Gk4y1r7HT_clip_026.mp4,1,3
14829,b_1j741157BM_clip_016.mp4,3,1
14831,b_1jJ411V7xT_clip_016.mp4,0,2
14836,b_1s7411J7yN_clip_094.mp4,2,0
14840,b_1et411v7TQ_clip_008.mp4,1,2
14841,b_1BJ411N7hE_clip_028.mp4,3,2
14852,b_1Ws411F7MQ_clip_028.mp4,1,0
14856,b_1XJ411G77m_clip_017.mp4,3,2
14857,b_1c5411t7X7_clip_019.mp4,0,2
14863,b_1qt411H7kH_clip_021.mp4,2,1
14873,b_1h5411t7Z5_clip_025.mp4,2,3
14875,b_1Va4y147PH_clip_031.mp4,0,2
14879,b_1MJ411A7ND_clip_026.mp4,3,2
14902,b_1Yt411T7w2_clip_008.mp4,1,3
14904,b_1xV411f74o_clip_033.mp4,0,3
14914,b_1yJ411k7Yo_clip_019.mp4,1,2
14941,b_1Lt411G7XD_clip_020.mp4,3,1
14955,b_1wx411D7Na_part2_clip_001.mp4,0,1
14962,b_1F7411Z74z_clip_040.mp4,2,1
14975,b_1xp4y1Q7WJ_clip_021.mp4,1,0
14977,b_1sQ4y1M7E8_clip_019.mp4,2,0
14979,b_1m7411P7Fe_clip_018.mp4,2,3
14982,b_1Tx411D7hK_part2_clip_006.mp4,2,0
14983,b_1B7411s7t1_clip_002.mp4,0,2
14985,y_HTb8aGrVQuQ_clip_5.mp4,2,1
14990,b_1mW411979K_clip_015.mp4,2,1
15001,b_1Bf4y1U7Ft_clip_009.mp4,3,1
15010,b_1Tb411L7yU_clip_003.mp4,0,3
15014,b_1d7411a7sR_clip_015.mp4,3,1
15015,c_movi7922_18.mp4,0,1
15016,b_1Xe411W7Q1_clip_015.mp4,1,3
15029,b_1yJ411k7Yo_clip_019.mp4,3,2
15036,b_1BJ411u7Sn_clip_006.mp4,1,2
15040,b_1YK4y1k7SF_clip_030.mp4,2,3
15047,y_uNZiDOiorz4_clip_18.mp4,3,1
15070,b_1B4411j7Wo_clip_037.mp4,0,1
15082,b_1Dx41167Vx_part1_clip_001.mp4,1,2
15110,b_1hE411k7re_clip_011.mp4,3,2
15115,c_movi7932_26.mp4,1,0
15148,b_1B4411j7Wo_clip_030.mp4,0,1
15173,b_1NJ411q7pd_clip_010.mp4,1,2
15175,b_1zs411t7AF_part2_clip_004.mp4,2,1
15182,b_1bt41197FJ_clip_029.mp4,1,0
15186,b_1Ei4y1t7VC_clip_023.mp4,0,2
15201,b_1kQ4y1P78M_clip_021.mp4,0,2
15219,b_1fg4y1B7cA_clip_007.mp4,3,0
15235,b_1xz411z7b5_clip_022.mp4,3,1
15244,b_1cx411V7vf_part1_clip_005.mp4,1,0
15264,b_13x41117xV_clip_001.mp4,1,3
15270,y_Rp4IpAoz5kA_clip_7.mp4,2,0
15286,b_1b4411R7AX_clip_011.mp4,1,2
15290,c_movi7924_25.mp4,2,3
15301,b_1jJ41137F7_clip_028.mp4,2,3
15302,b_18W411J75e_clip_016.mp4,2,1
15310,b_1rt411q7vk_clip_026.mp4,2,1
15319,b_1S54y1R7o3_clip_013.mp4,1,2
15323,c_sunp1713_12.mp4,3,1
15339,b_1B4411r7M7_clip_041.mp4,0,1
15345,b_1Ws411F7MQ_clip_018.mp4,0,1
15360,b_144411Q75M_clip_018.mp4,3,0
15368,b_1yE41187A9_clip_012.mp4,3,1
15370,b_1i7411f7Jc_clip_002.mp4,3,1
15379,b_1rJ411K7pL_clip_028.mp4,0,2
15382,b_1XJ411G77m_clip_029.mp4,0,1
15386,b_1e4411a7Aw_clip_003.mp4,2,0
15390,b_1PJ411B7eE_clip_028.mp4,2,0
15392,b_1tJ411C7sF_clip_001.mp4,1,2
15407,b_1mb411w7ei_clip_010.mp4,0,1
15414,b_1Ab411h7kK_clip_039.mp4,1,0
15416,b_17x411X7hm_clip_001.mp4,0,1
15419,b_194411C7mL_clip_011.mp4,3,0
15423,b_1Ht411X7Qn_clip_019.mp4,3,0
15435,b_1Ws411F7MQ_clip_015.mp4,1,2
15441,y_DoiBz_oa6XA_clip_6.mp4,3,1
15442,b_1Et411b7Jm_clip_047.mp4,1,2
15457,b_1uJ411h7tp_clip_011.mp4,2,1
15462,y_8n805p23z1I_clip_8.mp4,3,2
15464,b_1rk4y1k7F9_clip_008.mp4,1,3
15486,b_1G4411i7Xt_clip_033.mp4,0,1
15491,b_1L4411Y7ib_clip_028.mp4,0,1
15513,b_1LW411s7qq_clip_039.mp4,3,1
15514,b_1at411b7Yw_clip_003.mp4,0,2
15515,b_1Zt411F75e_clip_039.mp4,0,3
15523,b_1ft411B7pV_clip_017.mp4,3,1
15533,b_1at411y7Eo_clip_010.mp4,2,1
15543,b_1Gg4y1z7gn_clip_011.mp4,0,1
15548,b_1X7411m71Z_clip_006.mp4,3,2
15554,b_1s7411J7yN_clip_002.mp4,1,2
15556,b_1JE41147LF_clip_001.mp4,3,1
15558,y_uNZiDOiorz4_clip_12.mp4,2,3
15581,b_1LW411v7Tv_part1_clip_009.mp4,1,2
15587,b_1MW411J7Br_clip_034.mp4,3,1
15593,b_1G7411K7oi_clip_020.mp4,0,3
15606,b_1Gt411p7rv_clip_012.mp4,3,0
15617,y_tP19WuyY3IY_clip_3.mp4,0,1
15649,b_1JW411b7Vn_part2_clip_006.mp4,0,3
15656,b_1y4411Z7Xb_clip_029.mp4,0,2
15703,b_1Lx41117sr_part1_clip_004.mp4,0,2
15709,b_1yE411j7KU_clip_077.mp4,3,0
15712,b_18J411H7we_clip_028.mp4,2,0
15737,y_w8oNl1D20Hs_clip_10.mp4,0,1
15755,b_1jJ411V7xT_clip_024.mp4,3,2
15758,b_1bJ411J78u_clip_018.mp4,2,1
15761,b_124411F77k_clip_008.mp4,1,0
15766,b_1Yt411T7w2_clip_008.mp4,3,1
15770,b_1at411b7Yw_clip_021.mp4,2,1
15771,b_1At411i75B_clip_009.mp4,1,2
15797,b_1bt411Q7qe_clip_020.mp4,0,2
15811,c_movi7925_3.mp4,0,3
15840,y_23ZW80OBD9g_clip_11.mp4,0,3
15851,b_1hW411e7WB_clip_017.mp4,3,2
15894,b_1uE411s7Cf_clip_005.mp4,2,1
15938,b_1cJ41167TW_clip_019.mp4,3,2
15955,b_1qK4y1r7G5_clip_016.mp4,3,1
16022,c_movi7924_1.mp4,1,2
16029,b_19b411i7a3_clip_014.mp4,0,1
16035,b_18441187uH_clip_004.mp4,1,2
16045,b_14s411r7mP_part2_clip_003.mp4,2,3
16071,b_1Bb411A74A_clip_002.mp4,3,2
16118,b_1ya4y1e7Tn_clip_033.mp4,3,0
16127,b_19t411B7A4_clip_001.mp4,3,1
16128,b_19J411H7pW_clip_002.mp4,3,0
16136,b_1SJ411S7Hb_clip_030.mp4,3,1
16142,c_movi7951_3.mp4,0,1
16146,b_1zt41197dG_clip_002.mp4,0,2
16163,b_1F7411Z74z_clip_052.mp4,2,1
16167,b_1xz411z7b5_clip_021.mp4,1,3
16189,b_1Yt411Y7VQ_clip_026.mp4,1,2
16190,b_16x411o7wR_clip_011.mp4,2,3
16194,b_1bJ411J78u_clip_018.mp4,1,2
16214,b_1zJ411x7dw_clip_035.mp4,1,2
16228,b_194411Z7Nh_clip_027.mp4,2,3
16291,b_1L4411M7kf_clip_020.mp4,1,2
16312,b_1ZA411i7Li_clip_010.mp4,0,1
16370,y_jsfgLt6jf_g_clip_12.mp4,0,3
16387,b_1rk4y1k7F9_clip_006.mp4,1,2
16416,b_1yJ411s7Fw_clip_032.mp4,0,1
16468,b_1B4411D7Ak_clip_021.mp4,2,3
16482,b_1dJ411F7W2_clip_020.mp4,1,2
16501,y_grI4X4CiD8o_clip_8.mp4,1,2
16513,b_1bt41197FJ_clip_006.mp4,1,2
16540,b_174411Z7eo_clip_026.mp4,1,3
16542,b_1SE411g7EW_clip_037.mp4,1,2
16614,b_1Tx411D7hK_part1_clip_003.mp4,3,0
16619,b_1Gt411y7Xe_clip_026.mp4,2,1
16621,b_1S7411P7yB_clip_008.mp4,3,2
16625,b_1N4411J7oN_clip_012.mp4,2,1
16670,b_1Wk4y167ox_clip_033.mp4,0,2
16671,b_1tJ411Q7Yq_clip_002.mp4,0,1
16680,b_1j741157BM_clip_016.mp4,1,0
16690,b_1hJ41127mG_clip_015.mp4,1,0
16708,b_1J7411377C_clip_045.mp4,3,1
16741,b_1Bf4y1U7Ft_clip_027.mp4,0,1
16754,b_1U7411u7uy_clip_033.mp4,1,2
16769,b_1iJ411t7VY_clip_020.mp4,2,3
16784,b_1RT4y1u7Hf_clip_005.mp4,0,1
16846,b_1vJ411B7BH_clip_046.mp4,1,3
16852,b_18t41147ht_clip_010.mp4,0,1
16881,b_1n4411K7Np_clip_003.mp4,1,2
16896,b_1ix411R7tt_clip_006.mp4,1,2
16898,j_2793.mp4,3,2
16902,c_sunp1668_17.mp4,3,0
16931,b_1RJ411T7Hh_clip_008.mp4,2,3
16959,b_1xz411z7b5_clip_021.mp4,2,0
16977,b_1X7411m71Z_clip_015.mp4,0,3
16982,b_1zs411t7AF_part2_clip_002.mp4,2,3
17016,b_18a4y14785_clip_006.mp4,2,1
17018,b_1uE411C7sZ_clip_024.mp4,3,2
17071,b_1kJ411e7qf_clip_020.mp4,1,3
17072,b_1at411b7Yw_clip_035.mp4,3,1
17073,b_1UK411L7wa_clip_024.mp4,2,1
17122,b_1iJ411t7VY_clip_013.mp4,0,1
17143,b_1Xt411c76X_clip_015.mp4,1,3
17149,b_1ZA411i7Li_clip_016.mp4,2,3
17180,b_11x411i7ms_part1_clip_002.mp4,1,2
17189,b_1gJ411U7nb_clip_013.mp4,3,0
17197,b_12t411o7c5_clip_011.mp4,0,2
17214,b_1Bs411T7QD_clip_002.mp4,1,0
17254,y_tP19WuyY3IY_clip_14.mp4,2,1
17258,b_1yJ411k7Yo_clip_019.mp4,1,2
17273,b_1YE411r7e1_clip_011.mp4,0,1
17298,b_1et411q7Pj_clip_044.mp4,3,1
17319,b_1F7411x7Xw_clip_044.mp4,2,1
17373,b_1Gt411p7rv_clip_007.mp4,3,1
17376,b_1tJ411C7sF_clip_045.mp4,1,2
17390,b_1Rt411j7yx_clip_024.mp4,2,1
17393,b_15b411V7pZ_clip_021.mp4,0,2
17397,b_187411V7WG_clip_096.mp4,3,2
17407,b_1Ez411q7MR_clip_014.mp4,3,0
17423,b_1sC4y1s7oK_clip_006.mp4,0,1
17427,b_1b4411R7AX_clip_043.mp4,2,3
17483,b_1F4411d7Um_clip_007.mp4,1,0
17498,b_1d7411a7sR_clip_015.mp4,0,2
17512,b_1Qx411C7FR_part1_clip_003.mp4,0,2
17530,b_1Nt41127AL_clip_012.mp4,0,3
17548,b_1ft411V7Ua_clip_035.mp4,2,0
17573,b_184411c7bt_clip_007.mp4,3,2
17698,b_1d54y1Q71E_clip_009.mp4,1,3
17708,b_1Ra4y1e7wT_clip_013.mp4,1,2
17716,b_16x411o7wR_clip_026.mp4,3,0
17800,b_1wT4y1V7iy_clip_006.mp4,3,2
17817,b_11x411i7ms_part1_clip_008.mp4,3,0
17823,y_IFconGvJ86o_clip_10.mp4,3,2
17835,y_0gdy9L5whEs_clip_24.mp4,3,2
17844,b_1z741177kN_clip_114.mp4,0,3
17845,b_17E411W7bc_clip_039.mp4,3,1
17912,b_1DK411W72b_clip_043.mp4,2,1
17920,b_1U7411u7uy_clip_028.mp4,2,1
17930,y_stMcp7RDGuA_clip_12.mp4,3,1
17942,b_1yE41187A9_clip_011.mp4,0,1
17946,b_17x411D7y6_part1_clip_014.mp4,1,2
17972,b_1H4411d7T9_clip_013.mp4,0,1
17981,b_1V441187rn_clip_018.mp4,1,0
18011,b_19W411Y7k2_part2_clip_010.mp4,2,1
18015,b_1HT4y1g7E3_clip_001.mp4,2,3
18041,b_1r4411W7un_clip_025.mp4,3,2
18055,b_1764y1M7zr_clip_019.mp4,0,1
18125,b_1wZ4y1j729_clip_018.mp4,0,3
18161,b_1VZ4y1j7C2_clip_012.mp4,3,2
18191,b_1Gk4y1r7HT_clip_002.mp4,0,2
18208,b_1kt411174V_clip_002.mp4,1,2
18257,b_1sx41147Ve_part1_clip_019.mp4,2,3
18322,y_ts7lKdhojGY_clip_51.mp4,2,1
18338,b_1WE411j7JR_clip_006.mp4,3,0
18367,y_AC2R889a-LI_clip_24.mp4,0,1
18394,b_14b411y79D_clip_007.mp4,0,1
18527,b_1Kz411b7vS_clip_013.mp4,2,3
18553,b_1yV411d7fP_clip_003.mp4,3,1
18616,b_1Dx41167Vx_part1_clip_006.mp4,2,1
18674,b_1bJ411J78u_clip_038.mp4,2,1
18703,b_1JE41147LF_clip_018.mp4,3,0
18726,b_157411V7Rt_clip_039.mp4,0,3
18735,b_13W411S7hX_clip_020.mp4,1,2
18762,b_1b7411y7Kg_clip_002.mp4,3,1
18771,b_1a4411B7sb_clip_011.mp4,3,1
18794,b_1pZ4y1s7ma_clip_004.mp4,1,2
18837,b_1wT4y1V7iy_clip_030.mp4,3,2
18907,b_1kt411C7cs_clip_009.mp4,1,0
18923,b_1X7411i7Ph_clip_050.mp4,2,0
18935,b_1hW411e7WB_clip_013.mp4,2,3
18951,b_1Yt411Y7VQ_clip_013.mp4,0,1
18983,b_14x411z7Qu_part1_clip_012.mp4,3,2
18999,b_1U4411L75y_clip_016.mp4,1,2
19165,y_jXS553HFNsY_clip_13.mp4,1,2
19195,b_12s411V71w_clip_019.mp4,3,1
19258,y_V55gacAEnfI_clip_13.mp4,3,1
19286,y_LZe6ujj48bo_clip_5.mp4,2,1
19287,b_1Qa4y1i7Rn_clip_006.mp4,1,2
19305,b_1Lt411G7XD_clip_020.mp4,3,2
19314,b_1Mt41177QG_clip_027.mp4,0,2
19316,b_1ut4y117xD_clip_027.mp4,3,2
19370,y_cLIurgN2TWM_clip_12.mp4,0,2
19375,b_1Ux411D7av_clip_017.mp4,0,2
19391,y_diKJNf2OzBk_clip_4.mp4,3,2
19409,b_1zs411t7nk_part2_clip_007.mp4,0,2
19417,b_1Z4411H7pb_clip_014.mp4,0,2
19439,b_1jJ411V7xT_clip_009.mp4,0,1
19465,b_13t411F7iD_clip_037.mp4,3,1
19469,b_1Vs411c765_clip_010.mp4,0,1
19503,b_1U7411u7uy_clip_055.mp4,0,1
19526,b_13t411F7iD_clip_024.mp4,2,1
19572,b_1Yt411n7yQ_clip_020.mp4,0,2
19588,b_1dx411u7Ji_clip_010.mp4,3,2
19593,b_1KJ411T7Jo_clip_004.mp4,3,1
19645,b_1X7411p7ZA_clip_009.mp4,0,3
19651,b_1Mt41177QG_clip_022.mp4,2,1
19661,b_1GW411p7LU_part2_clip_017.mp4,0,1
19668,b_194411Z7Nh_clip_017.mp4,0,1
19675,b_1Dt411e7Lu_clip_018.mp4,2,1
19721,b_1j741157BM_clip_101.mp4,3,2
19869,b_1Ht41137f7_clip_014.mp4,3,2
19870,b_12J41147hT_clip_046.mp4,0,2
19872,b_1G7411K7oi_clip_020.mp4,2,3
19902,b_12J41147hT_clip_012.mp4,3,0
19923,b_1Z4411H7pb_clip_017.mp4,3,2
19967,b_197411y7eX_clip_011.mp4,2,1
19987,b_1hE411p7Th_clip_049.mp4,1,2
20019,b_1V441187rn_clip_019.mp4,0,2
20037,b_1i7411f7Jc_clip_044.mp4,0,3
20048,b_1at411b7Yw_clip_014.mp4,2,3
20084,b_1BQ4y1M7Lx_clip_005.mp4,0,2
20097,b_1fW411J79x_part2_clip_010.mp4,3,1
20099,b_1YJ411x78w_clip_007.mp4,0,2
20174,b_1ek4y19747_clip_012.mp4,3,1
20194,b_184411F7DJ_clip_006.mp4,3,1
20203,b_1XJ411G77m_clip_018.mp4,3,2
20331,b_18t41147ht_clip_005.mp4,1,0
20338,b_1DW411b7Xp_clip_013.mp4,1,3
20342,c_sunp1713_6.mp4,3,1
20363,b_1ex411G7zY_part2_clip_002.mp4,3,1
20395,b_1G7411G7yS_clip_001.mp4,2,1
20429,b_1LE411i7jn_clip_022.mp4,2,3
20435,b_1Qi4y1x7Ht_clip_023.mp4,0,3
20442,b_1h5411t7Z5_clip_005.mp4,3,1
20449,b_144411Q75M_clip_018.mp4,0,2
20470,b_1xz4y197zH_clip_020.mp4,0,1
20517,b_19W41127pS_clip_002.mp4,2,1
20542,b_1Gt411p7rv_clip_027.mp4,2,0
20577,b_1FW41177m2_part1_clip_006.mp4,3,2
20695,b_1At411V7X9_clip_016.mp4,0,1
20726,b_144411U7gM_clip_021.mp4,0,1
20727,c_movi7916_5.mp4,1,3
20740,b_147411W7AT_clip_039.mp4,0,2
20765,b_187411V7WG_clip_119.mp4,2,3
20773,b_1b4411R7AX_clip_046.mp4,1,2
20794,b_1s7411e7XW_clip_047.mp4,3,1
20798,b_1qJ411Y7Rf_clip_032.mp4,2,0
20801,b_1q64y1T7Qh_clip_028.mp4,3,0
20843,b_1Kt411c7wF_clip_017.mp4,3,2
20849,b_1a4411e7sC_clip_032.mp4,2,1
20862,b_1Gk4y1r7HT_clip_009.mp4,0,3
20870,b_1z741177kN_clip_086.mp4,1,3
20908,b_1at411b7Yw_clip_035.mp4,0,1
20917,b_14s411r72D_part1_clip_013.mp4,0,2
20946,b_197411y7eX_clip_012.mp4,0,2
20983,b_1R64y1T7mj_clip_010.mp4,3,1
21081,b_1jE41167bv_clip_042.mp4,2,1
21093,b_1a7411L7PC_clip_094.mp4,1,3
21157,b_18t41147ht_clip_003.mp4,1,2
21160,b_1it41197M2_clip_038.mp4,0,1
21167,b_1KE411J715_clip_005.mp4,0,1
21185,b_1Ab411k7qb_clip_044.mp4,1,2
21226,b_1GW411p7LU_part2_clip_015.mp4,0,1
21266,b_18b411F7hq_clip_007.mp4,3,1
21270,b_1St411F7zW_clip_017.mp4,1,0
21294,b_1aW411s7AU_part1_clip_005.mp4,1,3
21330,c_movi7926_33.mp4,2,0
21339,b_1Yk4y1R7hE_clip_030.mp4,0,2
21397,b_1Qx411G7Qa_clip_011.mp4,2,1
21436,b_1KK41157yS_clip_019.mp4,3,0
21502,b_1R7411u769_clip_100.mp4,1,0
21540,b_1x4411N7yL_clip_006.mp4,0,1
21542,b_1b7411y7Kg_clip_002.mp4,1,3
21546,b_1vJ411B7BH_clip_046.mp4,0,1
21576,b_1hE411J77d_clip_020.mp4,2,1
21584,b_1PZ4y1477R_clip_035.mp4,2,1
21598,b_157411V7Rt_clip_039.mp4,2,0
21637,b_1vx41147zm_clip_006.mp4,0,3
21659,b_1L7411R73G_clip_038.mp4,0,3
21683,b_1a7411L7PC_clip_137.mp4,2,3
21713,b_1kx41147ee_part2_clip_001.mp4,2,0
21818,b_1D4411n7J6_clip_030.mp4,0,1
21860,b_1yE411j7KU_clip_061.mp4,0,2
21864,b_1Mt41177QG_clip_019.mp4,1,0
21893,y_LPTSJ_-_JRU_clip_27.mp4,3,1
21963,b_1Gk4y1r7HT_clip_002.mp4,1,3
21965,y_RHKFbr4wRTY_clip_9.mp4,1,0
22029,b_1CJ411b7ru_clip_037.mp4,2,0
22101,b_15b411e766_clip_013.mp4,1,3
22113,b_1PA411h72w_clip_038.mp4,2,1
22214,b_1jJ411V7xT_clip_010.mp4,0,3
22236,b_14s411r7QT_part1_clip_011.mp4,0,1
22292,b_1E4411t7de_clip_023.mp4,0,3
22424,b_1gt411G7gi_clip_036.mp4,1,3
22429,b_1DE411P71Y_clip_037.mp4,2,1
22434,b_1Wk4y167ox_clip_011.mp4,2,3
22485,b_1ix411Q7BZ_part1_clip_011.mp4,1,2
22499,y_rKFyUXXfLkY_clip_37.mp4,0,2
22575,b_1YK4y1k7SF_clip_002.mp4,0,1
22581,b_1uJ411h7tp_clip_034.mp4,1,2
22593,b_1ZA411i7Li_clip_032.mp4,2,1
22673,b_1cf4y1U76Q_clip_049.mp4,3,2
22690,b_134411x7kc_clip_006.mp4,2,0
22820,y_dPbipg5_kqM_clip_16.mp4,3,0
22832,b_1KK41157yS_clip_014.mp4,3,0
22845,b_1vA411b75N_clip_016.mp4,1,3
22917,b_17x411D7y6_part2_clip_002.mp4,0,3
22943,b_1mx411S7tx_clip_002.mp4,0,1
22956,b_1vJ411B7BH_clip_002.mp4,3,2
22962,b_1tT4y157Mo_clip_056.mp4,0,1
22988,b_1DW411i7a2_part1_clip_016.mp4,1,2
23078,y_AC2R889a-LI_clip_10.mp4,2,3
23086,b_1J7411377C_clip_013.mp4,2,1
23088,b_1G7411G7yS_clip_103.mp4,1,2
23092,b_1WE411F7LD_clip_022.mp4,3,0
23094,b_1NJ411F7Y6_clip_003.mp4,1,3
23108,b_1RA411q7vt_clip_015.mp4,1,3
23118,b_1xz4y197zH_clip_010.mp4,0,1
23206,b_1Xt411V7CT_clip_015.mp4,2,1
23214,b_1Dt41157CX_clip_031.mp4,1,0
23298,b_1n741157ss_clip_043.mp4,2,3
23303,b_1G4411i7Xt_clip_001.mp4,0,1
23314,b_1jJ411V7xT_clip_021.mp4,0,1
23316,b_1h7411v7mp_clip_038.mp4,2,1
23320,b_1SE411Z7mT_clip_008.mp4,1,2
23354,b_1Rt411c7FC_clip_022.mp4,3,2
23360,y_ts7lKdhojGY_clip_47.mp4,2,1
23363,y_PT6KvPI6UNU_clip_6.mp4,0,2
23373,b_1h5411t7Z5_clip_005.mp4,0,1
23397,y_x4ARm4OS5gs_clip_9.mp4,1,2
23455,b_1et411v7TQ_clip_004.mp4,0,1
23538,c_movi7924_21.mp4,2,3
23564,b_1Qa4y1i7Rn_clip_014.mp4,0,1
23593,j_2960.mp4,0,3
23695,b_1kx411f751_clip_037.mp4,2,0
23698,b_1B7411s7t1_clip_003.mp4,0,1
23707,b_1qK4y1t79B_clip_004.mp4,3,1
23708,b_1TJ411s7yy_clip_006.mp4,1,3
23743,b_1XJ411G77m_clip_017.mp4,3,2
23769,b_1UZ4y1x7w2_clip_008.mp4,3,0
23775,b_17x411k7Vz_part1_clip_004.mp4,3,2
23786,b_184411F7DJ_clip_006.mp4,0,1
23788,b_1i741177YW_clip_044.mp4,3,1
23865,b_1Gt411p7rv_clip_012.mp4,2,1
23867,b_194411u7wN_clip_015.mp4,3,1
23889,b_17J411a7tz_clip_035.mp4,0,3
23915,b_154411S7ue_clip_016.mp4,3,1
23928,b_1Rt411n7CX_clip_014.mp4,3,0
23963,c_movi7924_21.mp4,0,3
24023,b_14b411y79D_clip_008.mp4,0,2
24043,b_1dE411d7D7_clip_026.mp4,0,2
24060,b_1x4411c7p3_clip_005.mp4,0,2
24076,b_1X7411p7ZA_clip_044.mp4,3,2
24082,b_1Ft4y117VZ_clip_031.mp4,3,0
24083,b_1Yx411B7QX_part3_clip_001.mp4,0,2
24098,y_DUX_IhauRlI_clip_8.mp4,3,0
24127,b_16x411o7wR_clip_003.mp4,2,1
24145,b_1Xt411s7y5_clip_013.mp4,1,2
24163,b_13t411K7i7_clip_004.mp4,0,1
24174,b_1m7411P7Fe_clip_013.mp4,0,1
24205,b_1B4411j7Wo_clip_006.mp4,1,2
24229,b_1dt4y1C7f5_clip_018.mp4,3,0
24281,b_1a7411L7PC_clip_014.mp4,0,1
24299,b_1At4y1U7Xt_clip_035.mp4,2,1
24300,b_1Yt411Y7VQ_clip_020.mp4,0,1
24315,b_18t41147ht_clip_008.mp4,3,2
24321,b_1PJ411B7eE_clip_018.mp4,1,0
24388,b_14K41177wQ_clip_002.mp4,0,2
24447,b_1B4411M7a6_clip_045.mp4,0,1
24456,b_1G7411G7yS_clip_034.mp4,1,2
24529,b_1T64y1u7An_clip_002.mp4,0,1
24551,b_12J41147hT_clip_023.mp4,2,3
24565,b_1cx411V7vf_part1_clip_005.mp4,1,0
24632,b_1Yt411Y7VQ_clip_011.mp4,2,0
24649,b_1B4411d7Pv_clip_006.mp4,0,2
24668,y_0gdy9L5whEs_clip_21.mp4,0,2
24710,b_1B4411j7Wo_clip_014.mp4,0,2
24720,y_dPbipg5_kqM_clip_21.mp4,3,1
24734,b_1E741117ZY_clip_002.mp4,2,0
24736,b_1r4411W7un_clip_024.mp4,0,1
24743,b_1Tx411z79U_part1_clip_001.mp4,0,1
24756,b_1dt4y1C7f5_clip_018.mp4,0,3
24791,b_1Gk4y1r7HT_clip_002.mp4,0,1
24810,b_1xQ4y1T7cR_clip_001.mp4,3,1
24855,c_movi7929_6.mp4,1,0
24883,c_movi7924_22.mp4,2,3
24927,c_movi7952_18.mp4,0,3
24947,b_1fW411J79x_part1_clip_001.mp4,2,1
24965,b_1PE411X762_clip_025.mp4,3,2
25061,b_1B4411j7Wo_clip_024.mp4,2,1
25079,b_1Tt411d7LE_clip_018.mp4,1,2
25094,b_1eW411v7iX_clip_006.mp4,2,0
25095,b_1z741177kN_clip_050.mp4,3,1
25168,y_eGJg0u9pD_s_clip_8.mp4,1,0
25179,b_1rJ411K7pL_clip_040.mp4,3,2
25197,b_1f4411N7Zp_clip_047.mp4,3,1
25227,b_1X7411i7Ph_clip_028.mp4,1,3
25232,b_1bt411q7fm_clip_046.mp4,1,0
25246,b_14a4y147uG_clip_011.mp4,0,3
25248,b_1rJ411875j_clip_002.mp4,3,1
25267,b_184411F7DJ_clip_006.mp4,0,3
25282,b_1zs411t7nk_part1_clip_003.mp4,0,1
25289,b_1P4411S7BR_clip_016.mp4,1,3
25310,b_1Qx411G7Qa_clip_011.mp4,3,1
25319,b_1rJ411875j_clip_035.mp4,1,2
25321,b_1Gt411y7Xe_clip_023.mp4,2,3
25325,b_1Yt41157g5_clip_005.mp4,0,1
25336,b_1Yk4y1R7hE_clip_014.mp4,3,2
25341,b_1nW41187Ch_part1_clip_016.mp4,2,0
25346,b_1zJ411x7dw_clip_036.mp4,1,2
25405,b_1XJ411m7H5_clip_022.mp4,3,2
25410,b_1U4411V7fj_clip_007.mp4,3,1
25438,b_1G7411K7oi_clip_024.mp4,0,2
25465,b_1M4411P73G_clip_003.mp4,3,0
25491,b_1a4411e7sC_clip_032.mp4,0,1
25540,b_16b411C7Y7_clip_023.mp4,3,2
25561,b_1YE411R7Rk_clip_017.mp4,1,0
25593,b_1sA411h7A2_clip_022.mp4,2,1
25684,b_1ix411Z7U6_clip_003.mp4,1,3
25753,c_sunp1671_10.mp4,1,2
25764,b_1kJ411e7qf_clip_020.mp4,1,2
25791,b_1Tt411F7W7_clip_002.mp4,0,2
25809,b_18x411D7vv_part1_clip_011.mp4,1,2
25892,b_1Yt411Y7VQ_clip_025.mp4,3,1
25919,b_1CJ411b7ru_clip_007.mp4,0,3
25933,b_1jJ411V7xT_clip_037.mp4,3,1
26142,b_17x411X7hm_clip_016.mp4,1,2
26148,b_1qJ411Y7Rf_clip_032.mp4,2,3
26158,b_1zs411t7nk_part2_clip_007.mp4,1,3
26169,b_1kJ411e7qf_clip_023.mp4,2,1
26217,y_xjhHM0ilzZ8_clip_2.mp4,1,2
26278,b_1Tx411z79U_part1_clip_011.mp4,0,1
26320,b_18f4y1U73n_clip_004.mp4,1,3
26350,b_1i741177YW_clip_025.mp4,2,1
26374,b_1Wk4y167ox_clip_010.mp4,1,2
26501,b_1TW411e7yg_part1_clip_002.mp4,1,3
26507,b_1bE411s7kk_clip_037.mp4,3,1
26516,b_1b4411R7AX_clip_011.mp4,3,2
26536,b_1X7411m71Z_clip_006.mp4,3,2
26553,b_1kt411C7cs_clip_015.mp4,3,2
26583,b_1s5411x75d_clip_012.mp4,1,0
26585,b_1yt411k7va_clip_026.mp4,2,1
26600,y_ts7lKdhojGY_clip_37.mp4,2,1
26602,b_1EJ411i7jU_clip_013.mp4,2,1
26603,b_1At411g7Sm_clip_008.mp4,1,2
26611,b_1zJ411x7dw_clip_017.mp4,1,3
26620,b_1Q5411s7Lb_clip_036.mp4,2,1
26673,b_1hW411e7WB_clip_010.mp4,0,1
26683,b_1ct411w7UH_clip_002.mp4,2,3
26696,b_1kt411C7cs_clip_026.mp4,3,0
26732,y_A4NxVXfqt64_clip_7.mp4,1,2
26785,b_1NQ4y1N7N3_clip_012.mp4,0,3
26829,b_1b4411N78e_clip_004.mp4,3,0
26861,b_11E411n7y2_clip_024.mp4,0,2
26908,b_1Ab411k7qb_clip_044.mp4,3,1
26955,b_1Cb411b7ix_clip_051.mp4,0,2
27005,b_1KK41157yS_clip_042.mp4,2,3
27101,b_1n441187Ew_clip_025.mp4,1,0
27186,y_-04uoKKmOPs_clip_5.mp4,2,0
27198,b_1Mb41157pm_clip_031.mp4,1,2
27349,b_1yJ411k7Yo_clip_018.mp4,0,3
27427,b_1CJ411b7ru_clip_030.mp4,2,1
27431,b_1CJ411b7ru_clip_022.mp4,0,2
27479,b_1ix411Z7U6_clip_003.mp4,3,2
27504,b_1b4411e7cX_clip_023.mp4,2,0
27507,j_2971.mp4,0,3
27624,b_1i741177YW_clip_044.mp4,2,3
27640,b_1Ws411F7MQ_clip_015.mp4,3,1
27690,b_1xa4y1t7dP_clip_002.mp4,0,1
27771,b_1et411v7TQ_clip_023.mp4,3,2
27786,b_1SJ41167QX_clip_011.mp4,2,1
27791,b_16W411i73r_part1_clip_015.mp4,3,1
27823,b_1J7411377C_clip_028.mp4,0,1
27831,b_1Yt411T7w2_clip_008.mp4,1,2
27840,b_1j54y1X7cr_clip_042.mp4,0,3
27862,b_1ix41167dQ_part2_clip_006.mp4,0,1
27925,b_1nt411E76Z_clip_029.mp4,1,0
28022,c_movi7929_6.mp4,3,2
28115,b_19E411q721_clip_007.mp4,2,3
28117,y_UVtl1cSSC3M_clip_17.mp4,0,2
28126,b_1Sx411x7Zd_part1_clip_008.mp4,2,0
28192,c_movi7924_22.mp4,0,1
28226,b_1xx411d7n8_clip_021.mp4,1,3
28241,b_1X7411L7P7_clip_040.mp4,3,0
28264,b_1iJ411t7VY_clip_016.mp4,3,1
28317,b_1XJ411G77m_clip_017.mp4,2,1
28320,b_11J411C7Hj_clip_016.mp4,1,0
28327,b_1Bs411T7QD_clip_006.mp4,3,2
28330,b_1hE411k7re_clip_001.mp4,2,3
28350,b_1BC4y147Da_clip_009.mp4,3,1
28372,c_movi7923_1.mp4,0,2
28391,b_197411y7eX_clip_011.mp4,1,2
28430,b_1b4411W7eX_clip_039.mp4,0,2
28471,b_1nJ411q7Nw_clip_004.mp4,2,1
28478,b_1Jt411R7tD_clip_022.mp4,3,1
28499,b_1hE411p7Th_clip_007.mp4,0,1
28531,b_1b4411e7cX_clip_023.mp4,2,1
28574,b_13t411K7i7_clip_004.mp4,3,1
28584,b_1qK4y1r7G5_clip_017.mp4,3,1
28590,b_1Gg4y1a7Ef_clip_038.mp4,3,2
28721,b_1yg4y187PF_clip_043.mp4,1,3
28845,b_1wt411u7QM_clip_022.mp4,3,1
28915,b_1mt411e7s2_clip_002.mp4,2,3
28951,b_1z4411B7K5_clip_032.mp4,2,0
28977,b_1R7411p7qA_clip_015.mp4,0,3
29004,b_1Yt411T7w2_clip_010.mp4,3,2
29043,b_1xQ4y1T7cR_clip_001.mp4,1,2
29055,b_1yE411j7KU_clip_014.mp4,0,1
29076,b_11E41127kV_clip_015.mp4,3,1
29080,b_1yt411k7va_clip_004.mp4,3,2
29199,b_1hE411p7Th_clip_082.mp4,2,0
29203,b_1cJ41167TW_clip_025.mp4,0,2
29208,b_1Px411b7of_part1_clip_002.mp4,3,2
29321,b_1Cb411b7BW_clip_032.mp4,3,0
29338,c_movi7926_28.mp4,3,1
29346,b_1cJ411X74E_clip_006.mp4,0,2
29354,b_1d7411a7sR_clip_015.mp4,2,1
29357,b_1h5411t7Z5_clip_008.mp4,2,1
29547,b_14E411C7j1_clip_045.mp4,2,1
29560,b_1YJ411x78w_clip_001.mp4,0,3
29600,b_1Cb411b7ix_clip_057.mp4,1,3
29609,b_1Ez411q7MR_clip_014.mp4,3,1
29648,b_1cW411G7xb_part1_clip_018.mp4,0,3
29876,b_1xz4y197zH_clip_020.mp4,1,2
29906,b_1dJ411F7W2_clip_020.mp4,0,2
29907,b_1SJ411S7Hb_clip_010.mp4,0,3
30006,b_1Cx411q7pz_part1_clip_012.mp4,1,2
30018,b_1b4411B7zM_clip_015.mp4,0,1
30028,b_1fb411t7cg_clip_018.mp4,1,2
30056,b_1wt411h72Q_clip_017.mp4,1,0
30140,b_1b4411R7AX_clip_046.mp4,3,2
30222,b_1Qx411C7FR_part1_clip_003.mp4,0,3
30224,b_164411C7Ai_clip_014.mp4,0,3
30239,b_1SJ411S7Hb_clip_016.mp4,2,1
30345,b_1xz411z7b5_clip_007.mp4,0,1
30351,b_1wK41157Pp_clip_009.mp4,3,2
30403,b_1Jx411f7Vv_clip_020.mp4,3,2
30446,b_1PJ41147iD_clip_011.mp4,3,1
30461,b_1G4411i7Xt_clip_046.mp4,2,1
30495,b_1Gt411y7Xe_clip_023.mp4,0,3
30525,b_1Gt411y7Xe_clip_026.mp4,3,2
30536,b_1XJ411G77m_clip_003.mp4,0,3
30630,b_18a4y14785_clip_009.mp4,3,1
30633,b_1KK41157yS_clip_032.mp4,2,0
30669,b_1hW411e7WB_clip_010.mp4,1,0
30683,b_1yE411j7KU_clip_070.mp4,3,2
30705,b_17b411H7b9_clip_014.mp4,1,3
30777,b_1ix41167dQ_part1_clip_011.mp4,1,0
30781,b_1Fk4y1z7d6_clip_021.mp4,2,3
30940,y_eGJg0u9pD_s_clip_1.mp4,1,2
30947,b_1wZ4y1j729_clip_033.mp4,1,3
30954,b_1H441117w9_clip_026.mp4,2,1
31107,b_1R7411u769_clip_073.mp4,1,3
31162,b_1Tx411z79U_part1_clip_008.mp4,1,3
31189,b_1xz4y197zH_clip_033.mp4,2,1
31282,b_1zJ411x7dw_clip_029.mp4,0,2
31374,b_1Tt411E7T8_clip_007.mp4,0,1
31379,b_1hE411p7Th_clip_091.mp4,2,0
31398,b_1ZA411i7Li_clip_022.mp4,1,2
31434,b_1yE411j7KU_clip_061.mp4,2,1
31486,b_1BJ411u7Sn_clip_006.mp4,0,2
31547,b_1j741157BM_clip_123.mp4,0,1
31563,b_1hW411e7WB_clip_010.mp4,2,3
31579,b_1at411b7Yw_clip_074.mp4,0,1
31608,b_1YE411R7Rk_clip_017.mp4,2,3
31614,b_1Tx411z79U_part1_clip_004.mp4,3,1
31630,b_14K41177wQ_clip_017.mp4,0,3
31645,b_1X7411i7Ph_clip_043.mp4,2,1
31673,b_1DE411P71Y_clip_016.mp4,0,1
31700,b_1zJ411x7dw_clip_029.mp4,2,1
31729,y_kledRNuLZP8_clip_11.mp4,0,1
31756,b_1wJ411P7Hd_clip_004.mp4,0,2
31767,b_1N4411J7oN_clip_012.mp4,2,3
31779,b_157411V7Rt_clip_013.mp4,3,1
31967,b_1Bb411A74A_clip_008.mp4,3,1
32057,b_1s7411J7yN_clip_038.mp4,3,1
32155,b_12s411N7wZ_clip_009.mp4,0,1
32161,y_8GfCC_k_SOs_clip_10.mp4,3,0
32213,b_1YK4y1k7SF_clip_010.mp4,0,1
32259,b_1Va4y147PH_clip_031.mp4,2,3
32300,b_18x411D7vv_part1_clip_009.mp4,0,1
32374,j_2969.mp4,2,1
32409,b_16W411i7GR_part1_clip_011.mp4,0,1
32421,b_14s411r7mP_part2_clip_002.mp4,3,2
32505,c_sunp1672_13.mp4,0,3
32514,b_1dt4y1C7f5_clip_018.mp4,3,1
32576,b_1pa4y1v7d7_clip_024.mp4,2,0
32587,b_1mt411e7s2_clip_002.mp4,3,1
32595,b_13t411F7iD_clip_001.mp4,2,3
32626,b_1vJ411B7BH_clip_014.mp4,2,1
32663,b_1LE411i7jn_clip_022.mp4,2,0
32734,b_1oE411x76E_clip_038.mp4,3,1
32760,b_13t411F7iD_clip_001.mp4,0,2
32767,b_1PJ411v7n1_clip_034.mp4,0,1
32855,b_1J7411377C_clip_018.mp4,0,2
32879,b_1B4411j7Wo_clip_021.mp4,3,1
32917,b_1et411g7t5_clip_035.mp4,0,1
32921,b_157411V7Rt_clip_011.mp4,2,1
33161,b_1f4411p7oB_clip_033.mp4,0,2
33177,b_18a4y14785_clip_025.mp4,0,1
33235,b_1Ht411X7Qn_clip_004.mp4,2,1
33353,b_1Gt411y7Xe_clip_001.mp4,3,2
33419,y_IWX3CxTzGN4_clip_2.mp4,1,2
33426,b_1JE41147LF_clip_021.mp4,2,3
33472,b_1DW411b7Xp_clip_011.mp4,2,1
33530,c_movi7922_30.mp4,1,0
33579,b_187411V7WG_clip_013.mp4,3,0
33614,b_1a4411e7sC_clip_032.mp4,3,1
33617,b_1YE411R7Rk_clip_012.mp4,0,3
33635,b_1bt411z7Ps_clip_024.mp4,1,0
33654,b_1Mb41157pm_clip_024.mp4,2,3
33663,b_1jE41167bv_clip_041.mp4,0,3
33716,b_1Gt411p7rv_clip_002.mp4,0,3
33762,b_14E411D7YA_clip_038.mp4,3,2
33772,b_1yg4y187PF_clip_004.mp4,0,3
33825,b_1wZ4y1j729_clip_018.mp4,1,2
33876,b_1hE411J77d_clip_022.mp4,0,3
33903,b_1sC4y1s7oK_clip_006.mp4,3,1
33911,y_6_L5tcEvGUw_clip_13.mp4,2,1
34011,b_1bJ411J78u_clip_028.mp4,3,0
34021,b_1KT4y157KK_clip_022.mp4,2,1
34026,b_12J41147hT_clip_006.mp4,3,2
34124,c_sunp1691_18.mp4,2,1
34126,b_1z741177kN_clip_083.mp4,3,1
34131,b_1DK411W72b_clip_025.mp4,0,2
34155,b_1kQ4y1N7n3_clip_021.mp4,0,1
34162,b_18C4y147hP_clip_013.mp4,3,2
34174,b_1uK411L7sS_clip_001.mp4,2,3
34304,b_1BQ4y1M7Lx_clip_006.mp4,3,1
34335,b_1p7411W74B_clip_046.mp4,1,0
34343,b_1RJ411T7Hh_clip_008.mp4,0,3
34386,b_1RJ411T7Hh_clip_010.mp4,3,2
34413,b_1hE411p7Th_clip_084.mp4,0,1
34420,b_1Bb411A74A_clip_008.mp4,2,1
34473,b_1bs41137JZ_clip_006.mp4,2,1
34516,b_1DW411b7Xp_clip_013.mp4,0,2
34521,b_1it41157YF_clip_016.mp4,2,1
34568,b_1NJ411q7pd_clip_024.mp4,1,3
34614,b_1et411v7TQ_clip_009.mp4,0,1
34709,b_1dt411N7Vb_clip_024.mp4,2,1
34714,y_jXS553HFNsY_clip_6.mp4,3,0
34777,y_A4NxVXfqt64_clip_18.mp4,2,3
34778,b_19J411p7Ck_clip_008.mp4,3,1
34797,b_1Mi4y1b7GK_clip_016.mp4,0,2
34847,b_1NJ411q7pd_clip_023.mp4,2,3
34859,b_1b4411W7eX_clip_039.mp4,2,3
34862,y_0hhLZtjyZhA_clip_11.mp4,0,1
34876,b_1sk4y1R76V_clip_004.mp4,3,2
34957,b_1At4y1U7Xt_clip_010.mp4,0,2
34959,y_IWX3CxTzGN4_clip_2.mp4,0,2
34986,b_1ex411G7zY_part1_clip_001.mp4,0,1
35001,b_1Xt411s7y5_clip_012.mp4,0,1
35019,b_1Jx411Q79o_clip_006.mp4,1,2
35061,b_1yt411k7va_clip_028.mp4,3,0
35191,b_1Gk4y1r7HT_clip_004.mp4,0,3
35262,b_1Sx41197oS_clip_006.mp4,2,0
35272,b_1Qi4y1x7Ht_clip_023.mp4,3,2
35305,y_xjhHM0ilzZ8_clip_21.mp4,2,1
35310,b_1B7411s7t1_clip_025.mp4,3,1
35352,b_1xz4y197zH_clip_018.mp4,2,1
35356,b_1St411N77p_clip_002.mp4,2,3
35372,b_1CJ411b7ru_clip_007.mp4,3,1
35422,b_1DE411P71Y_clip_042.mp4,3,1
35465,y_grI4X4CiD8o_clip_37.mp4,0,1
35473,b_1G7411K7oi_clip_024.mp4,3,1
35547,b_1B4411d7Pv_clip_006.mp4,2,3
35569,b_1B4411j7Wo_clip_021.mp4,1,3
35612,b_1dA411471P_clip_021.mp4,0,2
35662,b_1Gt411p7rv_clip_024.mp4,0,1
35702,c_movi7925_17.mp4,2,1
35797,b_1et411q7Pj_clip_011.mp4,0,2
35919,b_1vA411b75N_clip_015.mp4,2,1
35953,b_1ZV411k741_clip_017.mp4,2,1
35962,b_1ME411F7sz_clip_032.mp4,1,0
35996,b_1ft411t7zd_clip_017.mp4,1,2
36060,b_1EJ411i7jU_clip_012.mp4,2,1
36118,b_1wT4y1V7iy_clip_030.mp4,3,2
36141,b_1yJ411k7Yo_clip_043.mp4,3,0
36184,b_1KK41157yS_clip_034.mp4,3,1
36202,b_1KJ411T7Jo_clip_015.mp4,2,3
36208,b_1U7411u7uy_clip_018.mp4,2,1
36247,b_1at411y7Eo_clip_021.mp4,1,2
36321,b_1uE411C7sZ_clip_010.mp4,1,0
36349,y_BoaWexJjHa8_clip_5.mp4,1,2
36362,b_1ix411Z7U6_clip_007.mp4,0,1
36367,b_1KK41157yS_clip_014.mp4,0,3
36374,b_1c54y1R7Tb_clip_020.mp4,0,1
36401,b_1JW411b7Vn_part1_clip_003.mp4,1,2
36406,c_movi7926_30.mp4,3,1
36439,b_1YJ411x78w_clip_007.mp4,0,1
36459,c_movi7952_23.mp4,2,0
36485,b_1U7411u7uy_clip_002.mp4,0,1
36493,b_14s411r7Qj_clip_011.mp4,2,0
36651,b_1ut4y117xD_clip_037.mp4,3,1
36711,b_1nW41187Ch_part1_clip_016.mp4,3,1
36722,b_1Jt411R7tD_clip_023.mp4,0,2
36857,b_1RE411n7zq_clip_001.mp4,3,1
36892,b_1nE411Z7Tk_clip_002.mp4,0,1
36909,b_194411C7mL_clip_002.mp4,3,1
36916,y_0hhLZtjyZhA_clip_11.mp4,0,3
36937,b_14K41157xw_clip_025.mp4,3,2
36961,b_1i741177YW_clip_059.mp4,3,2
36964,b_184411c7bt_clip_017.mp4,1,2
36991,b_1v4411g7cH_clip_007.mp4,0,2
37054,b_14K41157xw_clip_022.mp4,1,2
37190,b_1GW411p7LU_part2_clip_017.mp4,1,2
37203,b_1G7411G7yS_clip_103.mp4,0,1
37237,b_18t411w7Q8_clip_003.mp4,2,1
37251,b_1bt411Q7qe_clip_016.mp4,1,0
37454,b_1mt411e7s2_clip_031.mp4,0,1
37485,b_1G7411K7oi_clip_024.mp4,0,1
37538,b_18f4y1U73n_clip_004.mp4,3,1
37598,b_1k7411y72r_clip_028.mp4,1,0
37747,b_1rk4y1k7F9_clip_015.mp4,3,1
37751,y_V55gacAEnfI_clip_3.mp4,1,2
38010,b_1UK411L7wa_clip_042.mp4,1,2
38020,b_1bt411q7fm_clip_067.mp4,0,1
38131,b_184411F7DJ_clip_009.mp4,3,2
38136,b_1y4411Z7Xb_clip_008.mp4,3,2
38146,y_jsfgLt6jf_g_clip_12.mp4,2,3
38154,b_1bE411s7kk_clip_019.mp4,3,1
38165,b_1Nt41127AL_clip_012.mp4,3,0
38240,b_13t411F7iD_clip_033.mp4,2,3
38370,b_1KJ411T7Jo_clip_015.mp4,2,0
38403,b_1UK411L7wa_clip_010.mp4,3,2
38455,b_1Yk4y1R7hE_clip_030.mp4,0,1
38472,b_1FW41177m2_part2_clip_029.mp4,0,2
38514,c_sunp1672_13.mp4,1,2
38549,b_12a4y1i7Nk_clip_042.mp4,0,2
38629,b_19J411z7or_clip_011.mp4,2,1
38654,b_17W411B7wM_clip_002.mp4,3,1
38658,b_1At4y1U7Xt_clip_010.mp4,2,1
38665,b_1Tb411L7yU_clip_015.mp4,2,1
38666,b_1S7411B7Er_clip_037.mp4,3,2
38715,b_1j54y1X7cr_clip_004.mp4,0,2
38719,b_1WE411j7JR_clip_026.mp4,0,3
38775,b_1at411y7Eo_clip_017.mp4,3,2
38783,b_1b4411R7AX_clip_002.mp4,3,1
38784,b_1yJ411k7Yo_clip_010.mp4,1,0
38790,b_1t4411j7zM_clip_005.mp4,3,1
38824,b_1X7411m71Z_clip_001.mp4,0,3
38863,b_1tJ411C7sF_clip_010.mp4,1,0
38918,b_1zs411t7nk_part1_clip_005.mp4,3,1
39013,b_16W411i73r_part2_clip_004.mp4,3,1
39022,b_1wZ4y1j729_clip_018.mp4,2,1
39048,b_1J7411377C_clip_013.mp4,0,2
39092,b_1Ft4y117VZ_clip_032.mp4,2,1
39129,b_1bt411q7fm_clip_012.mp4,3,1
39175,b_1B7411s7t1_clip_003.mp4,0,1
39186,b_1FW41177m2_part1_clip_026.mp4,1,2
39223,b_1yE411j7KU_clip_046.mp4,1,0
39274,b_1d7411a7sR_clip_029.mp4,2,0
39333,b_1F7411x7Xw_clip_027.mp4,2,1
39361,b_1a7411f7SH_clip_032.mp4,2,1
39404,b_1CJ411b7ru_clip_005.mp4,3,1
39426,b_1mW411979K_clip_009.mp4,2,3
39430,b_1UK411L7wa_clip_010.mp4,3,0
39454,b_194411Z7Nh_clip_007.mp4,3,1
39471,y_iX5wSGmT7aw_clip_15.mp4,1,2
39523,b_14t41177Xw_clip_006.mp4,1,3
39592,b_1gE411L7oE_clip_024.mp4,3,1
39672,b_1UK411L7wa_clip_042.mp4,3,2
39977,b_19t411B7A4_clip_003.mp4,1,2
39995,b_1X7411m71Z_clip_010.mp4,1,3
40055,b_1LA411t7mT_clip_014.mp4,2,0
40101,b_1Nt41127AL_clip_012.mp4,2,0
40152,b_18J411H7we_clip_013.mp4,0,1
40168,y_jsfgLt6jf_g_clip_12.mp4,3,1
40233,b_1Wx411i7Zr_part2_clip_003.mp4,1,2
40255,b_1Z4411H7pb_clip_021.mp4,0,1
40279,b_1zE411o7Ga_clip_025.mp4,1,2
40430,b_1Gt411y7Xe_clip_004.mp4,3,2
40525,y_jRsR22p2i2U_clip_4.mp4,1,0
40602,b_1XJ411G77m_clip_017.mp4,1,3
40637,b_1XW411h7eW_clip_006.mp4,0,1
40643,b_1KE411J715_clip_005.mp4,1,2
41037,b_1Mb411J77z_clip_036.mp4,0,1
41063,b_1GJ411L7iJ_clip_035.mp4,0,3
41253,b_1Cx411q7pz_part1_clip_012.mp4,2,1
41312,y_AC2R889a-LI_clip_8.mp4,0,2
41327,b_1At411V7X9_clip_013.mp4,2,1
41332,b_1b4411e7cX_clip_017.mp4,0,1
41357,b_154411S7ue_clip_016.mp4,0,1
41411,b_1Lt411j7s5_clip_036.mp4,2,1
41427,b_15b411b7DL_clip_015.mp4,1,3
41462,b_13t411k7ib_clip_029.mp4,3,1
41511,b_1cW411G7xb_part1_clip_018.mp4,2,3
41586,b_1Yk4y1R7hE_clip_008.mp4,0,2
41644,b_1et411g7t5_clip_035.mp4,2,0
41697,b_14E411D7YA_clip_038.mp4,1,3
41824,b_1fg4y1B7cA_clip_037.mp4,3,0
41827,y_eGJg0u9pD_s_clip_1.mp4,1,3
41855,b_1NJ411q7pd_clip_024.mp4,2,0
41915,b_154411S7ue_clip_016.mp4,3,1
42020,b_17W411B7wM_clip_007.mp4,2,1
42061,b_1yE411j7KU_clip_070.mp4,1,0
42121,b_15J411n7bA_clip_019.mp4,3,2
42208,b_1Cb411b7ix_clip_053.mp4,0,3
42219,b_1j54y1X7cr_clip_035.mp4,0,2
42268,b_1RT4y1u7Hf_clip_020.mp4,0,1
42520,b_124411F77k_clip_028.mp4,3,1
42661,b_1mW411979K_clip_015.mp4,3,2
42698,y_tjXukxZzsg8_clip_21.mp4,2,1
42756,b_17x411k7Vz_part1_clip_003.mp4,0,1
42828,b_1Va4y147PH_clip_031.mp4,0,3
42980,b_1Gx411G7fz_part1_clip_006.mp4,0,1
43039,b_1Lt411G7XD_clip_014.mp4,2,1
43093,b_16W411i7GR_part1_clip_011.mp4,3,1
43126,b_14s411r7mP_part2_clip_003.mp4,1,2
43303,b_13E411B76K_clip_003.mp4,2,3
43304,b_1et411v7TQ_clip_007.mp4,0,1
43530,y_bShdVgAByxs_clip_2.mp4,1,2
43534,b_1Ct411J7VD_clip_032.mp4,1,2
43641,b_1yt411k7va_clip_037.mp4,2,3
43688,b_1yE411j7KU_clip_061.mp4,3,2
43690,b_1aW411s7AU_part1_clip_007.mp4,3,1
43726,b_1EW411J7fz_part1_clip_013.mp4,3,0
43850,b_1X7411i7Ph_clip_020.mp4,0,2
43877,b_1Yk4y1R7hE_clip_009.mp4,0,3
43878,b_1Ws411F7MQ_clip_028.mp4,3,1
44065,b_1wt411u7QM_clip_022.mp4,0,2
44130,b_1RE411H7di_clip_046.mp4,2,1
44217,b_1fg4y1B7cA_clip_038.mp4,2,1
44244,b_1a7411L7PC_clip_120.mp4,1,0
44288,b_1Zt411F75e_clip_045.mp4,3,1
44368,y_Gdm0JP8Egyc_clip_1.mp4,3,2
44421,b_1hx411o7vo_clip_028.mp4,3,0
44459,b_1a4411B7sb_clip_006.mp4,1,2
44530,b_1Z4411H7pb_clip_017.mp4,2,1
44535,b_1et411g7t5_clip_005.mp4,1,2
44589,b_16W411i7GR_part1_clip_010.mp4,0,2
44630,y_kledRNuLZP8_clip_11.mp4,1,0
44660,b_1H7411C7jf_clip_006.mp4,1,2
44695,b_1rk4y1k7F9_clip_014.mp4,0,1
44775,b_1Tx411z79U_part1_clip_002.mp4,1,2
44830,b_1dA411471P_clip_021.mp4,1,3
44861,b_1JE41147LF_clip_021.mp4,3,2
44895,b_1Gt411y7Xe_clip_023.mp4,2,1
44926,y_0gdy9L5whEs_clip_14.mp4,0,1
45069,b_1yJ411k7Yo_clip_019.mp4,1,3
45118,b_1h5411t7Z5_clip_025.mp4,3,1
45126,b_1yE411j7KU_clip_077.mp4,0,3
45148,b_1p7411W74B_clip_041.mp4,3,2
45347,b_1j54y1X7cr_clip_035.mp4,3,2
45579,b_1yE411j7KU_clip_016.mp4,2,3
45678,b_19E411P7RL_clip_016.mp4,1,2
45715,b_1uK411L7sS_clip_001.mp4,3,1
45787,b_1J7411377C_clip_045.mp4,2,3
45808,y_rKFyUXXfLkY_clip_2.mp4,3,0
46113,b_1Wk4y167ox_clip_020.mp4,1,2
46122,b_1sx41167tG_part2_clip_008.mp4,2,1
46143,b_1mt411e7s2_clip_031.mp4,0,1
46195,b_1n441187Ew_clip_017.mp4,0,1
46216,b_184411N734_clip_022.mp4,2,1
46345,b_1f4411S7Ty_clip_029.mp4,2,1
46440,b_1n441187Ew_clip_017.mp4,0,2
46461,b_12a4y1i7Nk_clip_037.mp4,1,3
46468,b_1cW411G7xb_part2_clip_006.mp4,3,0
46527,b_1LW411v7Tv_part1_clip_001.mp4,0,2
46601,y_n8S0it3v0pg_clip_6.mp4,3,1
46715,b_1EW411v73M_part2_clip_018.mp4,3,2
46718,b_1it41157YF_clip_023.mp4,2,3
46793,b_1ix411Z7U6_clip_037.mp4,2,3
46873,b_1Bb411A74A_clip_011.mp4,0,1
46916,b_1Kz411b7vS_clip_013.mp4,2,1
46932,b_1AJ411579g_clip_040.mp4,1,2
47052,b_1Ab411k7qb_clip_044.mp4,2,0
47083,b_1Ht41137f7_clip_014.mp4,3,2
47206,b_1bt411z7Ps_clip_022.mp4,0,3
47220,b_1a7411L7PC_clip_137.mp4,2,3
47240,b_144411U7gM_clip_011.mp4,0,1
47244,b_1ft411V7Ua_clip_035.mp4,0,1
47290,b_17J411a7tz_clip_035.mp4,3,2
47312,b_1b7411y7Kg_clip_002.mp4,2,3
47497,b_1B4411d7Pv_clip_018.mp4,3,1
47503,b_1a7411L7PC_clip_120.mp4,1,0
47560,b_1hE411k7re_clip_009.mp4,3,0
47574,b_1bE411s7kk_clip_037.mp4,3,0
47639,c_movi7924_10.mp4,3,0
47640,b_1YK4y1k7SF_clip_002.mp4,3,1
47686,b_1tT4y157Mo_clip_047.mp4,3,0
47695,b_1bt411q7fm_clip_038.mp4,1,2
47696,b_1px411k7hN_clip_006.mp4,3,1
47878,b_1Q5411s7Lb_clip_020.mp4,3,1
48029,b_1L7411x7PA_clip_026.mp4,3,0
48039,b_1St411N77p_clip_002.mp4,1,2
48102,b_1f4411S7Ty_clip_028.mp4,3,1
48188,b_1j741157BM_clip_126.mp4,2,1
48203,b_1FW411h7P3_clip_006.mp4,0,2
48216,b_1hE411p7Th_clip_069.mp4,0,3
48252,c_sunp1672_13.mp4,3,1
48289,b_1LW411s7qq_clip_037.mp4,3,1
48302,b_1n741157ss_clip_058.mp4,3,1
48339,b_15x411d7uX_clip_011.mp4,3,2
48433,b_1k7411m7Fp_clip_010.mp4,0,1
48488,b_1bs41137JZ_clip_006.mp4,0,3
48578,b_1XJ411G77m_clip_016.mp4,0,3
48610,b_1p7411W74B_clip_025.mp4,2,3
48679,b_1Xt411s7y5_clip_010.mp4,1,2
48682,b_1ut4y117xD_clip_037.mp4,2,0
48715,b_12a4y1i7Nk_clip_037.mp4,0,1
48737,c_sunp1692_4.mp4,1,3
48746,b_1Gk4y1r7HT_clip_029.mp4,0,2
48846,b_1mt411e7s2_clip_032.mp4,2,3
48890,c_movi7919_10.mp4,2,1
49069,b_1xJ41167Q1_clip_019.mp4,0,3
49201,y_diKJNf2OzBk_clip_8.mp4,0,1
49221,b_16W411i7GR_part2_clip_005.mp4,1,3
49250,b_1RE411H7di_clip_018.mp4,0,2
49274,b_1RJ411T7Hh_clip_038.mp4,0,2
49307,b_1YJ411x78w_clip_001.mp4,1,2
49362,b_1n741157ss_clip_058.mp4,1,2
49429,b_1Bb411A74A_clip_011.mp4,1,3
49500,b_1Ab411k7qb_clip_044.mp4,1,3
49569,b_1Gt411p7rv_clip_024.mp4,3,2
49576,b_1Vf4y1S71s_clip_014.mp4,1,0
49605,b_1gE411L7oE_clip_007.mp4,0,3
49746,y_eGJg0u9pD_s_clip_4.mp4,1,3
49930,c_sunp1692_12.mp4,2,1
49938,b_18W411t7xG_clip_005.mp4,1,3
49948,b_1ex411G7zY_part1_clip_005.mp4,1,2
50036,b_1X7411p7ZA_clip_009.mp4,2,1
50124,b_15b411e766_clip_013.mp4,0,2
50243,b_1SJ41167QX_clip_011.mp4,3,0
50530,c_movi7952_14.mp4,2,1
50545,b_1NJ411q7pd_clip_011.mp4,0,2
50697,b_1CW411h7oK_part2_clip_012.mp4,2,1
50737,c_movi7941_16.mp4,2,3
50790,y_rKFyUXXfLkY_clip_1.mp4,0,3
50843,b_1YJ411x78w_clip_001.mp4,3,1
50896,b_12t411R75D_clip_039.mp4,0,1
51076,b_1KK41157yS_clip_014.mp4,1,2
51124,y_7N1NUytbpZg_clip_5.mp4,3,2
51253,b_1B4411d7Pv_clip_013.mp4,3,2
51327,b_1B4411M7a6_clip_045.mp4,2,1
51365,b_15b411P7tY_clip_041.mp4,2,1
51397,b_1RJ411y7df_clip_001.mp4,2,3
51557,y_ghHBwCu5hiU_clip_5.mp4,0,3
51581,b_1Ht411x7sF_clip_011.mp4,3,1
51610,b_1Lz411B7zd_clip_003.mp4,3,1
51652,b_14t411K7Bb_clip_004.mp4,0,2
51852,b_13t411K7i7_clip_022.mp4,3,1
51871,b_1HT4y1g7E3_clip_008.mp4,0,3
51903,b_1Yt411T7w2_clip_010.mp4,0,1
51990,b_1d7411a7sR_clip_001.mp4,2,1
52087,b_1kC4y14752_clip_029.mp4,3,2
52097,b_1bJ411x7an_clip_019.mp4,2,1
52126,b_1bJ411J78u_clip_028.mp4,2,1
52175,c_movi7916_12.mp4,2,1
52286,b_1At411i75B_clip_009.mp4,3,2
52296,b_1VE411a7Aa_clip_019.mp4,0,3
52305,b_1sJ41187Yb_clip_036.mp4,3,2
52397,b_1bW411B7qV_part1_clip_017.mp4,3,2
52402,b_1ZA411i7Li_clip_010.mp4,0,3
52419,b_1Yk4y1R7hE_clip_001.mp4,1,0
52428,b_1P4411S7BR_clip_003.mp4,0,2
52472,c_sunp1693_13.mp4,3,0
52576,b_1bJ411x7an_clip_019.mp4,1,0
52663,b_1G7411G7yS_clip_001.mp4,1,3
52821,b_1b4411R7AX_clip_046.mp4,3,1
52878,c_movi7926_21.mp4,2,1
53027,b_15J411n7bA_clip_010.mp4,1,2
53163,b_1c54y1R7Tb_clip_024.mp4,0,2
53216,b_1j54y1X7cr_clip_004.mp4,3,0
53300,b_14s411r7Qj_clip_015.mp4,1,2
53326,b_1yt411k7va_clip_013.mp4,1,3
53766,b_1h5411t7Z5_clip_025.mp4,3,1
54008,b_1m7411P7Fe_clip_013.mp4,2,3
54179,c_movi7923_28.mp4,2,1
54335,b_1Tt411F7W7_clip_002.mp4,0,3
54418,b_1SJ411S7Hb_clip_008.mp4,0,1
54444,b_16W411i7GR_part2_clip_005.mp4,3,0
54450,b_1fg4y1B7cA_clip_007.mp4,0,2
54465,b_1Ht411X7Qn_clip_007.mp4,0,2
54522,y_ljEdPecAbwA_clip_4.mp4,3,2
54809,b_1z741177kN_clip_083.mp4,2,1
54878,b_19441127r4_clip_034.mp4,3,2
54897,b_13E411B7zm_clip_012.mp4,3,1
54942,b_1yE411j7KU_clip_016.mp4,2,3
54988,b_1H7411C7jf_clip_011.mp4,0,1
55014,b_1Jt411q7Nh_clip_034.mp4,0,2
55106,y_stMcp7RDGuA_clip_9.mp4,1,0
55203,b_1S7411P7yB_clip_012.mp4,0,2
55497,b_1gW411q771_part1_clip_015.mp4,3,2
55783,b_1H5411s7ho_clip_012.mp4,3,1
55789,b_1C441157dQ_clip_015.mp4,0,3
56055,b_1Ai4y1t7Rj_clip_030.mp4,3,1
56170,b_1aW411s7AU_part1_clip_021.mp4,0,3
56275,b_1nt411E76Z_clip_002.mp4,3,1
56343,b_14s411r7Qj_clip_015.mp4,2,3
56667,b_1b4411e7cX_clip_020.mp4,3,2
56695,b_1JE41147LF_clip_011.mp4,2,1
56755,b_16W411i7GR_part1_clip_011.mp4,2,3
56890,b_1PE411X762_clip_007.mp4,2,1
56950,j_3632.mp4,2,1
56958,b_1B4411j7Wo_clip_011.mp4,2,3
56980,b_1Ab411k7qb_clip_044.mp4,3,2
57004,b_1Bf4y1U7Ft_clip_020.mp4,3,2
57149,b_1JE41147LF_clip_095.mp4,1,3
57351,b_1b4411R7AX_clip_043.mp4,3,1
57365,b_1kt411C7cs_clip_030.mp4,3,1
57387,b_1ek4y19747_clip_020.mp4,2,1
57439,b_15b411b7DL_clip_020.mp4,3,2
57603,b_1c54y1R7Tb_clip_035.mp4,1,3
57892,y_Gdm0JP8Egyc_clip_3.mp4,0,2
57952,b_18J411H7we_clip_013.mp4,0,1
57978,b_1Xt411s7y5_clip_010.mp4,2,1
58033,b_1YK4y1k7SF_clip_010.mp4,2,1
58036,b_17E411W7bc_clip_039.mp4,3,1
58060,b_13E411B7zm_clip_012.mp4,2,1
58229,b_1B4411M7a6_clip_045.mp4,1,3
58451,b_1gW411q771_part2_clip_023.mp4,1,2
58491,b_1ek4y19747_clip_048.mp4,1,0
58496,b_1ZA411i7Li_clip_005.mp4,1,2
58526,b_1SE411g7EW_clip_037.mp4,0,2
58614,b_1ZA411i7Li_clip_041.mp4,0,3
58659,b_1hE411p7Th_clip_003.mp4,1,2
58690,b_1EJ411i7jU_clip_013.mp4,3,0
58791,b_1Wk4y167ox_clip_010.mp4,2,3
58793,b_1GW411p7LU_part2_clip_017.mp4,3,0
58806,b_1hx411o7vo_clip_022.mp4,3,1
58890,c_sunp1690_3.mp4,0,3
58936,b_1xz4y197zH_clip_008.mp4,0,1
59268,b_1nE411Z7Tk_clip_002.mp4,1,0
59270,b_1sQ4y1M7E8_clip_016.mp4,0,1
59377,b_1M4411P73G_clip_002.mp4,0,1
59379,b_184411c7bt_clip_001.mp4,0,1
59436,b_1Jt411q7Nh_clip_034.mp4,1,3
59462,b_1xz411z7b5_clip_033.mp4,1,3
59549,b_1d7411a7sR_clip_029.mp4,3,1
59620,b_1bt411z7Ps_clip_022.mp4,0,1
59658,b_1yE411j7KU_clip_077.mp4,3,2
59737,b_1b7411y7Kg_clip_002.mp4,0,2
59753,b_1Ht41137f7_clip_016.mp4,3,1
59904,c_movi7926_30.mp4,2,1
59949,b_12s411V71w_clip_005.mp4,0,1
60071,b_1Kz411b7vS_clip_005.mp4,1,3
60143,y_4XSxGWZEzaE_clip_6.mp4,2,3
60180,c_sunp1693_15.mp4,0,1
60202,b_1bJ411x7an_clip_019.mp4,3,0
60276,b_1bE411v7CP_clip_010.mp4,0,2
60296,b_11x411i7ms_part1_clip_008.mp4,3,1
60323,b_1ix41167dQ_part1_clip_011.mp4,0,2
60336,b_1At411i75B_clip_009.mp4,2,1
60581,b_1p4411U7m1_clip_044.mp4,0,2
60603,b_1L7411R73G_clip_038.mp4,3,0
60634,b_14K41157xw_clip_025.mp4,0,3
60754,b_1Sp4y1C7DJ_clip_016.mp4,0,2
60854,b_1B4411j7Wo_clip_011.mp4,0,1
61118,b_1Yi4y1s7Ex_clip_024.mp4,1,2
61173,y_dPbipg5_kqM_clip_21.mp4,1,3
61221,b_1JE41147LF_clip_011.mp4,3,1
61365,b_1b4411R7AX_clip_043.mp4,3,2
61452,b_19E411P7RL_clip_016.mp4,1,2
61476,y_grI4X4CiD8o_clip_34.mp4,3,1
61519,b_14K41177wQ_clip_002.mp4,0,2
61562,y_jRsR22p2i2U_clip_4.mp4,1,0
61690,b_1Et411J7jq_clip_011.mp4,0,2
61854,b_1UK411L7wa_clip_042.mp4,2,3
61953,b_1Yt411T7w2_clip_010.mp4,2,0
62053,b_1h7411v7mp_clip_038.mp4,2,3
62090,b_1yE411j7Vo_clip_039.mp4,1,0
62329,b_1j54y1X7cr_clip_007.mp4,1,2
62360,b_1BC4y147Da_clip_014.mp4,0,2
62377,b_1Gt411p7rv_clip_003.mp4,0,1
62441,b_1X7411p7ZA_clip_009.mp4,3,1

id,filename,gt_answer,pred_answer
2,j_3263.mp4,3,0
5,b_1s7411J7yN_clip_106.mp4,1,3
6,b_1At411A7VH_clip_002.mp4,3,2
11,b_1A4411H7RU_clip_012.mp4,0,1
13,b_1DT4y137h7_clip_021.mp4,3,2
14,c_sunp1691_7.mp4,2,1
24,b_1ME411F7sz_clip_030.mp4,3,2
25,b_1mx411S7tx_clip_007.mp4,3,2
28,y_bixqbLMxIbs_clip_20.mp4,1,2
30,b_1n741157ss_clip_053.mp4,0,1
32,b_1Ft411E7zW_clip_013.mp4,1,0
37,b_1764y1M7zr_clip_018.mp4,1,3
41,j_3274.mp4,2,1
45,b_1U7411u7uy_clip_035.mp4,0,3
48,b_154411S7ue_clip_006.mp4,3,1
52,b_1q441127YQ_clip_012.mp4,1,0
53,b_154411S7ue_clip_006.mp4,2,1
54,b_1j741157BM_clip_016.mp4,0,3
60,b_194411p7Ho_clip_020.mp4,1,0
61,b_1dE411d7D7_clip_015.mp4,2,1
63,b_1ZA411i7Li_clip_005.mp4,1,3
64,b_1Yt411Y7VQ_clip_020.mp4,1,2
65,y_DoiBz_oa6XA_clip_13.mp4,0,1
68,b_1G7411G7yS_clip_024.mp4,3,2
69,b_1Gt411p7rv_clip_002.mp4,2,0
71,b_1YE411R7Rk_clip_019.mp4,1,0
74,b_1Z4411H7pb_clip_026.mp4,0,1
79,b_1Na4y1i7jC_clip_043.mp4,2,1
80,b_14s411r72D_part2_clip_005.mp4,1,3
83,b_1Ht41137f7_clip_012.mp4,0,1
88,b_1bJ411J78u_clip_043.mp4,3,2
89,c_movi7929_16.mp4,2,1
92,b_1rf4y127sM_clip_027.mp4,3,1
98,b_1Qc411h7aP_clip_004.mp4,2,1
104,b_1yJ411k7Yo_clip_023.mp4,2,3
106,c_sunp1714_13.mp4,1,0
107,b_1R7411u769_clip_083.mp4,3,0
109,y_r5LeXZiuplQ_clip_4.mp4,1,3
110,b_1hE411k7re_clip_001.mp4,2,3
111,b_1Wa4y1t7y7_clip_038.mp4,0,1
112,b_1B4411j7Wo_clip_014.mp4,3,0
113,b_1bs41137JZ_clip_006.mp4,0,2
116,b_1qK4y1t79B_clip_004.mp4,1,0
117,b_1a7411L7PC_clip_073.mp4,0,3
118,b_1vJ411B7BH_clip_014.mp4,0,1
122,b_184411m7DP_clip_012.mp4,1,0
123,y_kBbv9xGng_A_clip_16.mp4,1,0
124,b_1i441117ec_clip_009.mp4,0,1
127,b_13x41197oW_clip_004.mp4,3,0
132,b_1bt411z7Ps_clip_005.mp4,1,0
137,y_LPTSJ_-_JRU_clip_34.mp4,2,3
146,b_19b41127Fv_clip_005.mp4,0,1
148,y_NliNOzuoeeg_clip_1.mp4,3,2
149,b_19A411t7dq_clip_023.mp4,2,1
150,b_1gp411Z7uR_part2_clip_010.mp4,2,0
154,b_144411U7gM_clip_009.mp4,0,1
156,b_1qE411o7GU_clip_012.mp4,3,0
158,b_13E411B76K_clip_024.mp4,0,3
162,b_1NJ411q7pd_clip_015.mp4,1,0
163,y_8GfCC_k_SOs_clip_13.mp4,3,0
171,b_1XJ411G77m_clip_044.mp4,2,3
173,b_12E411Z7fV_clip_017.mp4,3,1
174,b_1Ab411h7kK_clip_038.mp4,1,3
176,b_1hE411p7Th_clip_089.mp4,3,0
178,b_1SJ41167QX_clip_033.mp4,0,2
184,y_rKFyUXXfLkY_clip_7.mp4,3,0
186,b_1at411y7Eo_clip_050.mp4,3,2
187,c_sunp1672_2.mp4,3,1
195,b_19J411p7Ck_clip_011.mp4,2,0
198,b_1jt411e7vy_clip_066.mp4,2,1
199,b_1Zx411G7Zb_part2_clip_002.mp4,0,2
203,b_1xV411f74o_clip_025.mp4,0,2
205,b_1Kt41137CX_clip_033.mp4,0,2
206,b_1Yk4y1R7hE_clip_014.mp4,1,2
208,b_1nJ411q7Nw_clip_032.mp4,3,2
211,b_1Px411Q7hu_part2_clip_001.mp4,3,0
219,b_1fg4y1B7cA_clip_028.mp4,0,1
228,c_sunp1648_14.mp4,1,0
229,y_iX5wSGmT7aw_clip_15.mp4,3,0
230,b_1NJ411F7Y6_clip_037.mp4,0,3
234,b_1rx41167zx_part1_clip_011.mp4,2,0
238,b_1ex411G7zY_part1_clip_012.mp4,2,0
244,b_1TJ411s7yy_clip_037.mp4,3,1
247,b_13t411g7Z3_clip_015.mp4,0,2
251,b_1Qi4y1x7Ht_clip_008.mp4,0,2
255,b_16W411i7GR_part2_clip_005.mp4,2,0
256,y_D3e9OhvRSDo_clip_21.mp4,3,1
257,b_1bt411q7fm_clip_007.mp4,3,1
263,b_18C4y147hP_clip_002.mp4,0,1
270,b_1Fx411172G_part1_clip_002.mp4,1,2
274,b_1Gk4y1r7HT_clip_001.mp4,2,1
276,b_12K4y1C7ak_clip_002.mp4,3,1
278,b_1Bs411T7QD_clip_009.mp4,3,2
281,b_19t411q7rr_clip_034.mp4,2,1
282,b_1q64y1T7Qh_clip_028.mp4,3,2
283,b_1ox411B7yE_part2_clip_007.mp4,3,2
284,b_1Ht411X7Qn_clip_013.mp4,3,1
286,b_1SZ4y1p75f_clip_022.mp4,0,2
290,y_uNZiDOiorz4_clip_19.mp4,2,1
291,b_1iT4y1u721_clip_010.mp4,3,2
296,b_1RJ411T7Hh_clip_020.mp4,3,2
301,b_1cJ411X74E_clip_005.mp4,3,2
302,j_3677.mp4,1,0
305,b_1it41157YF_clip_021.mp4,0,1
307,b_1uE411C7sZ_clip_017.mp4,2,1
311,y_ts7lKdhojGY_clip_9.mp4,0,1
317,b_1Wa4y1t7y7_clip_007.mp4,3,0
318,c_movi7951_12.mp4,0,2
319,b_1AW411H7j9_part2_clip_013.mp4,3,2
320,b_1j7411h7kb_clip_010.mp4,0,1
326,y_TRpDI-LdkDI_clip_19.mp4,3,0
331,b_1fW411t7Hw_clip_007.mp4,1,2
333,b_1Va4y147PH_clip_006.mp4,1,0
336,b_1RE411H7di_clip_033.mp4,0,3
341,b_174411Z7eo_clip_004.mp4,0,3
342,b_1Lt411j7s5_clip_019.mp4,2,1
347,b_1js411u7Er_clip_017.mp4,1,3
350,b_1uE411C7sZ_clip_032.mp4,3,2
351,b_1kt411C7cs_clip_002.mp4,3,0
352,b_1dA411471P_clip_030.mp4,3,1
355,b_1rk4y1k7F9_clip_009.mp4,3,1
357,y_Qo_y-6rCrJk_clip_11.mp4,0,1
363,b_184411c7bt_clip_021.mp4,0,1
373,b_1U7411u7uy_clip_050.mp4,3,1
383,b_1zx411B7zz_part1_clip_011.mp4,3,1
386,c_movi7922_7.mp4,0,2
391,c_sunp1672_13.mp4,2,0
395,b_1Xt411V7CT_clip_001.mp4,0,2
404,b_18J411H7we_clip_035.mp4,2,1
406,b_17b411H7b9_clip_021.mp4,2,0
408,b_1ya4y1e7Tn_clip_050.mp4,0,1
419,b_1xQ4y1T7cR_clip_009.mp4,0,1
420,b_1Fx411x7ge_clip_007.mp4,1,0
421,b_1Qi4y1x7Ht_clip_003.mp4,3,2
422,b_1Z64y1u7vw_clip_004.mp4,3,1
425,b_1cx411f7Pw_clip_046.mp4,1,2
427,b_1RJ411T7Hh_clip_006.mp4,3,1
428,b_1EJ41117Tu_clip_001.mp4,3,1
431,b_1DK411W72b_clip_014.mp4,2,3
438,b_1nt411E76Z_clip_007.mp4,2,0
445,b_1a7411f7SH_clip_024.mp4,2,0
458,b_1a4411o7DJ_clip_012.mp4,1,2
463,b_1NJ411F7Y6_clip_021.mp4,0,2
468,b_1GJ411h7Mb_clip_030.mp4,2,1
473,b_1yt411k7va_clip_035.mp4,1,2
478,b_1mW411Y7wF_part1_clip_013.mp4,3,1
479,b_16t411r7Go_clip_001.mp4,2,3
494,b_17b411H7b9_clip_019.mp4,3,1
497,b_1z741177kN_clip_057.mp4,0,1
499,y_LPTSJ_-_JRU_clip_15.mp4,0,2
503,b_1Tx411z79U_part1_clip_002.mp4,0,1
511,b_1WE411F7LD_clip_012.mp4,1,2
525,b_1764y1M7zr_clip_037.mp4,0,1
527,b_17J411a7tz_clip_027.mp4,2,1
541,b_1dA411471P_clip_030.mp4,1,2
549,y_ifP0zIiijro_clip_6.mp4,3,2
550,b_1j741157BM_clip_029.mp4,2,1
555,b_1gW411q771_part2_clip_023.mp4,2,1
558,b_1q7411W7jb_clip_026.mp4,1,3
560,b_1a4411o7DJ_clip_005.mp4,2,3
576,b_1Jt411v7ZN_clip_017.mp4,2,1
578,b_1bQ4y1A7FW_clip_012.mp4,3,2
590,y_Rp4IpAoz5kA_clip_8.mp4,2,1
593,b_1YE411R7Rk_clip_003.mp4,0,1
602,b_16b411C7Y7_clip_023.mp4,0,2
605,y_r5LeXZiuplQ_clip_15.mp4,3,1
615,b_1At411V7X9_clip_016.mp4,3,2
620,b_1aZ4y1s7BV_clip_013.mp4,3,2
624,b_1dJ411F7W2_clip_027.mp4,3,1
632,b_1ft411t7zd_clip_015.mp4,0,1
636,b_19x411q7pB_part1_clip_007.mp4,3,2
655,b_1RJ411y7df_clip_033.mp4,3,1
659,b_1Kt411c7wF_clip_005.mp4,3,0
663,b_1Cb411b7BW_clip_047.mp4,1,0
664,b_1EJ41177yN_clip_022.mp4,0,1
669,y_rKFyUXXfLkY_clip_20.mp4,0,2
679,b_194411C7mL_clip_035.mp4,3,1
686,b_1yE41187A9_clip_020.mp4,3,1
692,b_1tZ4y1j7uk_clip_019.mp4,3,2
694,b_1XJ411m7H5_clip_012.mp4,1,0
696,b_1pZ4y1s7ma_clip_005.mp4,1,3
701,b_1j741157BM_clip_045.mp4,3,1
705,b_1A4411G7Xv_clip_004.mp4,0,3
706,y_tP19WuyY3IY_clip_13.mp4,0,1
713,b_1gW411q771_part2_clip_023.mp4,3,1
726,b_1At411g7Sm_clip_008.mp4,1,3
727,b_1JE411r7ba_clip_019.mp4,2,0
731,b_1y441137Qm_clip_011.mp4,3,2
733,b_1xz411z7b5_clip_015.mp4,3,2
734,b_1Gg4y1a7Ef_clip_015.mp4,2,1
759,b_1ux4116769_part1_clip_001.mp4,2,3
765,b_1Cb411b7BW_clip_001.mp4,1,0
774,b_1YK4y1k7SF_clip_001.mp4,2,0
787,b_1bt411z7Ps_clip_024.mp4,2,3
788,b_1Tx411z79U_part1_clip_008.mp4,3,2
791,b_1U4411L75y_clip_026.mp4,3,0
795,b_1i7411f7Jc_clip_033.mp4,0,1
796,b_1Nk4y1k7nk_clip_022.mp4,1,3
797,y_n8S0it3v0pg_clip_15.mp4,0,2
801,b_15x411f7Tk_clip_006.mp4,3,1
803,b_16b411C7Y7_clip_033.mp4,0,1
807,b_1Z64y1u7vw_clip_014.mp4,2,1
816,c_sunp1692_4.mp4,0,2
822,b_1JE41147LF_clip_080.mp4,1,2
835,b_1Vs41157A6_part1_clip_003.mp4,0,1
838,c_sunp1691_2.mp4,3,2
845,b_1jJ411V7xT_clip_012.mp4,3,0
864,b_1ut411a7RZ_clip_023.mp4,0,3
873,b_19E411P7RL_clip_038.mp4,0,1
874,b_13s411V72j_part1_clip_005.mp4,1,3
875,b_1nW41187Ch_part1_clip_018.mp4,0,3
885,b_1p4411U7m1_clip_047.mp4,0,1
897,b_1Gt411y7Xe_clip_014.mp4,0,1
904,b_1Et411J7jq_clip_011.mp4,2,3
912,b_1X7411m71Z_clip_008.mp4,0,2
916,b_1Mt41177QG_clip_029.mp4,3,0
919,y_ts7lKdhojGY_clip_42.mp4,1,2
933,b_1BQ4y1M7Lx_clip_002.mp4,2,1
941,b_1LW411s7qq_clip_028.mp4,1,2
946,b_1fW411J79x_part2_clip_019.mp4,0,2
960,b_1kx411f751_clip_012.mp4,0,2
963,y_xjhHM0ilzZ8_clip_16.mp4,2,0
968,b_154411H7Nb_clip_007.mp4,1,3
969,b_1a7411L7PC_clip_025.mp4,3,2
970,b_1Mi4y1b7GK_clip_013.mp4,2,0
995,y_Gdm0JP8Egyc_clip_14.mp4,1,3
999,b_1ek4y19747_clip_012.mp4,0,1
1001,b_1ct411D77a_clip_003.mp4,0,2
1005,y_EhM-xuNdRL0_clip_3.mp4,3,2
1008,c_movi7919_14.mp4,1,2
1015,b_19J411p7Ck_clip_001.mp4,0,3
1032,b_1Cb411b7ix_clip_052.mp4,3,1
1038,b_1j741157BM_clip_115.mp4,0,2
1042,b_13b411V7L9_clip_017.mp4,2,1
1048,b_1k4411T7Nf_clip_040.mp4,2,0
1050,b_1a7411f7SH_clip_003.mp4,1,0
1052,b_1j741157BM_clip_077.mp4,0,1
1053,b_1EJ41117Tu_clip_014.mp4,3,2
1064,b_1bE411v7CP_clip_012.mp4,3,2
1069,b_12a4y1i7Nk_clip_030.mp4,3,2
1074,b_1Gz411z7zB_clip_002.mp4,1,2
1075,y_zwBOQgT8dRw_clip_14.mp4,2,3
1086,b_1DT4y137h7_clip_016.mp4,0,3
1088,b_16s41167pP_clip_007.mp4,0,1
1090,b_1R7411u769_clip_025.mp4,1,2
1091,b_1b4411R7AX_clip_017.mp4,1,3
1098,b_1j54y1X7cr_clip_038.mp4,1,0
1103,b_1EJ41117Tu_clip_016.mp4,3,2
1104,b_1et411v7TQ_clip_010.mp4,0,2
1107,b_1JW411q7FD_clip_023.mp4,0,1
1112,b_1Z4411H7pb_clip_016.mp4,3,0
1131,y_8GfCC_k_SOs_clip_4.mp4,1,2
1136,y_Gdm0JP8Egyc_clip_3.mp4,0,1
1139,b_1bt411z7Ps_clip_019.mp4,1,0
1146,b_1F7411Z74z_clip_064.mp4,1,3
1147,b_16s41167pP_clip_007.mp4,1,2
1149,b_19t411B7A4_clip_014.mp4,2,1
1152,y_AC2R889a-LI_clip_20.mp4,1,2
1161,b_18t411w7Q8_clip_029.mp4,0,1
1162,y_TKIL_9wuF1Q_clip_16.mp4,2,1
1164,b_1a7411L7PC_clip_076.mp4,0,1
1167,b_1Gb411G7XZ_clip_009.mp4,3,0
1180,b_12a4y1i7Nk_clip_008.mp4,0,2
1183,b_1BJ411N7hE_clip_005.mp4,1,3
1186,b_1Nz411872c_clip_005.mp4,3,1
1187,y_EwbiWKAhICU_clip_9.mp4,0,1
1191,b_16J411t7DB_clip_004.mp4,2,1
1193,c_sunp1650_11.mp4,1,3
1196,y_DUX_IhauRlI_clip_6.mp4,2,1
1198,b_1rJ411875j_clip_021.mp4,1,2
1213,b_15x411f7Tk_clip_028.mp4,2,3
1216,b_1p4411U7m1_clip_029.mp4,2,1
1217,b_1nt411E76Z_clip_013.mp4,0,2
1223,b_1G7411G7yS_clip_047.mp4,1,2
1226,b_1gE411L7oE_clip_010.mp4,3,2
1245,b_1mt411e7s2_clip_004.mp4,2,0
1246,b_18J411H7we_clip_013.mp4,3,2
1258,b_14a4y147uG_clip_033.mp4,0,1
1259,b_1Fk4y1z7d6_clip_018.mp4,3,2
1263,b_1ya4y1e7Tn_clip_053.mp4,3,2
1273,b_1mW411Y7wF_part1_clip_006.mp4,3,0
1288,b_127411s7T7_clip_009.mp4,1,2
1289,b_1Wa4y1t7y7_clip_035.mp4,1,2
1300,b_1hJ411R79J_clip_006.mp4,2,3
1308,b_134411N7af_clip_010.mp4,3,2
1312,b_1xV411f74o_clip_009.mp4,1,2
1318,b_1V441187rn_clip_020.mp4,3,0
1319,b_1H7411C7jf_clip_001.mp4,3,1
1326,b_1NE411w7WB_clip_051.mp4,0,1
1328,b_1N441147kT_clip_010.mp4,3,2
1331,b_18W411i74f_part2_clip_006.mp4,0,1
1334,b_1jJ411V7xT_clip_036.mp4,0,2
1335,b_12J41147hT_clip_002.mp4,3,0
1345,b_154411v7Jh_clip_012.mp4,2,1
1347,b_1bQ4y1A7FW_clip_020.mp4,0,1
1352,b_1Nk4y1k7nk_clip_030.mp4,1,2
1358,b_1dt411N7Vb_clip_018.mp4,3,1
1359,b_1Y741167wi_clip_002.mp4,0,2
1364,b_1G7411G7yS_clip_082.mp4,2,1
1365,b_1P4411B7oe_clip_035.mp4,3,2
1369,y_TvEHIciyvjU_clip_18.mp4,0,1
1384,b_1WE411F7LD_clip_032.mp4,2,0
1388,b_1Gk4y1r7HT_clip_026.mp4,3,1
1389,b_1HT4y1g7E3_clip_027.mp4,0,1
1401,b_1ZA411i7Li_clip_020.mp4,1,2
1406,y_uNZiDOiorz4_clip_12.mp4,0,1
1407,y_iX5wSGmT7aw_clip_21.mp4,2,1
1414,b_197411y7eX_clip_012.mp4,3,0
1418,b_1Ht411X7Qn_clip_020.mp4,0,1
1433,b_1Z4411H7pb_clip_016.mp4,0,2
1452,y_0gdy9L5whEs_clip_14.mp4,0,2
1454,b_1bW411B7qV_part1_clip_015.mp4,2,1
1457,b_1yx411C77W_part1_clip_004.mp4,3,1
1467,b_1Mx411Z7ve_clip_010.mp4,1,3
1479,c_movi7940_5.mp4,2,1
1480,b_1Et411s72c_clip_015.mp4,3,1
1503,b_1yx41167PV_part2_clip_002.mp4,1,2
1504,b_1Q4411o76G_clip_024.mp4,1,2
1505,c_sunp1671_6.mp4,1,3
1507,b_1Tt411F7W7_clip_006.mp4,2,1
1517,b_1u741147Pe_clip_092.mp4,1,0
1519,b_1B4411d7Pv_clip_028.mp4,1,3
1524,b_1kJ411e7qf_clip_023.mp4,2,0
1529,b_1j741157BM_clip_123.mp4,2,3
1537,y_AC2R889a-LI_clip_24.mp4,3,2
1545,b_1ya4y1e7Tn_clip_051.mp4,2,1
1546,b_1mt411e7s2_clip_017.mp4,2,1
1549,b_1Tx411z79U_part1_clip_012.mp4,1,2
1557,b_1ex411q7R9_part1_clip_008.mp4,3,2
1558,b_1Qt411K7JU_clip_015.mp4,3,2
1576,b_1Nz411872c_clip_001.mp4,3,2
1577,b_16W411i7GR_part1_clip_006.mp4,3,2
1579,b_1Xt411V7CT_clip_016.mp4,0,1
1585,b_1YJ411x78w_clip_015.mp4,3,2
1591,b_1Ct41147rV_clip_027.mp4,2,3
1596,b_1u4411p7uk_clip_099.mp4,0,1
1610,b_1Cb411b7BW_clip_014.mp4,0,2
1614,b_1Ht411P7eg_clip_010.mp4,0,1
1618,b_1LA411t7mT_clip_018.mp4,3,2
1624,b_1yt411k7va_clip_013.mp4,2,3
1638,b_1CW411h7oK_part2_clip_010.mp4,3,1
1640,b_1d4411K7t9_clip_040.mp4,2,0
1646,b_1hE411p7Th_clip_059.mp4,0,1
1647,b_1UK411L7wa_clip_006.mp4,2,3
1651,y_k3kpcKkQCmA_clip_18.mp4,1,2
1655,b_1kJ411e7qf_clip_019.mp4,0,2
1657,b_1KJ411T7Jo_clip_004.mp4,3,0
1658,b_1KK41157yS_clip_010.mp4,2,1
1662,c_movi7925_1.mp4,3,2
1666,j_3269.mp4,0,1
1674,b_1F4411d7Um_clip_006.mp4,3,2
1675,b_1xz411z7b5_clip_021.mp4,1,0
1686,b_1H4411d7T9_clip_013.mp4,0,3
1690,b_1n741157ss_clip_109.mp4,1,3
1706,b_1a4411B7sb_clip_006.mp4,2,1
1712,b_184411N734_clip_002.mp4,0,3
1713,b_1BJ411u7Sn_clip_029.mp4,2,1
1715,b_1MK411j7XB_clip_030.mp4,0,1
1728,b_1Gt411y7Xe_clip_012.mp4,0,2
1732,b_1XJ411G77m_clip_007.mp4,0,1
1736,b_1ix411R7tt_clip_029.mp4,1,3
1740,b_1Ht41137f7_clip_005.mp4,3,0
1744,b_1Gt411y7Xe_clip_021.mp4,2,3
1745,b_1mt411e7s2_clip_031.mp4,1,2
1750,b_1X7411L7P7_clip_043.mp4,0,2
1754,y_qLstTC3D5dI_clip_2.mp4,0,2
1758,y_qLstTC3D5dI_clip_14.mp4,0,2
1759,b_1yt411k7va_clip_039.mp4,3,1
1760,b_1k441167ec_clip_026.mp4,3,1
1766,b_1vs411w7a9_clip_004.mp4,0,1
1770,c_sunp1668_10.mp4,3,0
1777,b_14b411y79D_clip_016.mp4,3,2
1781,b_1hE411k7re_clip_019.mp4,0,1
1784,y_NliNOzuoeeg_clip_13.mp4,0,1
1799,b_194411p7Ho_clip_013.mp4,2,3
1800,b_1FE411F7Ss_clip_018.mp4,1,2
1801,b_1fW411t7Hw_clip_008.mp4,1,3
1804,y_Gdm0JP8Egyc_clip_6.mp4,3,2
1811,b_134411N7af_clip_010.mp4,2,1
1813,b_1Yk4y1R7hE_clip_003.mp4,0,2
1814,b_1yV411d7fP_clip_010.mp4,0,3
1833,b_1cx411f7u7_clip_023.mp4,0,2
1835,b_1J7411377C_clip_018.mp4,0,2
1857,c_movi7952_13.mp4,1,3
1858,b_1cx411f7u7_clip_009.mp4,2,1
1861,b_1DW411b7Xp_clip_009.mp4,1,3
1863,c_sunp1648_3.mp4,2,3
1867,b_174411Z7eo_clip_020.mp4,0,2
1868,b_1DW411b7Xp_clip_015.mp4,2,0
1871,y_LPTSJ_-_JRU_clip_21.mp4,0,1
1876,y_A4NxVXfqt64_clip_14.mp4,3,2
1877,b_1LW411v7Tv_part1_clip_010.mp4,0,1
1881,b_1J7411377C_clip_081.mp4,1,0
1882,b_1U4411V7fj_clip_006.mp4,2,1
1887,b_1yE411j7KU_clip_061.mp4,0,2
1889,b_13b411V7L9_clip_030.mp4,3,2
1890,b_1xz411z7b5_clip_051.mp4,1,0
1895,b_1cW411z7HJ_part2_clip_001.mp4,2,0
1901,b_1SJ411S7Hb_clip_026.mp4,0,3
1905,b_1hE411k7re_clip_009.mp4,1,0
1918,b_184411c7bt_clip_001.mp4,0,1
1920,b_1St411N77p_clip_018.mp4,2,0
1927,b_1kJ411e7qf_clip_010.mp4,2,1
1954,c_movi7941_12.mp4,3,2
1957,b_1JE41147LF_clip_069.mp4,2,0
1968,c_sunp1650_9.mp4,0,3
1988,b_187411V7WG_clip_076.mp4,0,2
1993,b_1RJ411C7yS_clip_004.mp4,0,3
2005,b_1Lt411T7LT_clip_001.mp4,3,1
2006,b_1Zx411Q7mv_clip_007.mp4,1,2
2010,b_1DE411P71Y_clip_036.mp4,3,2
2012,b_1KW411W7Kb_clip_005.mp4,0,2
2016,b_1YK4y1k7SF_clip_026.mp4,3,0
2023,y_CzrWKnJ95Q4_clip_2.mp4,0,2
2031,b_1gt411G7gi_clip_023.mp4,1,0
2038,b_1ek4y19747_clip_015.mp4,1,3
2048,b_1yE411j7Vo_clip_019.mp4,3,1
2051,c_sunp1693_2.mp4,3,2
2059,b_16A411b7pN_clip_022.mp4,3,2
2060,b_1wK41157Pp_clip_018.mp4,3,0
2066,b_19441187Lt_clip_006.mp4,2,3
2068,b_18W411y7ka_clip_045.mp4,1,2
2071,b_1rx41167zx_part1_clip_011.mp4,2,0
2078,b_15b411e766_clip_022.mp4,2,0
2095,b_1nt411E76Z_clip_013.mp4,0,2
2097,b_1Gz411z7zB_clip_010.mp4,3,2
2102,y_eh5uVEEyV9A_clip_3.mp4,3,0
2106,b_14K41177wQ_clip_003.mp4,0,2
2121,b_12t411o7c5_clip_012.mp4,0,3
2124,b_1z741177kN_clip_119.mp4,0,3
2127,b_19t411q7rr_clip_028.mp4,0,1
2129,b_1Sp4y1C7DJ_clip_004.mp4,1,0
2138,b_1PJ411v7n1_clip_026.mp4,3,0
2139,b_1Xt411s7y5_clip_011.mp4,2,1
2146,b_1U7411u7uy_clip_006.mp4,3,2
2148,b_1cW411z7HJ_part2_clip_001.mp4,1,2
2152,y_r5LeXZiuplQ_clip_15.mp4,3,1
2155,b_1i741177YW_clip_059.mp4,1,2
2156,b_1CJ411b7ru_clip_012.mp4,3,0
2157,y_j8_c7fDzUbU_clip_6.mp4,3,1
2159,b_144411U7gM_clip_020.mp4,2,1
2163,b_1Ft411E7zW_clip_010.mp4,1,3
2167,c_sunp1648_19.mp4,3,0
2172,b_1ft411B7pV_clip_036.mp4,0,2
2180,b_1a4411o7DJ_clip_001.mp4,2,1
2187,b_1kJ411B7Xc_clip_015.mp4,2,1
2189,b_184411F7DJ_clip_003.mp4,0,2
2190,y_23ZW80OBD9g_clip_11.mp4,3,0
2194,b_1rk4y1k7F9_clip_026.mp4,3,1
2202,b_154411v7Jh_clip_028.mp4,2,3
2203,b_1Gx411i7XG_part2_clip_003.mp4,0,1
2207,c_sunp1668_18.mp4,1,3
2220,b_1PJ411v7n1_clip_029.mp4,0,2
2231,b_1jW411Y7uw_part1_clip_005.mp4,1,2
2235,b_12J41147hT_clip_043.mp4,0,1
2245,b_1N4411J7oN_clip_004.mp4,0,3
2254,b_1J7411377C_clip_065.mp4,1,2
2258,b_1V441187rn_clip_020.mp4,0,2
2259,b_1Gg4y1z7gn_clip_016.mp4,0,2
2262,b_1R7411u769_clip_028.mp4,3,1
2273,b_18441187uH_clip_001.mp4,0,2
2274,b_1Qt411K7JU_clip_002.mp4,3,1
2286,b_13b411V7L9_clip_030.mp4,1,3
2287,b_1kb41137Wh_clip_039.mp4,1,2
2302,b_1et411v7TQ_clip_007.mp4,1,0
2317,b_1fW411t7Hw_clip_012.mp4,0,1
2321,b_1bt411Q7qe_clip_019.mp4,0,2
2324,b_1tE411C7as_clip_012.mp4,2,0
2328,b_15J41177di_clip_006.mp4,2,3
2333,b_1f4411p7oB_clip_033.mp4,0,2
2335,b_1fg4y1B7cA_clip_026.mp4,2,1
2339,b_1bt411Q7qe_clip_014.mp4,2,1
2344,b_1kJ411e7qf_clip_023.mp4,3,2
2354,b_1NJ411q7pd_clip_010.mp4,1,2
2355,b_1F7411Z74z_clip_076.mp4,2,3
2371,y_Gdm0JP8Egyc_clip_20.mp4,3,0
2372,y_tjXukxZzsg8_clip_10.mp4,1,3
2373,b_1H7411C7jf_clip_010.mp4,3,1
2388,b_1GJ411L7iJ_clip_026.mp4,1,2
2391,y_AC2R889a-LI_clip_26.mp4,3,2
2392,b_1f4411N7Zp_clip_048.mp4,3,0
2403,b_1n741157ss_clip_059.mp4,3,1
2409,b_1xp4y1Q7WJ_clip_004.mp4,3,1
2411,b_1CE411w7VN_clip_034.mp4,3,2
2413,b_1eE411d7cV_clip_001.mp4,0,2
2416,b_18441187uH_clip_005.mp4,3,0
2421,b_1G7411G7yS_clip_004.mp4,3,1
2426,y_LZe6ujj48bo_clip_6.mp4,3,2
2430,b_1ct4y127JJ_clip_047.mp4,0,1
2439,b_187411V7WG_clip_019.mp4,1,2
2446,b_1B7411s7t1_clip_010.mp4,3,0
2448,b_1s7411J7yN_clip_052.mp4,3,0
2452,b_1qK4y1r7G5_clip_014.mp4,0,1
2465,b_1bt411q7fm_clip_020.mp4,0,1
2466,b_13t411F7iD_clip_016.mp4,3,1
2476,b_19b41127Fv_clip_019.mp4,0,2
2478,b_1Jt411v7ZN_clip_011.mp4,3,1
2479,b_1uK411L7sS_clip_015.mp4,2,0
2486,b_1SZ4y1p75f_clip_011.mp4,1,3
2490,b_1at411y7Eo_clip_050.mp4,0,1
2491,b_17W411B7wM_clip_005.mp4,0,1
2494,y_bBSUY-m6D1c_clip_7.mp4,3,2
2506,b_1WJ411B7qY_clip_004.mp4,0,1
2507,b_18f4y1U73n_clip_004.mp4,0,3
2510,b_1gW411q771_part2_clip_023.mp4,0,2
2511,b_15b411V7pZ_clip_031.mp4,3,2
2515,b_15b411b7DL_clip_020.mp4,2,1
2534,b_1S7411P7yB_clip_001.mp4,3,2
2539,b_1as411n7YN_clip_010.mp4,0,2
2544,b_1Yk4y1R7hE_clip_013.mp4,2,1
2551,b_1wK41157Pp_clip_028.mp4,3,0
2561,b_1Yt411Y7VQ_clip_020.mp4,1,2
2562,b_1z741177kN_clip_003.mp4,2,1
2569,b_1GJ411L7iJ_clip_018.mp4,1,3
2580,b_1BJ411u7Sn_clip_023.mp4,3,2
2586,b_1y4411Z7Xb_clip_018.mp4,0,1
2593,b_1EJ411i7jU_clip_035.mp4,1,2
2601,b_1PJ41147iD_clip_026.mp4,1,3
2603,b_1LW411s7qq_clip_012.mp4,2,0
2605,b_1rf4y127sM_clip_001.mp4,3,1
2612,b_1z4411b7KS_clip_011.mp4,0,2
2614,b_1xQ4y1T7cR_clip_026.mp4,3,0
2636,b_1HT4y1g7E3_clip_022.mp4,2,1
2637,b_1ix411Q7BZ_part1_clip_011.mp4,0,1
2641,b_1nt411E76Z_clip_002.mp4,3,2
2651,b_1TJ411s7yy_clip_037.mp4,1,3
2654,b_1cJ411k7vv_clip_032.mp4,3,0
2655,b_1jT4y1G7K7_clip_046.mp4,0,1
2656,b_1XJ411G77m_clip_005.mp4,0,3
2657,b_1Bs411T7QD_clip_009.mp4,1,3
2659,y_23ZW80OBD9g_clip_13.mp4,2,3
2667,b_1XJ411G77m_clip_011.mp4,3,2
2674,y_dPbipg5_kqM_clip_13.mp4,2,1
2675,b_1yE411f7j5_clip_029.mp4,1,2
2686,b_1vt411E74g_clip_011.mp4,1,2
2700,b_1qK4y1t79B_clip_001.mp4,2,1
2701,b_1Fk4y1z7d6_clip_022.mp4,1,3
2707,b_1GW411p7LU_part2_clip_013.mp4,2,0
2715,b_12a4y1i7Nk_clip_015.mp4,0,1
2719,b_1Yx411x7yP_part1_clip_007.mp4,3,1
2732,b_1zJ411x7dw_clip_017.mp4,1,3
2735,b_1Ex411s7tN_clip_020.mp4,2,1
2741,b_1rk4y1k7F9_clip_014.mp4,0,2
2744,b_1RA411q7vt_clip_026.mp4,2,0
2750,b_1Gx411G7fz_part1_clip_006.mp4,0,1
2762,b_1ut4y117xD_clip_020.mp4,2,1
2765,b_1Ft411E7zW_clip_011.mp4,0,3
2772,b_1et411v7TQ_clip_034.mp4,2,0
2777,b_14t41177Xw_clip_006.mp4,3,1
2780,b_1sA411h7A2_clip_041.mp4,1,2
2781,b_13t411Z7s6_clip_018.mp4,3,1
2783,b_154411v7Jh_clip_008.mp4,1,2
2790,b_1rt411q7vk_clip_031.mp4,1,0
2799,b_1x4411c7p3_clip_005.mp4,2,0
2806,b_1ix41167dQ_part1_clip_006.mp4,1,2
2807,b_1Bk4y1R7MR_clip_003.mp4,0,1
2813,b_13W411S7hX_clip_021.mp4,1,0
2819,b_1wt411u7QM_clip_018.mp4,2,1
2829,b_1F7411Z74z_clip_026.mp4,1,2
2833,c_sunp1651_15.mp4,0,1
2835,b_1ix411Z7U6_clip_025.mp4,2,1
2842,b_1j54y1X7cr_clip_043.mp4,2,1
2845,y_eGJg0u9pD_s_clip_4.mp4,1,2
2848,b_12t411o7c5_clip_011.mp4,0,1
2872,b_1Gt411n7WT_clip_020.mp4,0,1
2873,y_63K82asaZMg_clip_6.mp4,1,3
2881,b_14K41177wQ_clip_017.mp4,1,3
2885,b_1vx41147zm_clip_006.mp4,3,2
2886,b_1yE41187A9_clip_009.mp4,2,1
2895,b_1a4411B7sb_clip_006.mp4,2,1
2896,b_1a7411L7PC_clip_014.mp4,3,2
2908,b_1PE411X762_clip_025.mp4,0,1
2909,b_11t411D7rC_clip_001.mp4,1,2
2910,c_movi7928_15.mp4,3,2
2928,b_1kt411A7HV_clip_019.mp4,0,3
2929,b_1j7411h7kb_clip_002.mp4,0,1
2931,b_1LA411t7mT_clip_007.mp4,2,1
2936,b_1B4411M7a6_clip_021.mp4,0,1
2940,b_12t411R75D_clip_038.mp4,3,1
2941,b_1Sp4y1C7DJ_clip_013.mp4,0,3
2946,y_gTUcziYS1lk_clip_26.mp4,3,2
2948,b_1DT4y137h7_clip_010.mp4,0,3
2949,b_1y441137Qm_clip_011.mp4,0,1
2957,b_1qK4y1t79B_clip_002.mp4,1,2
2961,b_1h7411v7mp_clip_048.mp4,2,1
2963,y_eSWXU3rZcK8_clip_6.mp4,0,2
2964,b_1J7411377C_clip_006.mp4,2,3
2971,b_1cW411D7TA_clip_007.mp4,1,2
2974,b_1iT4y1u721_clip_021.mp4,3,2
2975,b_1UZ4y1x7w2_clip_016.mp4,2,1
2979,b_1D7411n76Y_clip_017.mp4,1,3
2981,b_1hx411k7JU_clip_004.mp4,1,2
2983,b_1V441187rn_clip_018.mp4,1,3
2985,y_dPbipg5_kqM_clip_19.mp4,1,2
2989,b_12s411V71w_clip_001.mp4,2,0
2990,b_13t411F7iD_clip_018.mp4,2,1
2993,b_1Bf4y1U7Ft_clip_035.mp4,2,0
3002,y_IWX3CxTzGN4_clip_10.mp4,1,2
3005,b_1q7411W7jb_clip_035.mp4,3,2
3006,b_1xz4y197zH_clip_018.mp4,1,3
3012,b_1SE411Z7mT_clip_033.mp4,2,3
3026,b_1gT4y1V7xS_clip_017.mp4,3,1
3030,b_1Vs411c765_clip_010.mp4,3,2
3046,b_14E411D7YA_clip_027.mp4,1,3
3054,b_1Ht411X7Qn_clip_007.mp4,0,3
3063,b_1U7411u7uy_clip_032.mp4,0,2
3071,y_xjhHM0ilzZ8_clip_18.mp4,3,1
3101,c_sunp1691_15.mp4,1,2
3102,b_1bQ4y1A7FW_clip_012.mp4,3,2
3103,y_bixqbLMxIbs_clip_6.mp4,1,2
3110,b_1kJ411e7qf_clip_025.mp4,2,3
3131,b_1bW411G78k_clip_007.mp4,2,3
3136,b_1bt411z7Ps_clip_002.mp4,0,1
3137,b_1ds411H7Zq_clip_011.mp4,3,0
3138,b_12s411V71w_clip_013.mp4,1,3
3140,b_1A4411H7RU_clip_007.mp4,3,2
3144,b_13t411k7ib_clip_033.mp4,0,2
3145,y_cLIurgN2TWM_clip_11.mp4,1,3
3147,b_1C441157dQ_clip_010.mp4,2,0
3150,b_17x411D7y6_part1_clip_004.mp4,2,3
3160,b_144411U7gM_clip_020.mp4,3,2
3161,b_1rJ411j7mc_clip_027.mp4,0,2
3167,b_1Fk4y1z7d6_clip_022.mp4,0,2
3168,b_1Ez411q7MR_clip_014.mp4,3,1
3169,b_1YJ411x78w_clip_013.mp4,0,2
3173,b_1Rt411j7yx_clip_002.mp4,0,2
3174,b_1Ux411D7av_clip_011.mp4,3,2
3175,b_1yt411k7va_clip_005.mp4,2,1
3180,b_1Sx41197oS_clip_025.mp4,1,0
3183,b_1N441147kT_clip_011.mp4,1,2
3193,b_1xz4y197zH_clip_010.mp4,1,2
3194,b_1nt411E76Z_clip_001.mp4,1,2
3197,b_1Ws411F7MQ_clip_002.mp4,2,3
3210,b_1EE411d7hM_clip_014.mp4,1,0
3212,b_1iJ411t7VY_clip_018.mp4,0,3
3213,b_1fW411v79E_part2_clip_013.mp4,2,1
3214,b_114411z7Z1_clip_019.mp4,1,2
3227,b_12a4y1i7Nk_clip_042.mp4,0,1
3238,b_1Gk4y1r7HT_clip_015.mp4,0,1
3241,b_1MJ411y74s_clip_004.mp4,1,0
3245,b_1hE411p7Th_clip_027.mp4,3,1
3251,b_1KK41157yS_clip_008.mp4,2,1
3252,b_1JE41147LF_clip_062.mp4,2,1
3254,b_17x411D7y6_part1_clip_005.mp4,2,1
3255,c_sunp1668_1.mp4,2,1
3262,b_13t41157Kn_clip_012.mp4,0,2
3267,b_1SJ411S7Hb_clip_013.mp4,2,0
3270,b_1Yt411Y7VQ_clip_012.mp4,2,3
3273,b_1WE411F7LD_clip_029.mp4,0,2
3278,c_sunp1691_10.mp4,3,2
3282,b_19J411H7pW_clip_027.mp4,0,2
3287,b_1XJ411G77m_clip_011.mp4,0,2
3295,b_1cJ411X74E_clip_011.mp4,2,0
3297,b_1m7411P7Fe_clip_017.mp4,3,1
3303,b_1Gt411y7Xe_clip_004.mp4,3,2
3304,b_13t411Z7s6_clip_018.mp4,0,3
3307,b_1yE41187A9_clip_027.mp4,0,3
3311,b_1At4y1U7Xt_clip_010.mp4,1,3
3313,b_11E411n7y2_clip_043.mp4,0,1
3316,c_sunp1648_1.mp4,3,0
3328,c_sunp1671_4.mp4,1,0
3330,b_1nb411m7ro_clip_045.mp4,2,1
3334,b_1Qx411G7Qa_clip_012.mp4,3,1
3352,y_bCLiL-kCwho_clip_4.mp4,0,2
3356,b_1DE411i7bK_clip_008.mp4,3,1
3358,b_1F7411Z74z_clip_052.mp4,3,2
3359,b_1z741177kN_clip_063.mp4,2,1
3362,b_1St411F7zW_clip_008.mp4,2,1
3364,b_1PE411X762_clip_015.mp4,0,1
3377,y_f2e6E-RQOCI_clip_8.mp4,1,3
3399,y_tP19WuyY3IY_clip_22.mp4,0,1
3404,b_1j741157BM_clip_029.mp4,3,2
3415,y_r5LeXZiuplQ_clip_15.mp4,0,1
3416,b_1Lz411B7zd_clip_007.mp4,3,2
3419,b_1nW41187Ch_part1_clip_018.mp4,1,2
3420,b_1hE411p7Th_clip_086.mp4,2,1
3421,b_1UK411L7wa_clip_011.mp4,1,2
3435,b_1Ht41137f7_clip_018.mp4,0,1
3439,b_1CW411h7oK_part1_clip_010.mp4,3,0
3445,b_1UW41187q3_part1_clip_001.mp4,1,3
3453,c_movi7916_10.mp4,1,3
3464,b_1XW411h7eW_clip_004.mp4,2,1
3467,b_1KJ411T7Jo_clip_019.mp4,2,1
3473,b_1Yx411r7as_clip_012.mp4,0,2
3486,b_1nJ411W7Ar_clip_001.mp4,3,2
3488,b_1tJ411C7sF_clip_045.mp4,2,1
3491,b_1KK41157yS_clip_049.mp4,1,3
3507,b_1yt411k7va_clip_037.mp4,0,3
3520,b_1n4411K7Np_clip_030.mp4,0,2
3533,b_1YK4y1k7SF_clip_011.mp4,3,0
3539,b_1JW411b7Vn_part1_clip_003.mp4,1,3
3543,b_1z4411b7KS_clip_011.mp4,0,2
3548,c_movi7952_17.mp4,0,2
3549,b_1z741177kN_clip_083.mp4,3,1
3554,b_1YK4y1k7SF_clip_024.mp4,0,2
3555,b_1HT4y1g7E3_clip_008.mp4,0,2
3589,b_1F7411x7Xw_clip_009.mp4,0,2
3601,b_1j54y1X7cr_clip_042.mp4,0,2
3607,b_18a4y14785_clip_009.mp4,2,3
3611,b_157411V7Rt_clip_063.mp4,2,0
3639,b_16b411C7Y7_clip_021.mp4,1,2
3646,b_1yE411j7Vo_clip_009.mp4,1,2
3661,b_1764y1M7zr_clip_031.mp4,3,1
3666,b_1X7411m71Z_clip_020.mp4,3,1
3668,y_tjXukxZzsg8_clip_21.mp4,0,1
3670,b_1Ei4y1t7VC_clip_003.mp4,2,0
3678,y_D3e9OhvRSDo_clip_10.mp4,3,1
3694,b_1gt411G7gi_clip_039.mp4,2,0
3696,b_19t411q7rr_clip_012.mp4,0,2
3702,b_1SZ4y1p75f_clip_002.mp4,3,0
3704,b_1EJ411i7jU_clip_006.mp4,0,3
3715,b_1Ez411q7MR_clip_045.mp4,1,2
3717,b_1KK41157yS_clip_040.mp4,0,3
3726,b_1rt411q7vk_clip_035.mp4,3,2
3727,b_16Q4y1M7Gp_clip_017.mp4,0,3
3731,b_1DE411i7bK_clip_007.mp4,0,1
3734,b_1a7411L7PC_clip_015.mp4,2,1
3735,b_1RJ411T7Hh_clip_019.mp4,0,1
3739,c_movi7930_7.mp4,1,2
3740,b_1B4411d7Pv_clip_018.mp4,0,3
3741,b_1Tb411L7yU_clip_008.mp4,1,0
3746,b_12J41147hT_clip_046.mp4,1,2
3755,c_sunp1691_8.mp4,0,3
3757,c_movi7941_5.mp4,0,2
3770,b_1Nk4y1k7nk_clip_017.mp4,2,3
3773,b_16b411C7Y7_clip_006.mp4,0,2
3776,b_1U4411V7fj_clip_011.mp4,2,1
3778,b_1YC4y1s7kS_clip_029.mp4,3,1
3785,b_1G7411G7yS_clip_047.mp4,3,1
3805,b_1ya4y1e7Tn_clip_032.mp4,0,2
3810,b_1a7411L7PC_clip_018.mp4,1,3
3814,b_1uK411L7sS_clip_001.mp4,0,2
3819,b_1AW411H7j9_part2_clip_030.mp4,0,3
3825,b_1Gz411z7zB_clip_015.mp4,0,1
3830,b_1LW411v7Tv_part1_clip_009.mp4,1,2
3838,b_1Bt411n7Zk_clip_034.mp4,0,2
3839,b_1bt411q7fm_clip_044.mp4,2,3
3843,b_1Va4y147PH_clip_006.mp4,0,3
3849,b_1uE411s7Cf_clip_003.mp4,1,2
3866,b_1XJ411m7H5_clip_021.mp4,3,2
3868,b_16b411P7Uu_clip_043.mp4,1,2
3872,b_1a4411o7DJ_clip_034.mp4,0,2
3873,b_1H7411C7jf_clip_019.mp4,1,3
3882,b_1Qx411C7FR_part1_clip_004.mp4,0,1
3887,b_1wx411o7oW_clip_014.mp4,0,2
3896,b_1DE411i7bK_clip_001.mp4,3,0
3900,b_12a4y1i7Nk_clip_020.mp4,0,2
3905,b_1wx41117fG_clip_001.mp4,2,3
3909,b_1mt411e7s2_clip_002.mp4,1,3
3912,b_1nt411E76Z_clip_001.mp4,3,0
3916,b_18W411J75e_clip_022.mp4,3,2
3924,b_197411y7eX_clip_016.mp4,3,0
3930,b_1vs411w7a9_clip_012.mp4,0,2
3934,y_tP19WuyY3IY_clip_17.mp4,3,2
3936,b_1R7411u769_clip_024.mp4,3,2
3946,b_1nt411E76Z_clip_002.mp4,3,1
3947,b_1U4411V7fj_clip_007.mp4,0,2
3949,b_1MW411J7Br_clip_005.mp4,3,2
3951,b_1j741157BM_clip_045.mp4,2,0
3956,b_1dJ411F7W2_clip_020.mp4,2,3
3957,b_184411c7bt_clip_001.mp4,2,3
3964,b_1jJ41137F7_clip_029.mp4,1,0
3967,b_1b7411y7Kg_clip_002.mp4,3,1
3971,b_1J7411377C_clip_098.mp4,1,0
3983,b_14x411z7Qu_part2_clip_006.mp4,0,2
3986,b_147411W7AT_clip_034.mp4,0,1
3988,b_1QJ411M7wR_clip_031.mp4,0,1
3990,c_sunp1690_15.mp4,0,1
3994,c_sunp1672_15.mp4,3,2
4002,b_1ct411D77a_clip_001.mp4,0,1
4010,y_t86Q2WNsmCE_clip_10.mp4,1,0
4021,b_13t411Z7s6_clip_005.mp4,0,2
4022,b_1F4411d7Um_clip_006.mp4,2,1
4023,b_1Et411b7Jm_clip_053.mp4,0,1
4040,b_1zs411t7nk_part1_clip_003.mp4,1,3
4042,b_1bt411z7Ps_clip_024.mp4,1,2
4043,b_1QJ411M7wR_clip_004.mp4,0,2
4048,b_1Yt411T7w2_clip_026.mp4,1,0
4058,b_1PJ411B7eE_clip_030.mp4,3,2
4059,b_1Cb411b7BW_clip_032.mp4,3,2
4063,b_1SE411g7EW_clip_016.mp4,3,0
4068,b_1zs411t7AF_part2_clip_014.mp4,3,2
4070,y_rKFyUXXfLkY_clip_5.mp4,2,0
4072,b_1Yk4y1R7hE_clip_027.mp4,0,2
4102,b_17E41127dn_clip_019.mp4,0,1
4107,b_1j7411h7kb_clip_016.mp4,3,1
4110,b_1h4411P7pd_clip_015.mp4,0,2
4112,b_134411N7af_clip_016.mp4,3,1
4113,b_1B4411j7Wo_clip_007.mp4,2,1
4114,b_18W411i74f_part2_clip_008.mp4,3,0
4117,b_1bE411v7CP_clip_007.mp4,0,1
4118,b_1b4411q75A_clip_005.mp4,0,2
4119,b_1tT4y157Mo_clip_041.mp4,3,1
4133,b_1G7411G7yS_clip_057.mp4,1,2
4151,b_1XW411B7eY_part1_clip_006.mp4,2,3
4158,b_1Ai4y1t7Rj_clip_030.mp4,3,1
4191,b_1Qx411C7FR_part1_clip_002.mp4,1,2
4196,b_19E411P7RL_clip_015.mp4,3,1
4199,b_18a4y14785_clip_009.mp4,0,1
4205,b_1gE411L7oE_clip_024.mp4,3,1
4210,b_1gE411L7oE_clip_024.mp4,3,2
4222,b_1B4411j7Wo_clip_021.mp4,3,1
4236,b_12a4y1i7Nk_clip_037.mp4,2,1
4240,b_1wt411h72Q_clip_016.mp4,0,3
4248,b_1R64y1T7mj_clip_015.mp4,1,3
4250,b_19W411Y7k2_part1_clip_002.mp4,2,1
4251,b_1iJ411t7VY_clip_007.mp4,2,1
4261,b_11x411i7ms_part2_clip_006.mp4,0,1
4277,b_1d64y1M71U_clip_033.mp4,1,3
4281,b_1Tx411V7HU_part1_clip_006.mp4,3,2
4289,b_1zt411G7Sx_clip_007.mp4,0,3
4299,b_1bt411q7fm_clip_038.mp4,2,3
4306,b_1b4411R7AX_clip_056.mp4,1,2
4309,b_18t411w7Q8_clip_001.mp4,1,2
4310,b_1Yk4y1R7hE_clip_008.mp4,0,2
4312,b_1ux411r7SG_part1_clip_010.mp4,0,2
4319,b_1k4411T7Nf_clip_004.mp4,0,2
4324,b_1BJ411N7hE_clip_009.mp4,0,2
4325,c_sunp1715_2.mp4,2,3
4334,b_1N4411J7oN_clip_019.mp4,1,2
4336,b_1DE411P71Y_clip_042.mp4,0,1
4354,b_194411p7Ho_clip_002.mp4,0,2
4357,b_1YE411R7Rk_clip_002.mp4,3,1
4358,b_1hE411J77d_clip_002.mp4,0,2
4361,b_1At4y1U7Xt_clip_035.mp4,3,2
4364,y_NliNOzuoeeg_clip_29.mp4,2,3
4365,b_1hJ411R79J_clip_006.mp4,0,1
4372,b_1xa4y1t7dP_clip_017.mp4,3,0
4373,b_1Yi4y1s7Ex_clip_001.mp4,3,1
4379,b_1kQ4y1N7n3_clip_007.mp4,3,2
4381,b_1z741177kN_clip_086.mp4,2,1
4382,b_1Px411g7pT_part1_clip_004.mp4,2,1
4383,b_1wt411h72Q_clip_001.mp4,2,3
4385,y_0gdy9L5whEs_clip_24.mp4,1,2
4388,b_1Ht411X7Qn_clip_013.mp4,1,2
4399,y_iCmT5PXwy08_clip_1.mp4,0,3
4415,b_1Sp4y1C7DJ_clip_004.mp4,0,3
4421,b_1Z4411H7pb_clip_024.mp4,3,1
4424,c_movi7940_30.mp4,3,2
4427,c_sunp1691_9.mp4,0,2
4429,b_17W411B7wM_clip_007.mp4,0,1
4430,b_1LA411t7mT_clip_001.mp4,0,2
4439,b_16J411t7DB_clip_014.mp4,1,3
4440,b_154411H7Nb_clip_010.mp4,0,3
4445,b_134411N7af_clip_005.mp4,3,2
4448,b_1xQ4y1T7cR_clip_001.mp4,0,1
4460,y_YiY--vfbYa0_clip_17.mp4,3,0
4464,b_1at411y7Eo_clip_021.mp4,1,2
4477,y_yJ9T1NnlTY8_clip_2.mp4,1,2
4509,b_1jJ411V7xT_clip_001.mp4,3,1
4535,b_1j7411h7kb_clip_046.mp4,1,3
4538,y_jRsR22p2i2U_clip_5.mp4,3,2
4553,y_PT6KvPI6UNU_clip_5.mp4,3,1
4554,b_1TW411e7yg_part1_clip_002.mp4,2,3
4557,b_144411Q75M_clip_025.mp4,0,1
4567,b_1kx411f751_clip_035.mp4,2,1
4580,b_1bt41197FJ_clip_020.mp4,0,2
4587,b_1tT4y157Mo_clip_056.mp4,0,1
4592,b_1s7411J7yN_clip_106.mp4,2,1
4609,c_movi7916_27.mp4,3,2
4613,y_A4NxVXfqt64_clip_14.mp4,3,2
4614,b_15x41147fc_part1_clip_003.mp4,3,1
4629,b_1AW411d7h4_clip_006.mp4,2,0
4638,b_1wZ4y1j729_clip_018.mp4,0,1
4642,b_1Bf4y1U7Ft_clip_019.mp4,2,1
4644,b_18t41147ht_clip_005.mp4,3,2
4659,b_1VZ4y1j7C2_clip_042.mp4,0,2
4669,b_11x411i7ms_part1_clip_002.mp4,3,2
4670,b_1jT4y1G7K7_clip_032.mp4,1,2
4688,b_1c54y1R7Tb_clip_039.mp4,3,0
4697,b_15x411f7Tk_clip_030.mp4,3,2
4706,b_1DE411P71Y_clip_039.mp4,0,1
4722,b_1U4411V7fj_clip_004.mp4,3,0
4723,y_DUX_IhauRlI_clip_12.mp4,1,0
4724,b_1Vx411x7PP_part1_clip_002.mp4,2,1
4731,b_1B4411M7a6_clip_028.mp4,2,0
4739,b_19E411q721_clip_005.mp4,3,1
4748,c_movi7926_28.mp4,3,2
4758,b_18W411t7xG_clip_008.mp4,2,1
4768,b_197411y7eX_clip_011.mp4,0,1
4771,y_W6oBvuX5O98_clip_24.mp4,3,0
4772,b_1ut4y117xD_clip_036.mp4,0,1
4773,y_Gdm0JP8Egyc_clip_3.mp4,1,3
4774,b_1DT4y137h7_clip_017.mp4,2,3
4775,b_1bE411s7kk_clip_002.mp4,1,2
4776,c_movi7951_16.mp4,3,2
4777,b_1wJ411P7Hd_clip_034.mp4,1,3
4781,b_1xz4y197zH_clip_008.mp4,0,2
4784,b_1yE41187A9_clip_008.mp4,0,1
4785,b_17b411H7b9_clip_003.mp4,3,1
4789,b_1F7411Z74z_clip_066.mp4,3,1
4797,b_1BQ4y1M7Lx_clip_006.mp4,1,2
4810,b_1b4411B7zM_clip_015.mp4,2,0
4811,b_18441187uH_clip_006.mp4,0,1
4817,b_1Rt411n7CX_clip_001.mp4,1,2
4819,b_1ya4y1e7Tn_clip_045.mp4,2,1
4846,b_1z741177kN_clip_042.mp4,1,0
4859,b_1cJ41167TW_clip_005.mp4,3,2
4860,c_sunp1648_8.mp4,3,2
4877,b_1xz411z7b5_clip_046.mp4,1,2
4886,b_19A411t7dq_clip_017.mp4,0,2
4887,b_1n741157ss_clip_055.mp4,1,2
4896,y_dPbipg5_kqM_clip_7.mp4,1,2
4914,b_1Nk4y1k7nk_clip_035.mp4,0,1
4916,b_1z741177kN_clip_063.mp4,3,1
4918,b_1Xt411s7y5_clip_015.mp4,0,2
4921,b_18f4y1U73n_clip_030.mp4,0,1
4922,b_1hJ41127mG_clip_015.mp4,0,3
4932,b_1R7411u769_clip_070.mp4,3,1
4937,b_1wZ4y1j729_clip_012.mp4,1,0
4944,b_14s411r7Qj_clip_011.mp4,2,0
4946,b_184411c7bt_clip_004.mp4,3,1
4953,b_1y4411Z7Xb_clip_007.mp4,2,1
4959,b_1i7411f7Jc_clip_020.mp4,0,1
4976,c_movi7925_11.mp4,1,2
4982,b_1et411g7t5_clip_035.mp4,3,0
4998,b_11x411i7ms_part1_clip_001.mp4,2,0
5005,b_1m7411P7Fe_clip_006.mp4,2,1
5007,b_1j741157BM_clip_126.mp4,2,1
5008,b_1nJ411W7Ar_clip_001.mp4,2,1
5023,b_1z741177kN_clip_002.mp4,0,3
5025,b_1a4411o7DJ_clip_005.mp4,2,0
5038,b_1BQ4y1M7Lx_clip_002.mp4,1,2
5045,b_1a4411u7K4_clip_008.mp4,0,1
5062,b_1TW411Y7kk_clip_004.mp4,0,2
5068,y_1B4Znqb3gOo_clip_13.mp4,2,1
5069,b_1ix411Z7U6_clip_038.mp4,1,2
5072,b_1cx41167NE_part1_clip_007.mp4,3,1
5073,b_1Ht411X7Qn_clip_016.mp4,3,0
5079,b_1Wk4y167ox_clip_040.mp4,3,1
5096,y_ljEdPecAbwA_clip_12.mp4,3,0
5115,b_1wx411D7Na_part1_clip_018.mp4,0,1
5126,b_194411y72B_clip_032.mp4,3,2
5127,b_1fW411t7Hw_clip_022.mp4,2,0
5134,b_15x411d7uX_clip_006.mp4,0,1
5136,b_19J411z7or_clip_011.mp4,2,3
5148,c_movi7922_31.mp4,2,1
5153,b_12a4y1i7Nk_clip_007.mp4,3,0
5158,b_1yg4y187PF_clip_025.mp4,2,1
5159,b_1wx411D7Na_part1_clip_014.mp4,0,3
5162,b_1Ht411x7sF_clip_008.mp4,0,1
5174,b_157411V7Rt_clip_020.mp4,3,2
5177,y_HF3YvZB6NuM_clip_8.mp4,0,1
5183,b_14s411r7Qj_clip_015.mp4,2,1
5187,b_184411N734_clip_015.mp4,1,2
5190,b_1EJ41117Tu_clip_020.mp4,0,1
5193,b_1nE411Z7Tk_clip_001.mp4,2,1
5196,b_1KE411J715_clip_005.mp4,0,1
5198,y_lnPHcf_W7x4_clip_13.mp4,3,2
5213,b_1et411q7Pj_clip_044.mp4,3,2
5218,b_1bE411v7CP_clip_007.mp4,2,1
5228,b_1Nz411872c_clip_010.mp4,2,1
5231,b_13t411Z7s6_clip_018.mp4,1,3
5237,b_1YC4y1s7kS_clip_039.mp4,0,2
5241,b_1et411v7TQ_clip_003.mp4,0,2
5243,b_1xa4y1t7dP_clip_002.mp4,2,1
5257,b_1Qa4y1i7Rn_clip_016.mp4,2,1
5263,b_1J7411377C_clip_026.mp4,0,1
5266,b_1ix411Q7BZ_part1_clip_007.mp4,0,2
5272,b_11t411D7rC_clip_001.mp4,0,3
5277,b_1Q5411s7Lb_clip_031.mp4,0,3
5279,b_1R7411u769_clip_031.mp4,3,1
5284,b_1C441157dQ_clip_003.mp4,1,2
5289,b_1Yt411Y7VQ_clip_009.mp4,1,0
5292,c_movi7940_5.mp4,3,1
5299,b_1b4411R7AX_clip_023.mp4,3,2
5300,b_1rE411f7Rf_clip_048.mp4,1,0
5301,b_1R7411u769_clip_094.mp4,0,2
5304,b_1cx41167NE_part1_clip_010.mp4,3,0
5310,b_1CW411h7oK_part2_clip_012.mp4,1,3
5311,b_1UK411L7wa_clip_005.mp4,0,2
5313,b_1Ws411F7MQ_clip_001.mp4,2,1
5317,y_DUX_IhauRlI_clip_2.mp4,2,1
5327,b_1k7411m7Fp_clip_010.mp4,3,2
5331,b_17x411k7Vz_part1_clip_004.mp4,0,1
5342,y_qLstTC3D5dI_clip_14.mp4,2,3
5349,y_1B4Znqb3gOo_clip_13.mp4,0,1
5351,b_1Ez411b7Y5_clip_029.mp4,0,2
5352,b_16x411o7wR_clip_021.mp4,0,3
5365,b_1aZ4y1s7BV_clip_001.mp4,2,0
5373,b_1ys411G77L_clip_011.mp4,3,0
5375,b_1e4411a7Aw_clip_025.mp4,1,2
5389,b_1X7411i7Ph_clip_038.mp4,3,0
5390,b_1Ws411F7MQ_clip_012.mp4,1,2
5404,c_movi7924_27.mp4,2,3
5407,b_1BJ411u7Sn_clip_029.mp4,0,1
5409,b_1cx411f7u7_clip_009.mp4,2,1
5428,b_1L7411R73G_clip_033.mp4,0,1
5439,b_1bQ4y1A7FW_clip_027.mp4,2,1
5441,b_1b4411q75A_clip_023.mp4,3,1
5442,b_1c54y1R7Tb_clip_034.mp4,2,1
5443,b_1Dx41167Vx_part1_clip_001.mp4,0,3
5449,b_1fg4y1B7cA_clip_007.mp4,3,1
5452,b_1j54y1X7cr_clip_011.mp4,1,0
5456,b_1G7411G7yS_clip_008.mp4,2,1
5465,b_1b4411N78e_clip_039.mp4,3,2
5490,b_14E411D7YA_clip_037.mp4,0,2
5492,b_1n741157ss_clip_059.mp4,1,2
5494,b_15x411f7Tk_clip_020.mp4,3,1
5498,b_1Tx411z79U_part1_clip_008.mp4,0,2
5502,b_1KW411W7Kb_clip_009.mp4,3,1
5508,c_movi7930_12.mp4,1,0
5516,b_19t411q7rr_clip_030.mp4,3,1
5527,b_1ya4y1e7Tn_clip_025.mp4,3,0
5528,b_1UZ4y1x7w2_clip_005.mp4,3,1
5533,b_1s7411J7yN_clip_015.mp4,3,0
5536,b_1xz411z7b5_clip_043.mp4,0,1
5541,b_114411z7Z1_clip_006.mp4,2,1
5550,b_1YE411R7Rk_clip_010.mp4,2,3
5553,b_1Fk4y1z7d6_clip_022.mp4,0,2
5569,b_1X5411x75n_clip_023.mp4,2,1
5572,b_1SJ411S7Hb_clip_019.mp4,3,1
5583,y_ftNChGZqDBQ_clip_8.mp4,3,0
5586,b_1i7411f7Jc_clip_054.mp4,3,1
5588,b_12J41147hT_clip_002.mp4,3,0
5591,y_Gdm0JP8Egyc_clip_24.mp4,0,1
5598,b_1kk4y1d7Xu_clip_013.mp4,3,2
5601,y_UVtl1cSSC3M_clip_7.mp4,0,2
5610,b_1wx411D7Na_part1_clip_007.mp4,2,1
5613,b_1Yi4y1s7Ex_clip_025.mp4,0,1
5628,b_1et411v7TQ_clip_013.mp4,3,1
5630,y_rKFyUXXfLkY_clip_16.mp4,2,1
5646,b_1U7411u7uy_clip_036.mp4,3,2
5650,b_1i741177YW_clip_025.mp4,3,2
5656,b_1XW411h7eW_clip_004.mp4,0,1
5665,b_184411c7bt_clip_011.mp4,0,2
5668,b_11x411z7ee_part1_clip_008.mp4,0,1
5687,b_197411y7eX_clip_010.mp4,1,0
5702,b_1jJ411V7xT_clip_017.mp4,2,1
5704,b_1kk4y1d7Xu_clip_002.mp4,1,0
5707,b_19b41127Fv_clip_012.mp4,0,1
5709,b_1Yt411T7w2_clip_013.mp4,0,3
5712,y_BoaWexJjHa8_clip_14.mp4,0,1
5715,b_1Gg4y1a7Ef_clip_038.mp4,2,3
5717,b_1bJ411J78u_clip_042.mp4,1,2
5728,b_1hE411p7Th_clip_109.mp4,1,2
5730,b_157411V7Rt_clip_020.mp4,3,1
5752,b_1B4411j7Wo_clip_024.mp4,0,1
5784,b_1q64y1T7Qh_clip_021.mp4,3,2
5787,b_1Kz411b7vS_clip_016.mp4,2,3
5794,c_movi7951_2.mp4,1,0
5803,b_1i7411f7Jc_clip_044.mp4,1,2
5809,b_1z4411b7KS_clip_003.mp4,0,2
5821,b_1ZA411i7Li_clip_015.mp4,0,3
5826,b_1ds411H7Zq_clip_009.mp4,1,2
5828,b_12x411D72J_part1_clip_009.mp4,1,2
5835,b_1bt41197FJ_clip_016.mp4,3,2
5846,b_1Jt411q7Nh_clip_012.mp4,0,1
5850,y_grI4X4CiD8o_clip_26.mp4,0,3
5852,b_1Ws411F7MQ_clip_001.mp4,2,1
5858,b_1Cb411b7BW_clip_009.mp4,3,0
5859,b_19J411z7or_clip_014.mp4,2,3
5864,b_1jW411x7tS_part2_clip_004.mp4,0,2
5878,b_1KT4y157KK_clip_039.mp4,2,1
5879,b_1wx411D7Na_part1_clip_014.mp4,0,3
5897,b_1JE41147LF_clip_035.mp4,1,2
5899,b_17b411H7b9_clip_011.mp4,3,1
5912,b_1Ws411F7MQ_clip_029.mp4,0,3
5916,b_1XJ411m7H5_clip_009.mp4,1,0
5926,b_1dz4y1R7gY_clip_022.mp4,2,1
5927,b_16b411C7Y7_clip_022.mp4,0,1
5933,b_1kJ411B7Xc_clip_017.mp4,1,3
5936,b_1Ht411x7sF_clip_016.mp4,1,3
5937,y_CzrWKnJ95Q4_clip_5.mp4,1,2
5939,b_1At411V7X9_clip_016.mp4,2,3
5960,b_1at411y7Eo_clip_042.mp4,2,1
5967,b_1Nk4y1k7nk_clip_001.mp4,0,3
5974,b_1kJ411e7qf_clip_009.mp4,2,0
5983,j_2952.mp4,0,2
6000,b_1764y1M7zr_clip_032.mp4,1,0
6001,b_1U4411V7fj_clip_007.mp4,0,1
6002,b_1mt411p7xH_clip_019.mp4,3,1
6019,b_1QJ411M7wR_clip_011.mp4,1,0
6020,b_1mt411e7s2_clip_031.mp4,3,1
6021,b_14b411y79D_clip_015.mp4,3,2
6022,b_1Yk4y1R7hE_clip_011.mp4,0,2
6026,b_1n4411K7Np_clip_025.mp4,0,2
6034,b_1F4411e7qF_clip_027.mp4,0,2
6058,b_1bt411z7Ps_clip_030.mp4,2,0
6059,b_1H5411s7ho_clip_006.mp4,1,2
6064,b_1Et411s72c_clip_047.mp4,1,2
6072,b_1ya4y1e7Tn_clip_047.mp4,0,2
6085,b_1j441137me_clip_010.mp4,0,2
6093,b_1nJ411q7Nw_clip_019.mp4,2,1
6104,b_1PE411X762_clip_029.mp4,0,2
6109,b_1UK41157MY_clip_025.mp4,3,1
6114,b_1Xt411s7y5_clip_011.mp4,2,1
6135,b_1NJ411F7Y6_clip_012.mp4,1,3
6141,b_1z4411b7KS_clip_024.mp4,2,3
6149,c_sunp1651_5.mp4,2,1
6157,b_1N4411J7oN_clip_013.mp4,3,1
6188,y_0gdy9L5whEs_clip_24.mp4,1,2
6200,b_1a7411L7PC_clip_120.mp4,1,2
6211,b_1Gb411G7XZ_clip_012.mp4,0,1
6212,b_1d4411H7st_clip_019.mp4,1,3
6215,b_1kJ411e7qf_clip_022.mp4,3,2
6217,b_1jT4y1G7K7_clip_041.mp4,2,1
6218,b_1mx411B7Z1_part1_clip_003.mp4,0,2
6222,b_13t411K7i7_clip_015.mp4,3,0
6231,b_1zs411t7nk_part2_clip_007.mp4,1,3
6236,y_dPbipg5_kqM_clip_4.mp4,1,3
6246,y_Gdm0JP8Egyc_clip_24.mp4,3,1
6254,b_1gJ411U7nb_clip_002.mp4,0,1
6256,b_1aE411k771_clip_024.mp4,2,0
6268,b_1yV411d7fP_clip_013.mp4,2,0
6272,b_1NJ411q7pd_clip_025.mp4,0,2
6273,b_1F7411Z74z_clip_080.mp4,0,1
6278,c_movi7929_26.mp4,1,3
6282,b_16x411o7wR_clip_012.mp4,3,2
6290,b_194411y72B_clip_035.mp4,0,2
6294,c_movi7931_19.mp4,2,1
6296,b_1jW411H7pd_part1_clip_006.mp4,2,3
6307,b_1Jt411Y7H9_clip_029.mp4,0,1
6312,b_1764y1M7zr_clip_037.mp4,3,1
6313,b_1ix411Z7U6_clip_025.mp4,1,2
6316,b_15z411z7Rs_clip_012.mp4,0,1
6322,b_1cJ41167TW_clip_019.mp4,0,2
6326,b_1R7411u769_clip_039.mp4,2,1
6330,b_1k4411T7Nf_clip_025.mp4,1,2
6332,b_1Ws411F7MQ_clip_012.mp4,3,1
6337,b_1pa4y1v7d7_clip_008.mp4,0,1
6350,b_1Qx411G7Qa_clip_014.mp4,3,0
6362,b_1JW411b7Vn_part1_clip_009.mp4,3,0
6363,b_1JE41147LF_clip_062.mp4,1,0
6370,b_1HT4y1g7E3_clip_008.mp4,0,1
6371,b_1AJ411579g_clip_020.mp4,0,1
6373,b_1Tt411E7T8_clip_016.mp4,2,1
6377,b_1J7411377C_clip_114.mp4,3,1
6388,b_1Gt411p7rv_clip_019.mp4,0,2
6390,b_12J41147hT_clip_018.mp4,1,3
6399,b_1DK411W72b_clip_001.mp4,3,2
6409,b_1Q5411s7Lb_clip_020.mp4,1,2
6412,b_1d4411K7t9_clip_050.mp4,0,1
6413,b_14K41177wQ_clip_011.mp4,3,1
6422,y_AC2R889a-LI_clip_11.mp4,1,2
6425,b_1jJ411V7xT_clip_042.mp4,0,1
6444,b_1ut4y117xD_clip_041.mp4,1,0
6453,b_15Z4y1471U_clip_011.mp4,0,2
6459,b_1Ei4y1t7VC_clip_031.mp4,1,0
6465,b_11E41127kV_clip_021.mp4,2,1
6466,b_12s411V71w_clip_008.mp4,3,1
6467,y_lnPHcf_W7x4_clip_16.mp4,2,3
6468,b_1at411b7Yw_clip_045.mp4,1,2
6469,b_16J411t7DB_clip_021.mp4,0,1
6470,b_1yt411k7va_clip_036.mp4,1,3
6473,b_1Et411J7jq_clip_029.mp4,3,0
6474,b_15Z4y1471U_clip_011.mp4,2,1
6477,b_184411F7DJ_clip_008.mp4,0,1
6478,b_1JE41147LF_clip_062.mp4,3,2
6490,b_1m4411s7eQ_clip_031.mp4,1,2
6494,b_1iJ411t7VY_clip_018.mp4,2,1
6500,b_16x411o7wR_clip_020.mp4,2,1
6505,b_1RJ411T7Hh_clip_038.mp4,1,0
6510,b_1i741177YW_clip_044.mp4,0,1
6517,b_17x411D7y6_part1_clip_007.mp4,1,0
6543,b_1tE411b7WJ_clip_011.mp4,2,1
6549,b_1UW41117Hj_clip_022.mp4,3,2
6551,y_iX5wSGmT7aw_clip_32.mp4,3,1
6555,b_12x411D72J_part2_clip_003.mp4,0,1
6561,b_1jT4y1G7K7_clip_039.mp4,2,0
6564,b_11E411n7y2_clip_025.mp4,3,1
6580,b_1kt411C7cs_clip_004.mp4,2,1
6583,b_124411F77k_clip_023.mp4,2,3
6596,b_1JE41147LF_clip_063.mp4,0,1
6597,y_8n805p23z1I_clip_3.mp4,2,3
6606,b_1d7411a7sR_clip_029.mp4,3,0
6609,b_18x411D7vv_part1_clip_012.mp4,1,3
6636,b_1KK41157yS_clip_002.mp4,0,1
6641,b_1SZ4y1p75f_clip_021.mp4,0,2
6646,b_1mW411979K_clip_015.mp4,1,3
6648,b_1F7411Z74z_clip_072.mp4,2,0
6649,b_1DT4y137h7_clip_024.mp4,2,3
6652,y_ftNChGZqDBQ_clip_23.mp4,1,2
6663,c_movi7928_18.mp4,1,2
6665,y_GBAW2vhPk60_clip_3.mp4,1,0
6666,b_1aW411s7AU_part1_clip_007.mp4,0,1
6671,b_1h441147Vc_clip_009.mp4,1,0
6673,b_1CJ411b7ru_clip_025.mp4,0,2
6679,b_1p7411W74B_clip_025.mp4,2,3
6690,b_19t411B7A4_clip_009.mp4,0,3
6708,y_GBAW2vhPk60_clip_3.mp4,1,2
6711,b_1Q4411o76G_clip_045.mp4,3,2
6713,b_1bE411v7CP_clip_003.mp4,3,2
6718,b_1ys411G77L_clip_010.mp4,0,1
6734,b_1BJ411N7hE_clip_005.mp4,3,1
6742,b_194411y72B_clip_002.mp4,3,1
6751,b_1U7411u7uy_clip_045.mp4,3,1
6753,b_1bt411z7Ps_clip_002.mp4,2,1
6758,b_1bW411B7qV_part1_clip_002.mp4,1,3
6759,b_15x411f7Tk_clip_018.mp4,3,1
6762,b_1n441187Ew_clip_004.mp4,3,0
6774,b_1ft411t7zd_clip_001.mp4,3,1
6776,b_134411N7af_clip_014.mp4,3,0
6779,b_1ys411G77L_clip_008.mp4,3,1
6784,b_1cJ411k7vv_clip_010.mp4,0,1
6789,b_16b411C7Y7_clip_016.mp4,2,1
6794,y_t86Q2WNsmCE_clip_1.mp4,2,1
6803,b_1Wk4y167ox_clip_026.mp4,1,2
6822,b_1F4411e7qF_clip_032.mp4,0,1
6826,b_1KJ411T7Jo_clip_010.mp4,3,0
6832,b_1F5411t7i4_clip_023.mp4,1,0
6854,b_1UZ4y1x7w2_clip_006.mp4,0,3
6884,b_1P4411B7oe_clip_031.mp4,3,2
6885,b_1xt411L72b_clip_009.mp4,0,1
6886,b_1a7411L7PC_clip_065.mp4,3,1
6887,b_12a4y1i7Nk_clip_023.mp4,1,2
6896,b_19E411P7RL_clip_016.mp4,1,2
6898,b_1Gt411p7rv_clip_024.mp4,0,3
6900,c_sunp1671_3.mp4,3,2
6911,b_1X7411p7ZA_clip_044.mp4,0,2
6914,b_1hx411o7vo_clip_025.mp4,3,0
6924,b_1J7411377C_clip_090.mp4,2,1
6925,y_LZe6ujj48bo_clip_10.mp4,2,1
6932,b_1hJ411R79J_clip_021.mp4,1,2
6934,y_Qo_y-6rCrJk_clip_2.mp4,0,2
6937,b_1nt411E76Z_clip_020.mp4,3,1
6940,b_14s411r7Qj_clip_007.mp4,1,3
6948,b_1Yi4y1s7Ex_clip_027.mp4,0,2
6950,b_1DK411W72b_clip_040.mp4,3,2
6959,c_sunp1693_16.mp4,3,2
6961,b_1Va4y147PH_clip_020.mp4,0,1
6975,y_NliNOzuoeeg_clip_18.mp4,0,1
6979,b_1jW411H7pd_part2_clip_018.mp4,2,3
6988,y_V55gacAEnfI_clip_18.mp4,0,1
7003,b_1sA411h7A2_clip_022.mp4,1,2
7004,b_1YJ411x78w_clip_013.mp4,2,3
7016,b_1KW411W7Kb_clip_010.mp4,3,2
7026,b_1Gt411y7Xe_clip_023.mp4,3,2
7032,b_1Sx41197oS_clip_010.mp4,3,2
7045,b_1Ht411X7Qn_clip_019.mp4,0,1
7047,b_1B4411d7Pv_clip_016.mp4,0,2
7049,b_15J411n7bA_clip_011.mp4,1,2
7054,b_1hE411p7Th_clip_089.mp4,3,1
7055,b_1Bs411T7QD_clip_009.mp4,3,2
7059,b_1gt411G7gi_clip_023.mp4,1,2
7068,b_16W411i7GR_part2_clip_002.mp4,2,3
7070,y_4nhnMZLDfe0_clip_14.mp4,0,1
7072,b_1at411b7Yw_clip_074.mp4,0,1
7082,b_1RJ411y7df_clip_001.mp4,1,3
7088,b_134411x7kc_clip_014.mp4,2,1
7095,b_19E411b7hY_clip_013.mp4,2,1
7103,b_1wT4y1V7iy_clip_032.mp4,2,0
7107,b_1rt411q7vk_clip_018.mp4,2,1
7131,b_1H5411s7ho_clip_004.mp4,1,2
7132,b_1764y1M7zr_clip_037.mp4,2,1
7133,b_1j54y1X7cr_clip_012.mp4,0,1
7158,c_movi7926_33.mp4,2,0
7166,b_1gJ411U7nb_clip_017.mp4,3,0
7171,b_1Yt411Y7VQ_clip_012.mp4,1,2
7179,b_1LA411t7mT_clip_005.mp4,3,2
7182,b_12x411D72J_part2_clip_002.mp4,0,3
7188,b_1wK41157Pp_clip_009.mp4,0,2
7203,b_1d4411P7ss_clip_014.mp4,3,2
7208,b_1n741157ss_clip_079.mp4,1,2
7220,b_1X7411m71Z_clip_010.mp4,3,1
7226,b_14b411y79D_clip_004.mp4,1,2
7227,b_1b4411e7cX_clip_009.mp4,0,2
7228,b_157411V7Rt_clip_055.mp4,0,3
7239,b_1xV411f74o_clip_009.mp4,0,1
7247,b_1hW411e7WB_clip_006.mp4,0,3
7252,c_sunp1714_1.mp4,1,2
7257,c_sunp1650_7.mp4,2,1
7258,b_1Gx411D7q3_clip_009.mp4,3,2
7263,b_1TK411j7u2_clip_013.mp4,2,1
7271,b_1GJ411L7iJ_clip_026.mp4,0,2
7272,b_1GW411p7LU_part2_clip_017.mp4,3,2
7273,y_GBAW2vhPk60_clip_12.mp4,3,2
7279,b_1QJ411M7wR_clip_003.mp4,0,2
7280,b_1KJ411T7Jo_clip_019.mp4,0,2
7284,b_1PA411h72w_clip_033.mp4,3,1
7285,b_1rE411A7HG_clip_033.mp4,1,0
7298,b_1VZ4y1j7C2_clip_012.mp4,3,1
7299,b_1rE411A7HG_clip_033.mp4,3,2
7304,b_1yV411d7fP_clip_010.mp4,2,1
7305,y_Gdm0JP8Egyc_clip_10.mp4,3,0
7308,b_1bQ4y1A7FW_clip_023.mp4,0,2
7310,b_1p7411W74B_clip_046.mp4,0,1
7325,b_1Tx411z79U_part1_clip_001.mp4,3,2
7333,b_1YE411R7Rk_clip_002.mp4,3,2
7335,b_1Mb411J77z_clip_016.mp4,3,0
7339,b_1tt41157jk_clip_025.mp4,3,1
7343,b_1bt41197FJ_clip_025.mp4,0,1
7344,b_1Ft411E7zW_clip_014.mp4,3,1
7358,b_1PJ411v7n1_clip_011.mp4,2,1
7361,b_1DT4y137h7_clip_010.mp4,3,1
7364,b_1At411i75B_clip_010.mp4,2,1
7367,b_1Gt411p7rv_clip_024.mp4,2,1
7368,j_3677.mp4,3,2
7375,b_1jT4y1G7K7_clip_039.mp4,0,2
7376,b_1EJ411a7o8_clip_036.mp4,0,2
7386,b_1wt411M7K4_clip_029.mp4,0,1
7389,b_1Jt411v7ZN_clip_012.mp4,0,1
7398,b_1X4411r71e_clip_024.mp4,0,1
7403,b_1TW411e7yg_part1_clip_011.mp4,3,1
7407,y_8GfCC_k_SOs_clip_4.mp4,1,0
7418,b_1bW411B7qV_part1_clip_010.mp4,2,1
7423,b_11t411D7rC_clip_001.mp4,0,1
7450,b_1Z64y1u7vw_clip_014.mp4,1,3
7454,b_1Tb411L7yU_clip_012.mp4,1,3
7455,b_1LW411s7qq_clip_012.mp4,3,1
7461,b_194411u7wN_clip_018.mp4,3,1
7467,b_1Gk4y1r7HT_clip_001.mp4,1,0
7471,b_1Ez411b7Y5_clip_029.mp4,0,1
7480,b_1uE411s7Cf_clip_059.mp4,3,2
7486,y_rKFyUXXfLkY_clip_6.mp4,3,2
7493,b_1WJ411e72Y_clip_026.mp4,2,3
7500,b_1Gt411p7rv_clip_027.mp4,1,2
7517,b_1d4411K7t9_clip_040.mp4,1,2
7519,b_19W411Y7k2_part1_clip_010.mp4,0,1
7524,b_1S7411P7yB_clip_040.mp4,2,1
7533,b_1U4411V7fj_clip_009.mp4,1,3
7539,c_movi7924_21.mp4,2,1
7542,b_194411y72B_clip_002.mp4,0,2
7543,b_1R7411p7qA_clip_010.mp4,3,2
7546,b_1kx411f751_clip_035.mp4,1,0
7548,b_1JE41147LF_clip_021.mp4,1,2
7551,b_1RE411n7zq_clip_001.mp4,0,1
7564,b_14t41137kU_clip_006.mp4,3,1
7577,b_1ek4y19747_clip_012.mp4,0,1
7628,b_1i741177YW_clip_015.mp4,3,1
7629,b_1kx411f751_clip_012.mp4,0,1
7641,b_1fx41167CQ_part2_clip_002.mp4,0,1
7649,b_13k4y167fM_clip_017.mp4,1,3
7652,b_1WE411j7JR_clip_002.mp4,0,1
7656,b_1hE411K7bz_clip_007.mp4,3,1
7660,b_1Ex411s7tN_clip_020.mp4,2,1
7661,b_1Bb411A74A_clip_002.mp4,0,2
7669,b_16b411C7Y7_clip_031.mp4,1,3
7673,y_63K82asaZMg_clip_9.mp4,2,3
7676,b_1XJ411G77m_clip_015.mp4,2,1
7687,b_1sx41167tG_part2_clip_008.mp4,1,0
7689,b_194411u7wN_clip_001.mp4,0,2
7694,b_12a4y1i7Nk_clip_032.mp4,3,2
7697,b_1E4411k7A6_clip_033.mp4,2,3
7703,b_1a7411L7PC_clip_108.mp4,2,0
7715,b_1v441117X7_clip_018.mp4,2,3
7722,b_1Ht41137f7_clip_010.mp4,0,2
7734,b_1s7411J7yN_clip_106.mp4,3,2
7741,b_1a7411L7PC_clip_108.mp4,3,1
7742,b_1dE411d7D7_clip_012.mp4,3,1
7747,b_1Qt411K7JU_clip_015.mp4,1,2
7776,b_1aE411k771_clip_013.mp4,1,2
7786,b_1Fk4y1z7d6_clip_036.mp4,0,1
7795,b_1ek4y19747_clip_042.mp4,3,2
7809,b_1ox411B7yE_part2_clip_004.mp4,1,2
7815,b_1Ax411q7kH_part2_clip_001.mp4,2,1
7827,y_V55gacAEnfI_clip_10.mp4,0,2
7833,b_1J7411377C_clip_028.mp4,1,3
7835,b_1PZ4y1477R_clip_035.mp4,0,1
7847,j_2954.mp4,0,3
7855,b_1bt411q7fm_clip_007.mp4,2,3
7872,b_1n741157ss_clip_058.mp4,2,3
7884,b_1dE411d7D7_clip_025.mp4,0,2
7887,b_1ZA411i7Li_clip_022.mp4,0,2
7888,b_13t411g7Z3_clip_009.mp4,0,1
7900,b_1YE411R7Rk_clip_002.mp4,0,2
7903,b_1Nz411872c_clip_010.mp4,1,2
7913,b_1mt411p7xH_clip_003.mp4,0,2
7916,y_Rp4IpAoz5kA_clip_9.mp4,3,0
7924,b_1CW411h7oK_part1_clip_005.mp4,0,3
7930,b_1Wk4y167ox_clip_010.mp4,1,2
7937,b_16A411b7pN_clip_022.mp4,2,1
7949,b_187411V7WG_clip_070.mp4,0,1
7964,b_1R7411u769_clip_079.mp4,0,1
7974,b_1d64y1M71U_clip_001.mp4,3,0
7988,b_1RJ411T7Hh_clip_032.mp4,1,0
7989,b_187411V7WG_clip_050.mp4,2,3
7993,b_1LW411v7Tv_part1_clip_015.mp4,3,2
8007,b_1z4411b7KS_clip_008.mp4,2,0
8012,b_11E41127kV_clip_015.mp4,2,1
8017,b_1z741177kN_clip_120.mp4,0,3
8020,b_1Jt411Y7H9_clip_029.mp4,3,0
8030,b_1xz411z7b5_clip_026.mp4,0,3
8033,b_1DE411P71Y_clip_033.mp4,0,1
8058,b_1B4411j7Wo_clip_040.mp4,0,3
8062,b_11E41127kV_clip_020.mp4,3,1
8079,b_1ut4y117xD_clip_037.mp4,0,1
8083,b_1f4411S7Ty_clip_028.mp4,0,3
8110,b_1MK411j7XB_clip_030.mp4,3,2
8116,b_1Rt411n7CX_clip_007.mp4,0,3
8122,b_1Rt411j7yx_clip_002.mp4,2,1
8124,b_1gt411f7vA_clip_012.mp4,3,1
8134,b_1wt411M7K4_clip_029.mp4,0,1
8137,b_1rE411A7HG_clip_012.mp4,3,2
8138,b_1rt411q7vk_clip_003.mp4,0,1
8142,b_16Q4y1M7Gp_clip_022.mp4,3,0
8147,b_16t411r7Go_clip_026.mp4,1,0
8164,y_0gdy9L5whEs_clip_19.mp4,1,2
8182,b_1gE411L7oE_clip_010.mp4,3,1
8185,b_1M4411P73G_clip_028.mp4,2,0
8196,b_1v4411g7cH_clip_026.mp4,2,0
8204,b_144411Q75M_clip_018.mp4,0,1
8205,b_1at411y7Eo_clip_007.mp4,0,3
8210,b_1xt411L72b_clip_005.mp4,3,0
8225,b_1rJ411K7pL_clip_017.mp4,1,2
8231,b_1j741157BM_clip_107.mp4,0,1
8240,b_18f4y1U73n_clip_044.mp4,2,0
8243,b_1JE41147LF_clip_094.mp4,0,3
8247,b_1XW411h7eW_clip_006.mp4,3,2
8248,b_1BJ411u7Sn_clip_016.mp4,3,1
8252,b_1Vx411x7PP_part1_clip_013.mp4,1,0
8260,b_1RJ411C7yS_clip_040.mp4,3,0
8282,b_1Px411B7ZM_part1_clip_016.mp4,1,2
8285,b_19441187Lt_clip_001.mp4,3,2
8288,b_1Vs41157A6_part1_clip_003.mp4,3,0
8295,b_1kt411C7cs_clip_009.mp4,1,0
8296,b_19J411H7pW_clip_002.mp4,1,3
8297,b_1i441117ec_clip_028.mp4,2,3
8299,b_1Gk4y1r7HT_clip_003.mp4,1,3
8300,j_3709.mp4,3,0
8311,b_1y441137Qm_clip_011.mp4,3,1
8312,b_1A4411H7RU_clip_011.mp4,0,1
8315,b_1DT4y137h7_clip_024.mp4,3,1
8319,b_1VZ4y1j7C2_clip_034.mp4,3,2
8329,b_19J411z7or_clip_011.mp4,0,2
8330,b_1h7411v7mp_clip_038.mp4,0,1
8339,y_TRpDI-LdkDI_clip_25.mp4,0,1
8348,b_19E411b7WH_clip_042.mp4,3,1
8353,b_18f4y1U73n_clip_004.mp4,3,2
8358,b_13k4y167fM_clip_002.mp4,1,3
8360,j_3286.mp4,2,1
8364,b_1v4411g7cH_clip_018.mp4,0,1
8369,b_1gt411G7gi_clip_027.mp4,0,1
8379,y_1iK4mwXxgOc_clip_6.mp4,0,2
8392,b_1bt411z7Ps_clip_001.mp4,2,1
8404,b_1At411g7Sm_clip_008.mp4,2,3
8406,b_1EJ41117Tu_clip_022.mp4,1,2
8408,y_4YwRDwe5Bd8_clip_8.mp4,1,0
8416,b_14E411C7j1_clip_026.mp4,1,2
8420,b_1jJ411V7xT_clip_005.mp4,1,2
8445,b_1RE411H7di_clip_020.mp4,3,1
8446,c_sunp1651_6.mp4,0,1
8459,b_184411c7bt_clip_007.mp4,1,2
8463,b_1c54y1R7Tb_clip_016.mp4,3,2
8466,b_1kk4y1d7Xu_clip_020.mp4,0,3
8469,b_1yJ411k7Yo_clip_023.mp4,0,2
8472,b_1bE411v7CP_clip_003.mp4,1,0
8483,b_144411Q75M_clip_003.mp4,3,1
8514,b_1MJ411A7ND_clip_026.mp4,0,1
8523,b_1PC4y1p7sq_clip_008.mp4,3,2
8525,b_1YK4y1k7SF_clip_035.mp4,0,3
8535,b_1Da4y1e7jc_clip_021.mp4,0,1
8550,b_187411V7WG_clip_033.mp4,0,1
8552,b_1MK411j7XB_clip_032.mp4,3,2
8558,b_1j7411h7kb_clip_044.mp4,2,1
8559,b_1Fk4y1z7d6_clip_015.mp4,1,2
8597,b_1PE411X762_clip_019.mp4,1,3
8599,b_1Q5411s7Lb_clip_045.mp4,3,2
8609,b_18W411t7xG_clip_008.mp4,0,1
8615,b_1J7411377C_clip_137.mp4,2,0
8659,c_sunp1715_15.mp4,0,1
8663,b_16b411C7Y7_clip_016.mp4,2,1
8671,b_1a7411L7PC_clip_137.mp4,1,0
8675,y_Qo_y-6rCrJk_clip_4.mp4,1,3
8700,b_1gJ411U7nb_clip_002.mp4,0,1
8706,b_1et411q7Pj_clip_044.mp4,0,2
8729,b_1X7411i7Ph_clip_053.mp4,3,1
8733,b_1NJ411q7pd_clip_006.mp4,1,2
8736,c_movi7924_16.mp4,3,1
8738,b_18J411H7we_clip_036.mp4,3,1
8744,b_1iJ411t7VY_clip_005.mp4,2,0
8753,b_1s7411J7yN_clip_105.mp4,3,1
8754,c_movi7931_28.mp4,1,0
8763,b_1RJ411T7Hh_clip_010.mp4,1,2
8777,b_1vt411E74g_clip_011.mp4,2,0
8780,b_13t411F7iD_clip_029.mp4,3,2
8789,b_12a4y1i7Nk_clip_009.mp4,2,1
8791,b_1764y1M7zr_clip_001.mp4,3,0
8804,b_1f4411p7oB_clip_033.mp4,2,1
8806,b_1ix411R7tt_clip_040.mp4,2,1
8810,b_1Ft411E7zW_clip_014.mp4,2,1
8811,b_1NE411w7WB_clip_052.mp4,0,1
8812,b_1kk4y1d7Xu_clip_003.mp4,0,2
8813,b_1wT4y1V7iy_clip_030.mp4,1,3
8821,b_1Cb411b7BW_clip_047.mp4,1,3
8836,b_1X7411p7ZA_clip_026.mp4,1,3
8837,b_1Bs411T7QD_clip_004.mp4,1,0
8840,y_0hhLZtjyZhA_clip_6.mp4,0,2
8850,b_1St411F7zW_clip_018.mp4,3,1
8858,b_1hE411K7bz_clip_010.mp4,3,2
8867,b_1iJ411t7VY_clip_003.mp4,1,0
8877,b_1cx411f7Pw_clip_043.mp4,3,1
8879,b_1k4411T7Nf_clip_027.mp4,3,0
8884,b_1ix411Q7BZ_part1_clip_004.mp4,0,3
8893,y_twUbbA9OElY_clip_5.mp4,2,1
8906,y_TKIL_9wuF1Q_clip_17.mp4,3,2
8908,b_1f4411p7oB_clip_033.mp4,2,3
8909,b_16W411t7ht_part1_clip_004.mp4,1,3
8914,b_14E411C7j1_clip_043.mp4,1,2
8919,b_1DT4y137h7_clip_010.mp4,3,1
8925,y_ljEdPecAbwA_clip_12.mp4,0,3
8936,b_14b411y79D_clip_001.mp4,2,1
8938,b_1n4411C72C_clip_013.mp4,3,1
8940,b_1DT4y137h7_clip_054.mp4,1,3
8943,b_1TK411j7u2_clip_013.mp4,2,1
8948,b_1d4411K7t9_clip_026.mp4,3,1
8964,b_1Px411Q7hu_part2_clip_004.mp4,0,1
9000,b_1TK411j7u2_clip_010.mp4,0,3
9005,b_1jW411H7pd_part2_clip_007.mp4,3,0
9016,b_13t411Z7s6_clip_017.mp4,1,2
9017,b_1MJ411y74s_clip_009.mp4,0,3
9028,b_1S54y1R7o3_clip_001.mp4,0,1
9029,b_11x411S7GS_part1_clip_015.mp4,1,3
9033,b_1zJ411x7dw_clip_036.mp4,2,1
9035,b_1MJ411y74s_clip_006.mp4,1,3
9036,b_1B4411r7M7_clip_002.mp4,3,0
9039,b_1NJ411q7pd_clip_017.mp4,0,1
9043,b_1k7411y72r_clip_052.mp4,1,2
9048,b_157411V7Rt_clip_057.mp4,3,0
9055,b_12x411D72J_part1_clip_009.mp4,1,2
9059,b_13k4y167fM_clip_004.mp4,2,0
9065,y_4YwRDwe5Bd8_clip_7.mp4,0,1
9077,b_1Px411g7pT_part1_clip_007.mp4,1,3
9082,b_1D4411n7J6_clip_030.mp4,1,0
9094,b_1BC4y147Da_clip_034.mp4,3,2
9099,b_127411s7T7_clip_009.mp4,3,2
9101,b_1GT4y157PR_clip_030.mp4,1,2
9103,y_RHKFbr4wRTY_clip_1.mp4,2,1
9106,b_1Mx411Z7ve_clip_002.mp4,2,0
9108,b_1Nt41127AL_clip_012.mp4,1,2
9112,j_3611.mp4,3,2
9115,b_1B4411j7Wo_clip_006.mp4,0,2
9116,b_1Gk4y1r7HT_clip_001.mp4,1,2
9122,b_194411p7Ho_clip_022.mp4,2,1
9126,b_1XJ411m7H5_clip_005.mp4,0,1
9144,b_13s411V72j_part2_clip_006.mp4,1,2
9158,b_1DT4y137h7_clip_023.mp4,2,1
9160,b_1aW411s7AU_part1_clip_021.mp4,1,2
9178,y_HF3YvZB6NuM_clip_10.mp4,3,2
9185,b_1Us411c7xo_clip_001.mp4,3,1
9186,y_xjhHM0ilzZ8_clip_14.mp4,3,2
9194,b_1RJ411T7Hh_clip_010.mp4,2,1
9196,b_1EW411v73M_part2_clip_022.mp4,1,2
9202,b_1hE411p7Th_clip_010.mp4,2,1
9210,b_17W411B7wM_clip_023.mp4,2,3
9214,b_1Ht41137f7_clip_008.mp4,0,1
9223,b_1at411b7Yw_clip_074.mp4,0,2
9224,b_114411z7Z1_clip_026.mp4,0,1
9226,b_1B4411d7Pv_clip_013.mp4,1,2
9234,b_16t411r7Go_clip_024.mp4,1,3
9244,b_1aZ4y1s7BV_clip_010.mp4,3,2
9254,b_1a4411o7DJ_clip_027.mp4,2,1
9262,b_1wJ411P7Hd_clip_034.mp4,0,3
9265,b_1KK41157yS_clip_008.mp4,0,1
9273,b_1Us411c7xo_clip_002.mp4,2,1
9285,b_1cW411D7TA_clip_010.mp4,3,2
9288,b_1YC4y1s7kS_clip_014.mp4,3,1
9290,b_1bJ411x7an_clip_041.mp4,0,3
9294,b_1gJ411U7nb_clip_006.mp4,1,2
9299,b_1NQ4y1N7N3_clip_012.mp4,2,1
9325,b_1wt411M7K4_clip_031.mp4,0,2
9328,b_17x411X7hm_clip_023.mp4,3,1
9332,b_18f4y1U73n_clip_023.mp4,1,3
9337,b_1f7411R7ab_clip_004.mp4,2,0
9339,b_16W411i7GR_part1_clip_011.mp4,3,1
9344,b_18W411i74f_part1_clip_008.mp4,0,1
9368,c_sunp1712_13.mp4,2,1
9373,b_1Jv41167zm_clip_005.mp4,0,1
9378,b_184411c7bt_clip_003.mp4,3,1
9388,b_1a4411B7sb_clip_005.mp4,3,0
9409,b_1yE411j7KU_clip_077.mp4,1,0
9412,b_187411V7WG_clip_102.mp4,0,3
9425,y_GG3DUj4RTI4_clip_2.mp4,0,1
9426,b_13s411V72j_part2_clip_002.mp4,0,1
9434,b_1F7411x7Xw_clip_041.mp4,3,2
9443,b_1iT4y1u721_clip_001.mp4,1,0
9446,b_17b411H7b9_clip_009.mp4,1,2
9459,b_1ds411H7Zq_clip_014.mp4,2,1
9474,y_grI4X4CiD8o_clip_20.mp4,3,2
9476,b_1b4411B7zM_clip_015.mp4,3,1
9483,y_xjhHM0ilzZ8_clip_3.mp4,0,1
9486,b_1Yi4y1s7Ex_clip_050.mp4,2,1
9490,b_1Ei4y1t7VC_clip_024.mp4,0,1
9513,b_1fW411J79x_part1_clip_001.mp4,3,1
9514,b_1d64y1M71U_clip_015.mp4,3,2
9516,b_1hW411e7WB_clip_009.mp4,0,2
9524,b_1rf4y127sM_clip_027.mp4,0,1
9536,b_1DE411i7bK_clip_001.mp4,3,2
9561,b_1RE411H7di_clip_006.mp4,1,0
9566,b_1Xt411s7y5_clip_012.mp4,0,2
9568,b_1gJ411U7nb_clip_009.mp4,2,3
9587,b_1rf4y127sM_clip_024.mp4,0,3
9617,b_1Gk4y1r7HT_clip_002.mp4,0,1
9622,b_1Gx411i7XG_part1_clip_001.mp4,1,2
9627,b_1a7411L7PC_clip_019.mp4,1,3
9640,b_1Lz411B7zd_clip_002.mp4,3,2
9651,b_1AW411d7h4_clip_002.mp4,1,0
9654,b_13t41157Kn_clip_021.mp4,0,1
9658,c_movi7924_19.mp4,1,0
9665,b_1yE41187A9_clip_018.mp4,2,1
9667,b_1Gg4y1a7Ef_clip_036.mp4,3,2
9675,b_12s411V71w_clip_006.mp4,1,3
9688,b_1z4411b7KS_clip_034.mp4,3,2
9691,b_1X7411p7ZA_clip_044.mp4,2,3
9713,b_1U7411u7uy_clip_023.mp4,1,0
9722,b_1Mt411P7iF_clip_040.mp4,3,0
9724,b_1F4411d7Um_clip_009.mp4,0,2
9732,b_12s411V71w_clip_003.mp4,1,2
9735,b_1uK411L7sS_clip_001.mp4,0,1
9738,b_1B4411d7Pv_clip_028.mp4,0,1
9751,b_1bt411q7fm_clip_020.mp4,2,3
9766,b_1ut4y117xD_clip_029.mp4,0,2
9768,y_grI4X4CiD8o_clip_10.mp4,2,1
9769,b_1GW411q7Wi_clip_009.mp4,3,0
9774,b_1kJ411B7Xc_clip_015.mp4,1,3
9783,b_1bt411Q7qe_clip_011.mp4,3,1
9789,b_1X4411r71e_clip_017.mp4,0,2
9794,b_15b411b7DL_clip_015.mp4,1,2
9805,y_lnPHcf_W7x4_clip_2.mp4,1,2
9808,b_194411Z7Nh_clip_029.mp4,0,1
9813,b_1PJ41147iD_clip_026.mp4,2,1
9814,b_1CJ411b7ru_clip_037.mp4,1,2
9823,y_23ZW80OBD9g_clip_13.mp4,3,0
9828,b_1Kt411c7wF_clip_013.mp4,2,1
9830,b_1n4411C72C_clip_013.mp4,0,2
9842,b_1H441117w9_clip_029.mp4,0,3
9848,b_1d4411K7t9_clip_045.mp4,3,1
9863,b_1A4411H7RU_clip_014.mp4,3,1
9870,b_194411Z7Nh_clip_019.mp4,0,1
9877,b_1DK411W72b_clip_004.mp4,0,2
9881,b_1xz411z7b5_clip_042.mp4,2,1
9883,b_1Px411Q7hu_part2_clip_007.mp4,0,2
9904,b_1d4411H7st_clip_044.mp4,1,0
9905,b_13t411F7iD_clip_029.mp4,0,2
9910,b_1nJ411q7Nw_clip_035.mp4,2,0
9926,b_1X7411i7Ph_clip_034.mp4,1,2
9938,b_1yt411k7va_clip_026.mp4,2,3
9939,b_1LW411s7qq_clip_012.mp4,2,3
9947,b_1Jv41167zm_clip_027.mp4,0,1
9961,b_11x411i7ms_part2_clip_002.mp4,1,2
9963,b_1GT4y157PR_clip_019.mp4,2,1
9965,b_1d4411P7ss_clip_017.mp4,3,2
9969,b_1CJ411b7ru_clip_002.mp4,2,3
9999,b_1KJ411T7Jo_clip_021.mp4,2,1
10003,b_1EE411d7hM_clip_003.mp4,0,2
10004,b_1Vs411c765_clip_001.mp4,3,1
10008,b_1AW411d7h4_clip_012.mp4,1,2
10017,b_18a4y14785_clip_025.mp4,1,0
10024,c_movi7925_19.mp4,0,1
10025,b_1z4411b7KS_clip_003.mp4,3,2
10032,b_1L4411y7eN_clip_023.mp4,0,2
10057,b_1Ht411X7Qn_clip_008.mp4,1,2
10059,b_1hE411k7re_clip_023.mp4,0,1
10067,b_17E41127dn_clip_001.mp4,3,1
10075,b_187411V7WG_clip_012.mp4,1,2
10083,b_1Bf4y1U7Ft_clip_009.mp4,3,1
10099,c_movi7924_25.mp4,1,0
10119,b_19E411b7hY_clip_007.mp4,2,3
10121,b_1bt41197FJ_clip_025.mp4,0,1
10123,b_1GE411B7aV_clip_015.mp4,0,3
10125,b_1Mi4y1b7GK_clip_004.mp4,2,1
10127,b_1BC4y147Da_clip_044.mp4,0,2
10152,b_1cJ41167TW_clip_025.mp4,0,2
10155,b_12a4y1i7Nk_clip_005.mp4,3,1
10200,b_1rk4y1k7F9_clip_017.mp4,1,3
10202,b_19E411q721_clip_003.mp4,0,2
10219,b_1DE411i7bK_clip_004.mp4,3,1
10221,b_1Gt411y7Xe_clip_012.mp4,3,2
10225,b_1L7411R73G_clip_042.mp4,3,1
10251,b_1Bs411T7QD_clip_009.mp4,0,2
10256,b_1kJ411B7Xc_clip_020.mp4,0,1
10266,b_19J411p7Ck_clip_001.mp4,1,2
10270,b_1J7411377C_clip_028.mp4,0,1
10279,b_1bt411P7h4_clip_009.mp4,3,1
10287,b_1a4411B7sb_clip_006.mp4,3,1
10297,b_1Ct41147rV_clip_042.mp4,1,2
10304,b_1hE411J77d_clip_028.mp4,0,1
10318,b_1LW411s7qq_clip_012.mp4,1,0
10331,b_194411C7mL_clip_022.mp4,3,0
10336,b_1ZA411i7Li_clip_032.mp4,3,2
10344,b_1Sx411r7DS_clip_005.mp4,0,1
10351,b_1E4411t7de_clip_007.mp4,1,2
10370,b_1Ht411x7sF_clip_008.mp4,2,1
10375,b_14s411r72D_part1_clip_009.mp4,1,3
10388,b_1vJ411B7BH_clip_046.mp4,0,3
10391,b_1Mb41157pm_clip_024.mp4,1,0
10392,b_1L7411x7nm_clip_001.mp4,2,3
10398,b_1xt411L72b_clip_009.mp4,1,2
10439,y_f2e6E-RQOCI_clip_9.mp4,3,0
10458,b_1Sx411u7Ey_part2_clip_002.mp4,1,2
10471,b_1G7411K7oi_clip_006.mp4,3,2
10492,b_1KK41157yS_clip_008.mp4,2,1
10495,b_1PE411X762_clip_012.mp4,3,2
10503,b_1zE411o7Ga_clip_025.mp4,0,2
10518,b_1YK4y1k7SF_clip_030.mp4,3,1
10519,b_1G7411G7yS_clip_036.mp4,1,3
10522,b_1at411b7Yw_clip_004.mp4,0,2
10527,b_1at411y7Eo_clip_050.mp4,1,3
10538,c_sunp1648_1.mp4,1,3
10543,b_1DT4y137h7_clip_030.mp4,3,2
10555,b_1ys411G77L_clip_010.mp4,2,1
10565,b_1ix41167dQ_part1_clip_005.mp4,1,2
10566,b_1e4411o7SA_clip_024.mp4,0,2
10573,b_1B4411j7Wo_clip_024.mp4,0,2
10576,b_1j54y1X7cr_clip_012.mp4,0,3
10577,b_1j741157BM_clip_050.mp4,1,3
10579,b_1Vs411g7A4_clip_008.mp4,3,2
10585,b_1A4411H7RU_clip_015.mp4,2,1
10624,b_1M4411P73G_clip_029.mp4,1,3
10642,b_1jt411e7vy_clip_013.mp4,2,1
10645,b_1s5411x7CW_clip_011.mp4,0,1
10650,b_1gJ411U7nb_clip_006.mp4,0,1
10659,b_1X7411i7Ph_clip_050.mp4,3,0
10663,b_1RJ411T7Hh_clip_034.mp4,1,2
10670,b_1H441117Hi_clip_030.mp4,0,2
10675,y_ts7lKdhojGY_clip_55.mp4,3,0
10677,b_1Mx411Z7ve_clip_015.mp4,1,2
10683,b_1Xt411s7y5_clip_017.mp4,0,1
10686,b_1hE411k7re_clip_008.mp4,3,2
10745,y_DUX_IhauRlI_clip_7.mp4,1,0
10760,b_1ft411t7zd_clip_022.mp4,1,0
10763,b_1h441147Vc_clip_009.mp4,2,3
10778,b_1fg4y1B7cA_clip_007.mp4,3,1
10782,b_11J411C7Hj_clip_018.mp4,0,1
10787,b_1JE411r7ba_clip_027.mp4,0,1
10788,b_1Cb411b7BW_clip_015.mp4,0,2
10798,b_1vJ411B7BH_clip_002.mp4,1,3
10818,b_1sa4y1e7PF_clip_025.mp4,3,0
10828,b_17W411B7wM_clip_002.mp4,1,2
10859,b_1DK411W72b_clip_040.mp4,1,2
10866,b_1pZ4y1s7ma_clip_005.mp4,1,2
10869,b_1Jx411Q79o_clip_014.mp4,0,2
10875,b_1DE411P71Y_clip_016.mp4,0,1
10878,b_1Z4411H7pb_clip_014.mp4,1,2
10894,b_1Ei4y1t7VC_clip_031.mp4,1,2
10896,b_1BJ411N7hE_clip_009.mp4,0,1
10912,y_k3kpcKkQCmA_clip_9.mp4,1,2
10915,b_1a4411B7sb_clip_011.mp4,1,2
10925,b_1yg4y187PF_clip_005.mp4,3,2
10940,b_14E411D7YA_clip_036.mp4,0,2
10943,b_1wJ411P7Hd_clip_026.mp4,3,2
10944,b_1U7411u7uy_clip_006.mp4,0,1
10946,b_1hE411p7Th_clip_062.mp4,3,1
10955,c_movi7951_26.mp4,1,0
10957,b_1zJ411x7dw_clip_036.mp4,1,2
10962,b_1sC4y1s7oK_clip_009.mp4,1,2
10965,b_13t411K7i7_clip_013.mp4,2,0
10967,b_1ix411Q7BZ_part1_clip_004.mp4,2,3
10968,b_1jT4y1G7K7_clip_047.mp4,2,1
10969,b_1PA411h72w_clip_038.mp4,0,2
10972,b_1Yi4y1s7Ex_clip_054.mp4,3,0
10973,b_1rt411q7vk_clip_011.mp4,0,1
11003,b_1yE411j7KU_clip_075.mp4,1,3
11005,b_14K41157xw_clip_018.mp4,3,0
11009,b_18a4y14785_clip_004.mp4,3,1
11011,b_1XW411h7eW_clip_011.mp4,3,0
11013,b_1Q5411s7Lb_clip_020.mp4,1,2
11015,b_1rE411A7HG_clip_041.mp4,0,2
11017,b_1kC4y14752_clip_033.mp4,0,1
11031,b_14s411r7Qj_clip_015.mp4,0,1
11032,b_1B4411j7Wo_clip_006.mp4,0,1
11043,b_1X7411p7ZA_clip_022.mp4,3,2
11055,b_1FE411F7Ss_clip_018.mp4,2,1
11062,b_1Ez411q7MR_clip_033.mp4,3,1
11066,b_16x411o7wR_clip_008.mp4,0,1
11069,b_1B4411d7Pv_clip_026.mp4,2,1
11071,b_1Jx411f7Vv_clip_017.mp4,3,2
11081,b_1yx411C77W_part1_clip_004.mp4,2,0
11085,b_1Tb411L7yU_clip_017.mp4,0,1
11086,y_rKFyUXXfLkY_clip_5.mp4,3,0
11089,b_1h441147Vc_clip_028.mp4,2,1
11091,b_1Ez411q7MR_clip_006.mp4,0,3
11093,b_17E411W7bc_clip_040.mp4,3,1
11095,b_1KJ411T7Jo_clip_015.mp4,2,3
11097,b_1kt411C7cs_clip_004.mp4,0,1
11098,y_A4NxVXfqt64_clip_18.mp4,1,2
11104,b_1d54y1Q71E_clip_010.mp4,0,1
11115,b_1Bb411A74A_clip_008.mp4,3,2
11124,b_1Jx411f7Vv_clip_004.mp4,1,3
11129,b_1bb411y7Rh_clip_032.mp4,2,0
11135,b_1wZ4y1j729_clip_012.mp4,3,1
11144,b_1vt411E74g_clip_011.mp4,0,2
11152,b_1d4411K7t9_clip_011.mp4,0,2
11153,b_1bt411z7Ps_clip_015.mp4,0,2
11155,b_1NQ4y1N7N3_clip_012.mp4,0,1
11157,b_1hx411o7vo_clip_001.mp4,1,2
11162,b_1zJ411x7dw_clip_029.mp4,3,2
11186,b_184411c7bt_clip_019.mp4,3,0
11206,b_1jE411f71G_clip_038.mp4,2,0
11209,b_1hE411p7Th_clip_010.mp4,3,2
11210,b_1yJ411k7Yo_clip_004.mp4,1,2
11212,b_1St411F7zW_clip_009.mp4,1,3
11224,y_4nhnMZLDfe0_clip_1.mp4,0,1
11228,b_1hJ41127mG_clip_009.mp4,3,1
11234,b_16s41167pP_clip_007.mp4,0,2
11241,b_1b7411y7Kg_clip_013.mp4,0,2
11282,b_1CW411h7oK_part1_clip_011.mp4,3,2
11285,y_LPTSJ_-_JRU_clip_14.mp4,3,2
11290,b_1iJ411t7VY_clip_010.mp4,3,0
11293,b_1YE411R7Rk_clip_012.mp4,2,0
11297,y_k3kpcKkQCmA_clip_23.mp4,3,2
11306,y_Rp4IpAoz5kA_clip_1.mp4,1,2
11309,b_1XE411p73c_clip_011.mp4,2,1
11318,b_1UW41117Hj_clip_006.mp4,1,2
11325,b_1YE411r7e1_clip_011.mp4,3,2
11334,y_TRpDI-LdkDI_clip_9.mp4,1,3
11351,b_1TK411j7u2_clip_014.mp4,2,0
11352,c_movi7929_27.mp4,3,1
11353,y_qLstTC3D5dI_clip_14.mp4,2,1
11356,b_1ya4y1e7Tn_clip_054.mp4,0,1
11357,b_1yE411j7KU_clip_079.mp4,0,1
11367,b_1mx411B7Z1_part1_clip_003.mp4,1,2
11376,b_1SE411Z7mT_clip_023.mp4,3,1
11382,y_jXS553HFNsY_clip_8.mp4,2,3
11392,b_1Yx411r7as_clip_012.mp4,3,2
11393,b_1LE411T7sZ_clip_041.mp4,2,1
11406,b_1EJ41117Tu_clip_014.mp4,0,1
11412,b_1d7411a7sR_clip_041.mp4,0,1
11428,b_1Gk4y1r7HT_clip_039.mp4,0,1
11430,b_1JW411b7Vn_part1_clip_020.mp4,3,1
11431,b_1X7411m71Z_clip_015.mp4,3,0
11433,b_124411F77k_clip_004.mp4,3,1
11435,b_13t411F7iD_clip_001.mp4,3,1
11446,b_1yt411k7va_clip_037.mp4,3,1
11452,b_13t411F7iD_clip_020.mp4,0,3
11475,y_6LUTxzXfQW0_clip_13.mp4,3,0
11494,y_eh5uVEEyV9A_clip_17.mp4,0,2
11501,b_15x411f7Tk_clip_030.mp4,1,2
11503,b_1KK41157yS_clip_014.mp4,0,2
11510,b_1e4411a7Aw_clip_006.mp4,0,3
11517,b_1GW411p7LU_part2_clip_017.mp4,1,2
11520,b_1bt411z7Ps_clip_009.mp4,3,1
11531,b_1yJ411k7Yo_clip_039.mp4,2,0
11539,y_xjhHM0ilzZ8_clip_21.mp4,2,1
11562,b_1fW411J79x_part2_clip_026.mp4,2,3
11566,b_1XE411Z7rX_clip_004.mp4,3,2
11574,b_1Gb411G7XZ_clip_024.mp4,0,2
11599,b_1ix411Q7BZ_part1_clip_006.mp4,0,2
11615,b_1U4411L75y_clip_008.mp4,0,3
11618,b_1s7411e7XW_clip_036.mp4,1,0
11620,b_1qJ411Y7Rf_clip_032.mp4,1,2
11630,b_17b411H7b9_clip_019.mp4,3,2
11634,b_1UK41157MY_clip_008.mp4,0,2
11655,b_1FW41177m2_part2_clip_022.mp4,1,2
11663,b_1a7411L7PC_clip_108.mp4,3,0
11667,y_LPTSJ_-_JRU_clip_16.mp4,3,1
11669,b_12s411N7wZ_clip_016.mp4,3,1
11670,b_19E411q721_clip_011.mp4,2,1
11679,b_13x41117xV_clip_006.mp4,0,1
11696,c_movi7916_19.mp4,1,3
11700,c_sunp1650_14.mp4,2,0
11717,y_AC2R889a-LI_clip_1.mp4,0,1
11718,c_movi7951_9.mp4,0,1
11720,b_1bt411q7fm_clip_044.mp4,3,2
11732,b_1bt411Q7qe_clip_010.mp4,1,2
11739,b_1Px411g7pT_part1_clip_012.mp4,0,1
11744,b_1U7411u7uy_clip_017.mp4,2,1
11748,b_1Yi4y1s7Ex_clip_055.mp4,3,1
11749,b_1vt411E74g_clip_011.mp4,3,0
11751,y_GBAW2vhPk60_clip_10.mp4,0,2
11752,b_1j741157BM_clip_117.mp4,0,3
11753,b_1G7411G7yS_clip_111.mp4,1,3
11756,b_1mJ41167XC_clip_025.mp4,2,1
11759,b_14z411q7qJ_clip_013.mp4,1,2
11760,b_1AJ411579g_clip_032.mp4,2,1
11765,y_BoaWexJjHa8_clip_13.mp4,0,1
11770,b_1XE411p73c_clip_022.mp4,0,2
11791,b_1jJ411V7xT_clip_033.mp4,0,1
11810,b_154411S7ue_clip_013.mp4,1,0
11823,b_1et411v7TQ_clip_027.mp4,0,1
11827,b_17x411D7y6_part1_clip_007.mp4,2,3
11830,b_1kk4y1d7Xu_clip_003.mp4,3,1
11860,b_17J411a7tz_clip_006.mp4,3,2
11864,b_1iT4y1u721_clip_002.mp4,3,1
11870,b_1Jx411Q79o_clip_001.mp4,1,2
11883,b_1NJ411q7pd_clip_035.mp4,0,1
11884,b_1Yx411B7QX_part3_clip_001.mp4,2,1
11909,b_1N441147kT_clip_041.mp4,0,1
11917,b_1TW411B7YC_clip_016.mp4,1,2
11949,b_13t411F7iD_clip_033.mp4,3,1
11953,b_1Us411c7xo_clip_007.mp4,0,1
11954,b_1Lt411G7XD_clip_001.mp4,1,3
11959,y_IWX3CxTzGN4_clip_2.mp4,3,0
11964,b_1NJ411q7pd_clip_025.mp4,2,1
11968,b_1hE411p7Th_clip_057.mp4,1,0
11970,b_1DW411i7a2_part2_clip_001.mp4,3,1
12007,b_1Bb411A74A_clip_002.mp4,2,3
12008,b_1iT4y1u721_clip_007.mp4,3,2
12023,b_1KK41157yS_clip_040.mp4,2,3
12028,b_1wZ4y1j729_clip_033.mp4,2,1
12044,b_1L4411M7kf_clip_043.mp4,2,1
12048,b_1B7411s7t1_clip_032.mp4,0,2
12052,b_114411z7Z1_clip_015.mp4,0,1
12080,b_1gJ411U7nb_clip_003.mp4,0,2
12087,b_1wZ4y1j729_clip_013.mp4,1,0
12091,b_1u741147Pe_clip_111.mp4,0,1
12092,b_1Kz411b7vS_clip_004.mp4,0,1
12114,b_17x411X7hm_clip_017.mp4,0,2
12115,y_tP19WuyY3IY_clip_24.mp4,3,1
12116,b_1jE411f71G_clip_035.mp4,0,1
12139,b_1x4411c7p3_clip_002.mp4,0,3
12148,b_1CE411w7VN_clip_034.mp4,3,1
12178,b_1Qc411h7aP_clip_001.mp4,2,1
12188,b_134411x7kc_clip_006.mp4,3,2
12197,b_1j741157BM_clip_021.mp4,1,2
12201,b_1js411u7Er_clip_017.mp4,2,0
12204,b_1h7411v7mp_clip_038.mp4,0,2
12222,b_1JW411b7Vn_part1_clip_005.mp4,0,2
12229,y_GBAW2vhPk60_clip_2.mp4,3,1
12232,b_1bW411B7qV_part1_clip_015.mp4,3,0
12257,b_1rk4y1k7F9_clip_022.mp4,1,2
12264,b_1Gt411y7Xe_clip_015.mp4,0,1
12332,b_1zs411t7nk_part1_clip_003.mp4,0,1
12336,b_1FW41177m2_part2_clip_023.mp4,1,2
12346,c_sunp1671_6.mp4,1,0
12351,b_1Wa4y1t7y7_clip_008.mp4,1,0
12352,b_1et411v7TQ_clip_007.mp4,2,1
12353,b_1WE411j7JR_clip_006.mp4,0,1
12362,b_18t41147ht_clip_001.mp4,3,2
12394,b_1ix411R7tt_clip_041.mp4,0,2
12399,b_1F7411Z74z_clip_035.mp4,0,2
12405,b_1Fk4y1z7d6_clip_010.mp4,3,1
12417,b_114411z7Z1_clip_035.mp4,0,1
12423,y_gTUcziYS1lk_clip_26.mp4,0,1
12424,b_1kC4y14752_clip_033.mp4,3,0
12425,b_1bE411s7kk_clip_028.mp4,3,1
12426,b_1XJ411G77m_clip_011.mp4,1,3
12439,b_1KK41157yS_clip_013.mp4,3,2
12453,b_1LW411s7qq_clip_008.mp4,2,0
12459,b_1ct411D77a_clip_001.mp4,2,1
12471,b_1Us411c7xo_clip_012.mp4,0,1
12477,c_sunp1715_12.mp4,2,0
12480,b_1c5411t7X7_clip_019.mp4,3,1
12496,b_1Gk4y1r7HT_clip_039.mp4,1,0
12504,b_1d4411K7t9_clip_034.mp4,0,3
12519,b_1rJ411875j_clip_021.mp4,3,0
12552,b_1X7411i7Ph_clip_020.mp4,1,3
12555,b_194411u7wN_clip_004.mp4,1,2
12558,b_1u741147Pe_clip_113.mp4,1,2
12579,b_1DW411Y7g6_part1_clip_021.mp4,0,1
12584,b_1a4411e7sC_clip_013.mp4,0,3
12592,y_t86Q2WNsmCE_clip_10.mp4,3,1
12596,b_1B7411s7t1_clip_003.mp4,3,2
12604,b_15x411f7Tk_clip_002.mp4,2,0
12614,b_1Jv41167zm_clip_029.mp4,0,2
12616,b_1j7411h7kb_clip_008.mp4,0,1
12631,b_1gp411Z7uR_part1_clip_016.mp4,1,0
12632,b_1G7411G7yS_clip_066.mp4,1,2
12637,b_1UZ4y1x7w2_clip_004.mp4,0,2
12641,b_1Ht41137f7_clip_005.mp4,0,1
12642,b_1Kt411c7wF_clip_020.mp4,1,3
12655,b_1j7411h7kb_clip_010.mp4,1,3
12675,b_1St411F7zW_clip_012.mp4,3,2
12685,b_1Zt411F75e_clip_041.mp4,3,1
12687,b_18W411t7xG_clip_005.mp4,0,2
12701,b_1Jv41167zm_clip_020.mp4,3,1
12733,b_18x411D7vv_part1_clip_011.mp4,0,1
12734,b_1EJ411i7jU_clip_033.mp4,1,2
12742,y_uNZiDOiorz4_clip_9.mp4,2,1
12750,b_1Vs411c765_clip_018.mp4,2,0
12751,b_1Gt411y7Xe_clip_008.mp4,0,1
12753,b_1ix411Q7BZ_part1_clip_008.mp4,3,1
12762,y_xjhHM0ilzZ8_clip_2.mp4,0,1
12765,b_1KT4y157KK_clip_037.mp4,3,2
12774,b_18f4y1U73n_clip_004.mp4,0,1
12800,b_1j741157BM_clip_101.mp4,1,2
12802,b_1it41197M2_clip_038.mp4,3,1
12810,b_1kb41137Wh_clip_037.mp4,2,1
12813,b_1ft411V7Ua_clip_029.mp4,1,0
12824,b_1XE411p73c_clip_004.mp4,2,0
12834,b_1d64y1M71U_clip_008.mp4,3,0
12835,b_1ex411q7R9_part2_clip_002.mp4,3,0
12859,b_1Xt411V7CT_clip_015.mp4,1,3
12876,b_1WE411j7JR_clip_014.mp4,2,1
12883,b_1s5411x75d_clip_014.mp4,1,3
12898,b_1xz411z7b5_clip_022.mp4,0,1
12899,y__ZPuALATxEo_clip_6.mp4,3,0
12901,y_rKFyUXXfLkY_clip_1.mp4,3,2
12905,b_1bt411q7fm_clip_060.mp4,0,3
12913,y_D3e9OhvRSDo_clip_14.mp4,3,1
12925,b_1ZA411i7Li_clip_001.mp4,1,2
12936,b_1bt411Q7qe_clip_003.mp4,3,2
12944,b_1dx411R7KU_clip_026.mp4,0,2
12949,b_1yE41187A9_clip_001.mp4,1,2
12950,y_6_L5tcEvGUw_clip_13.mp4,1,2
12965,b_1Lt411j7s5_clip_036.mp4,0,2
12989,y_LPTSJ_-_JRU_clip_36.mp4,2,1
12999,b_1Yk4y1R7hE_clip_030.mp4,0,3
13005,b_1Qi4y1x7Ht_clip_021.mp4,3,2
13012,b_1GJ411L7iJ_clip_006.mp4,1,0
13014,b_1Tt411E7T8_clip_014.mp4,2,1
13016,b_1et411g7t5_clip_035.mp4,0,1
13029,b_1jE411f71G_clip_012.mp4,2,1
13031,b_18x411D7vv_part1_clip_003.mp4,0,1
13034,b_1Lt411G7XD_clip_014.mp4,2,3
13053,b_1At411g7Sm_clip_019.mp4,0,2
13064,b_1UK411L7wa_clip_038.mp4,0,1
13067,b_1G7411G7yS_clip_103.mp4,3,2
13069,y_HF3YvZB6NuM_clip_2.mp4,0,2
13082,b_1KJ411T7Jo_clip_015.mp4,0,1
13088,b_1i441117ec_clip_016.mp4,3,2
13102,b_1Yt411T7w2_clip_010.mp4,0,1
13103,b_1ut4y117xD_clip_028.mp4,3,0
13112,b_187411V7WG_clip_009.mp4,2,3
13114,b_1xQ4y1T7cR_clip_022.mp4,0,2
13119,b_1zs411t7AF_part2_clip_017.mp4,0,2
13134,b_1xW41127ux_clip_041.mp4,3,1
13156,b_1wZ4y1j729_clip_013.mp4,2,1
13162,c_sunp1712_8.mp4,2,3
13170,b_1CJ411b7ru_clip_025.mp4,0,2
13180,b_1h4411P7pd_clip_016.mp4,3,0
13191,b_1NJ411q7pd_clip_012.mp4,3,0
13199,b_1PA411h72w_clip_025.mp4,0,2
13214,b_1mW411979K_clip_008.mp4,3,2
13219,b_1yE41187A9_clip_011.mp4,2,1
13231,b_18a4y14785_clip_025.mp4,1,2
13236,b_1ya4y1e7Tn_clip_032.mp4,2,0
13242,b_157411V7Rt_clip_035.mp4,2,0
13257,b_1Px411g7pT_part1_clip_003.mp4,1,3
13259,b_1xa4y1t7dP_clip_018.mp4,1,2
13266,b_1b4411N78e_clip_004.mp4,2,1
13272,b_1KK41157yS_clip_007.mp4,3,1
13277,b_1mJ41167XC_clip_042.mp4,3,2
13278,b_1Px411g7pT_part1_clip_009.mp4,2,0
13285,b_1Fx411172G_part1_clip_021.mp4,1,3
13297,b_1Jx411Q79o_clip_014.mp4,0,1
13301,b_1YE411R7Rk_clip_017.mp4,3,2
13303,b_1JE41147LF_clip_090.mp4,0,3
13311,b_1dx411R7KU_clip_007.mp4,2,3
13314,b_1iT4y1u721_clip_020.mp4,3,1
13324,y_7xPgSsW7jUo_clip_13.mp4,3,2
13329,b_1mt411p7xH_clip_012.mp4,3,1
13352,b_1bt41197FJ_clip_026.mp4,1,2
13354,b_1xz411z7b5_clip_015.mp4,2,1
13363,b_12t411C7cg_clip_044.mp4,3,2
13372,b_1UZ4y1x7w2_clip_016.mp4,3,0
13378,b_184411c7bt_clip_019.mp4,0,1
13380,b_12J41147hT_clip_026.mp4,3,0
13398,b_1gW411q771_part2_clip_025.mp4,0,1
13400,b_1Px411Q7hu_part2_clip_004.mp4,0,1
13408,b_1cJ41167TW_clip_043.mp4,0,1
13413,y_V55gacAEnfI_clip_21.mp4,2,1
13419,b_1BW411m7YG_clip_001.mp4,0,3
13430,b_1DK411W72b_clip_025.mp4,0,3
13438,b_1ya4y1e7Tn_clip_047.mp4,0,1
13451,b_1H5411s7ho_clip_012.mp4,3,2
13459,b_1Rt411n7CX_clip_001.mp4,0,2
13460,b_1PJ41147iD_clip_005.mp4,0,2
13466,b_1Fk4y1z7d6_clip_021.mp4,0,1
13479,b_1DK411W72b_clip_001.mp4,0,2
13493,b_12J41147hT_clip_026.mp4,1,0
13496,y_eSWXU3rZcK8_clip_3.mp4,3,1
13518,b_1F7411Z74z_clip_018.mp4,0,1
13533,b_13x41197oW_clip_012.mp4,2,3
13548,b_1x4411c7p3_clip_002.mp4,0,1
13572,b_1Mx411Z7ve_clip_018.mp4,2,1
13577,b_1jW411H7pd_part1_clip_006.mp4,2,0
13586,b_1pa4y1v7d7_clip_024.mp4,0,3
13589,b_1Ht411X7Qn_clip_026.mp4,1,3
13608,b_1G7411G7yS_clip_048.mp4,3,2
13616,c_movi7923_4.mp4,2,1
13626,b_1vs411w7a9_clip_012.mp4,3,2
13630,b_17b411H7b9_clip_005.mp4,3,0
13635,y_n8S0it3v0pg_clip_4.mp4,2,3
13641,b_184411c7bt_clip_001.mp4,2,1
13649,b_1ix411Q7BZ_part1_clip_012.mp4,3,2
13655,b_1js411u7Er_clip_016.mp4,3,2
13685,b_1TW411e7yg_part1_clip_017.mp4,3,1
13707,b_1j54y1X7cr_clip_004.mp4,2,0
13708,b_1jJ411V7xT_clip_013.mp4,0,3
13712,b_16A411b7pN_clip_037.mp4,0,2
13713,b_1F4411d7Um_clip_017.mp4,0,3
13721,b_1PC4y1p7sq_clip_015.mp4,3,2
13747,b_1Z64y1u7vw_clip_015.mp4,1,2
13756,b_14b411y79D_clip_016.mp4,1,2
13762,b_1Bb411A74A_clip_009.mp4,2,0
13765,b_1G7411G7yS_clip_095.mp4,1,2
13779,b_1Tx411z79U_part1_clip_001.mp4,3,2
13792,j_3723.mp4,0,1
13803,b_1f4411N7Zp_clip_047.mp4,2,1
13805,b_1Wk4y167ox_clip_020.mp4,1,2
13817,b_1aZ4y1s7BV_clip_005.mp4,0,2
13821,b_1NQ4y1N7N3_clip_004.mp4,2,3
13826,b_1Z4411H7pb_clip_021.mp4,1,3
13830,c_movi7929_1.mp4,3,2
13838,b_1VZ4y1j7C2_clip_002.mp4,0,1
13844,b_1tJ411C7sF_clip_023.mp4,1,3
13848,b_1Yk4y1R7hE_clip_028.mp4,3,2
13851,b_1gJ411U7nb_clip_005.mp4,3,1
13858,b_1jT4y1G7K7_clip_002.mp4,3,2
13859,b_1yg4y187PF_clip_043.mp4,0,2
13862,b_1Zx411Q7mv_clip_015.mp4,1,0
13866,b_18f4y1U73n_clip_036.mp4,3,2
13874,y_NliNOzuoeeg_clip_10.mp4,2,1
13878,y_n8S0it3v0pg_clip_3.mp4,2,1
13882,b_1ya4y1e7Tn_clip_032.mp4,3,2
13888,y_jRsR22p2i2U_clip_12.mp4,2,1
13891,b_1ya4y1e7Tn_clip_042.mp4,0,3
13894,b_1B7411s7t1_clip_030.mp4,2,1
13902,b_1DK411W72b_clip_040.mp4,0,2
13911,b_1fg4y1B7cA_clip_033.mp4,0,2
13912,y_iCmT5PXwy08_clip_14.mp4,3,1
13916,b_1Ws411F7MQ_clip_021.mp4,0,3
13917,b_1xz4y197zH_clip_017.mp4,3,1
13927,b_13b411V7L9_clip_017.mp4,0,1
13932,b_1FW41177m2_part2_clip_030.mp4,3,2
13954,b_1Ab411h7kK_clip_039.mp4,1,0
13958,b_12a4y1i7Nk_clip_042.mp4,3,2
13990,b_13t411k7ib_clip_028.mp4,0,2
13992,b_1k7411y72r_clip_005.mp4,1,3
13996,b_1JE41147LF_clip_044.mp4,2,3
14001,b_1SJ411S7Hb_clip_026.mp4,2,3
14003,b_1XJ411G77m_clip_012.mp4,1,0
14007,b_1Fx411x7ge_clip_003.mp4,3,1
14021,b_1nt411E76Z_clip_007.mp4,1,3
14022,b_1Xt411s7y5_clip_010.mp4,3,1
14036,b_1EJ41117Tu_clip_010.mp4,3,2
14038,b_19t411B7A4_clip_001.mp4,2,3
14045,b_1Vs41157A6_part1_clip_010.mp4,2,0
14046,b_1xz411z7b5_clip_042.mp4,3,2
14048,c_movi7929_9.mp4,1,2
14059,b_1bt411z7Ps_clip_038.mp4,3,2
14081,b_1wx411o7oW_clip_003.mp4,3,1
14082,y_uNZiDOiorz4_clip_12.mp4,2,1
14088,b_1RA411q7vt_clip_015.mp4,3,2
14089,b_11E41127kV_clip_008.mp4,1,2
14098,b_1iJ411t7VY_clip_007.mp4,2,1
14099,b_1Kx411k71e_clip_011.mp4,2,3
14114,b_1YK4y1k7SF_clip_001.mp4,0,2
14118,b_1D4411n7J6_clip_030.mp4,0,3
14122,b_1DK411W72b_clip_024.mp4,2,0
14126,y_eh5uVEEyV9A_clip_15.mp4,3,1
14148,y_RHKFbr4wRTY_clip_12.mp4,2,1
14173,y_CzrWKnJ95Q4_clip_8.mp4,3,2
14177,b_16b411C7Y7_clip_026.mp4,0,2
14203,y_uW0xGoN-y3k_clip_17.mp4,3,1
14229,b_1f7411R7ab_clip_036.mp4,2,0
14231,b_13s411V72j_part2_clip_008.mp4,0,1
14236,b_1kt411174V_clip_007.mp4,3,1
14239,b_1u4411p7uk_clip_101.mp4,3,0
14258,b_194411Z7Nh_clip_002.mp4,3,1
14301,b_1z4411b7KS_clip_014.mp4,0,3
14311,b_1GJ411h7Mb_clip_032.mp4,0,2
14322,b_1hW411e7WB_clip_010.mp4,2,3
14326,b_1RA411q7vt_clip_014.mp4,3,2
14340,b_1Ft411E7zW_clip_014.mp4,1,2
14360,b_1F7411x7Xw_clip_022.mp4,3,1
14369,b_13t411k7ib_clip_029.mp4,0,3
14374,b_1bt41197FJ_clip_016.mp4,3,0
14383,b_1SE411g7EW_clip_037.mp4,1,3
14396,y_0hhLZtjyZhA_clip_15.mp4,2,0
14400,y_6LUTxzXfQW0_clip_12.mp4,2,1
14404,c_sunp1669_11.mp4,2,0
14408,b_1i741177YW_clip_044.mp4,2,3
14413,b_17E411W7bc_clip_040.mp4,1,3
14417,b_1v4411g7cH_clip_026.mp4,2,0
14426,b_1HT4y1g7E3_clip_022.mp4,3,1
14427,b_1BJ411u7Sn_clip_002.mp4,0,3
14430,b_184411c7bt_clip_001.mp4,2,1
14438,b_1G4411i7Xt_clip_045.mp4,2,1
14439,b_1WE411F7LD_clip_009.mp4,1,0
14451,b_1yt411k7va_clip_036.mp4,1,2
14455,b_1RJ411T7Hh_clip_011.mp4,1,0
14458,b_1s5411x75d_clip_004.mp4,0,1
14469,b_1SE411Z7mT_clip_018.mp4,2,3
14491,b_14a4y147uG_clip_020.mp4,2,1
14506,b_174411Z7eo_clip_017.mp4,2,0
14519,b_1mt411e7s2_clip_017.mp4,0,3
14534,b_1cf4y1U76Q_clip_049.mp4,1,0
14554,b_1GW411p7LU_part1_clip_022.mp4,3,1
14563,b_1u741147Pe_clip_113.mp4,1,0
14569,b_1SJ411S7Hb_clip_003.mp4,1,0
14590,b_1rJ411j7mc_clip_022.mp4,3,0
14597,y_4YwRDwe5Bd8_clip_12.mp4,0,3
14598,b_1ix411Q7BZ_part1_clip_009.mp4,2,0
14601,b_1jT4y1G7K7_clip_046.mp4,0,3
14614,c_sunp1650_4.mp4,2,1
14622,b_1y4411Z7Xb_clip_018.mp4,0,2
14625,b_13t41157Kn_clip_004.mp4,0,1
14626,b_1rk4y1k7F9_clip_020.mp4,3,1
14635,b_1vJ411B7BH_clip_001.mp4,2,1
14637,b_1AJ411579g_clip_020.mp4,3,2
14661,c_movi7951_16.mp4,3,2
14668,b_1s5411x75d_clip_012.mp4,0,1
14684,b_1Et411K7EN_clip_029.mp4,3,2
14703,b_1U7411u7uy_clip_011.mp4,0,1
14722,b_1X7411m71Z_clip_005.mp4,1,3
14765,b_1at411b7Yw_clip_015.mp4,1,2
14777,b_1GW411q7Wi_clip_009.mp4,2,0
14778,b_1oE411d7zf_clip_012.mp4,3,2
14787,j_3706.mp4,0,1
14798,b_1DT4y137h7_clip_017.mp4,0,3
14800,b_1c54y1R7Tb_clip_029.mp4,1,2
14804,b_1CJ411b7ru_clip_012.mp4,2,0
14815,b_1Gt411y7Xe_clip_026.mp4,0,2
14820,b_1YK4y1k7SF_clip_030.mp4,3,1
14824,b_1bt41197FJ_clip_024.mp4,0,1
14826,b_1Gk4y1r7HT_clip_026.mp4,1,3
14829,b_1j741157BM_clip_016.mp4,3,1
14831,b_1jJ411V7xT_clip_016.mp4,0,2
14836,b_1s7411J7yN_clip_094.mp4,2,0
14840,b_1et411v7TQ_clip_008.mp4,1,2
14841,b_1BJ411N7hE_clip_028.mp4,3,2
14852,b_1Ws411F7MQ_clip_028.mp4,1,0
14856,b_1XJ411G77m_clip_017.mp4,3,2
14857,b_1c5411t7X7_clip_019.mp4,0,2
14863,b_1qt411H7kH_clip_021.mp4,2,1
14873,b_1h5411t7Z5_clip_025.mp4,2,3
14875,b_1Va4y147PH_clip_031.mp4,0,2
14879,b_1MJ411A7ND_clip_026.mp4,3,2
14902,b_1Yt411T7w2_clip_008.mp4,1,3
14904,b_1xV411f74o_clip_033.mp4,0,3
14914,b_1yJ411k7Yo_clip_019.mp4,1,2
14941,b_1Lt411G7XD_clip_020.mp4,3,1
14955,b_1wx411D7Na_part2_clip_001.mp4,0,1
14962,b_1F7411Z74z_clip_040.mp4,2,1
14975,b_1xp4y1Q7WJ_clip_021.mp4,1,0
14977,b_1sQ4y1M7E8_clip_019.mp4,2,0
14979,b_1m7411P7Fe_clip_018.mp4,2,3
14982,b_1Tx411D7hK_part2_clip_006.mp4,2,0
14983,b_1B7411s7t1_clip_002.mp4,0,2
14985,y_HTb8aGrVQuQ_clip_5.mp4,2,1
14990,b_1mW411979K_clip_015.mp4,2,1
15001,b_1Bf4y1U7Ft_clip_009.mp4,3,1
15010,b_1Tb411L7yU_clip_003.mp4,0,3
15014,b_1d7411a7sR_clip_015.mp4,3,1
15015,c_movi7922_18.mp4,0,1
15016,b_1Xe411W7Q1_clip_015.mp4,1,3
15029,b_1yJ411k7Yo_clip_019.mp4,3,2
15036,b_1BJ411u7Sn_clip_006.mp4,1,2
15040,b_1YK4y1k7SF_clip_030.mp4,2,3
15047,y_uNZiDOiorz4_clip_18.mp4,3,1
15070,b_1B4411j7Wo_clip_037.mp4,0,1
15082,b_1Dx41167Vx_part1_clip_001.mp4,1,2
15110,b_1hE411k7re_clip_011.mp4,3,2
15115,c_movi7932_26.mp4,1,0
15148,b_1B4411j7Wo_clip_030.mp4,0,1
15173,b_1NJ411q7pd_clip_010.mp4,1,2
15175,b_1zs411t7AF_part2_clip_004.mp4,2,1
15182,b_1bt41197FJ_clip_029.mp4,1,0
15186,b_1Ei4y1t7VC_clip_023.mp4,0,2
15201,b_1kQ4y1P78M_clip_021.mp4,0,2
15219,b_1fg4y1B7cA_clip_007.mp4,3,0
15235,b_1xz411z7b5_clip_022.mp4,3,1
15244,b_1cx411V7vf_part1_clip_005.mp4,1,0
15264,b_13x41117xV_clip_001.mp4,1,3
15270,y_Rp4IpAoz5kA_clip_7.mp4,2,0
15286,b_1b4411R7AX_clip_011.mp4,1,2
15290,c_movi7924_25.mp4,2,3
15301,b_1jJ41137F7_clip_028.mp4,2,3
15302,b_18W411J75e_clip_016.mp4,2,1
15310,b_1rt411q7vk_clip_026.mp4,2,1
15319,b_1S54y1R7o3_clip_013.mp4,1,2
15323,c_sunp1713_12.mp4,3,1
15339,b_1B4411r7M7_clip_041.mp4,0,1
15345,b_1Ws411F7MQ_clip_018.mp4,0,1
15360,b_144411Q75M_clip_018.mp4,3,0
15368,b_1yE41187A9_clip_012.mp4,3,1
15370,b_1i7411f7Jc_clip_002.mp4,3,1
15379,b_1rJ411K7pL_clip_028.mp4,0,2
15382,b_1XJ411G77m_clip_029.mp4,0,1
15386,b_1e4411a7Aw_clip_003.mp4,2,0
15390,b_1PJ411B7eE_clip_028.mp4,2,0
15392,b_1tJ411C7sF_clip_001.mp4,1,2
15407,b_1mb411w7ei_clip_010.mp4,0,1
15414,b_1Ab411h7kK_clip_039.mp4,1,0
15416,b_17x411X7hm_clip_001.mp4,0,1
15419,b_194411C7mL_clip_011.mp4,3,0
15423,b_1Ht411X7Qn_clip_019.mp4,3,0
15435,b_1Ws411F7MQ_clip_015.mp4,1,2
15441,y_DoiBz_oa6XA_clip_6.mp4,3,1
15442,b_1Et411b7Jm_clip_047.mp4,1,2
15457,b_1uJ411h7tp_clip_011.mp4,2,1
15462,y_8n805p23z1I_clip_8.mp4,3,2
15464,b_1rk4y1k7F9_clip_008.mp4,1,3
15486,b_1G4411i7Xt_clip_033.mp4,0,1
15491,b_1L4411Y7ib_clip_028.mp4,0,1
15513,b_1LW411s7qq_clip_039.mp4,3,1
15514,b_1at411b7Yw_clip_003.mp4,0,2
15515,b_1Zt411F75e_clip_039.mp4,0,3
15523,b_1ft411B7pV_clip_017.mp4,3,1
15533,b_1at411y7Eo_clip_010.mp4,2,1
15543,b_1Gg4y1z7gn_clip_011.mp4,0,1
15548,b_1X7411m71Z_clip_006.mp4,3,2
15554,b_1s7411J7yN_clip_002.mp4,1,2
15556,b_1JE41147LF_clip_001.mp4,3,1
15558,y_uNZiDOiorz4_clip_12.mp4,2,3
15581,b_1LW411v7Tv_part1_clip_009.mp4,1,2
15587,b_1MW411J7Br_clip_034.mp4,3,1
15593,b_1G7411K7oi_clip_020.mp4,0,3
15606,b_1Gt411p7rv_clip_012.mp4,3,0
15617,y_tP19WuyY3IY_clip_3.mp4,0,1
15649,b_1JW411b7Vn_part2_clip_006.mp4,0,3
15656,b_1y4411Z7Xb_clip_029.mp4,0,2
15703,b_1Lx41117sr_part1_clip_004.mp4,0,2
15709,b_1yE411j7KU_clip_077.mp4,3,0
15712,b_18J411H7we_clip_028.mp4,2,0
15737,y_w8oNl1D20Hs_clip_10.mp4,0,1
15755,b_1jJ411V7xT_clip_024.mp4,3,2
15758,b_1bJ411J78u_clip_018.mp4,2,1
15761,b_124411F77k_clip_008.mp4,1,0
15766,b_1Yt411T7w2_clip_008.mp4,3,1
15770,b_1at411b7Yw_clip_021.mp4,2,1
15771,b_1At411i75B_clip_009.mp4,1,2
15797,b_1bt411Q7qe_clip_020.mp4,0,2
15811,c_movi7925_3.mp4,0,3
15840,y_23ZW80OBD9g_clip_11.mp4,0,3
15851,b_1hW411e7WB_clip_017.mp4,3,2
15894,b_1uE411s7Cf_clip_005.mp4,2,1
15938,b_1cJ41167TW_clip_019.mp4,3,2
15955,b_1qK4y1r7G5_clip_016.mp4,3,1
16022,c_movi7924_1.mp4,1,2
16029,b_19b411i7a3_clip_014.mp4,0,1
16035,b_18441187uH_clip_004.mp4,1,2
16045,b_14s411r7mP_part2_clip_003.mp4,2,3
16071,b_1Bb411A74A_clip_002.mp4,3,2
16118,b_1ya4y1e7Tn_clip_033.mp4,3,0
16127,b_19t411B7A4_clip_001.mp4,3,1
16128,b_19J411H7pW_clip_002.mp4,3,0
16136,b_1SJ411S7Hb_clip_030.mp4,3,1
16142,c_movi7951_3.mp4,0,1
16146,b_1zt41197dG_clip_002.mp4,0,2
16163,b_1F7411Z74z_clip_052.mp4,2,1
16167,b_1xz411z7b5_clip_021.mp4,1,3
16189,b_1Yt411Y7VQ_clip_026.mp4,1,2
16190,b_16x411o7wR_clip_011.mp4,2,3
16194,b_1bJ411J78u_clip_018.mp4,1,2
16214,b_1zJ411x7dw_clip_035.mp4,1,2
16228,b_194411Z7Nh_clip_027.mp4,2,3
16291,b_1L4411M7kf_clip_020.mp4,1,2
16312,b_1ZA411i7Li_clip_010.mp4,0,1
16370,y_jsfgLt6jf_g_clip_12.mp4,0,3
16387,b_1rk4y1k7F9_clip_006.mp4,1,2
16416,b_1yJ411s7Fw_clip_032.mp4,0,1
16468,b_1B4411D7Ak_clip_021.mp4,2,3
16482,b_1dJ411F7W2_clip_020.mp4,1,2
16501,y_grI4X4CiD8o_clip_8.mp4,1,2
16513,b_1bt41197FJ_clip_006.mp4,1,2
16540,b_174411Z7eo_clip_026.mp4,1,3
16542,b_1SE411g7EW_clip_037.mp4,1,2
16614,b_1Tx411D7hK_part1_clip_003.mp4,3,0
16619,b_1Gt411y7Xe_clip_026.mp4,2,1
16621,b_1S7411P7yB_clip_008.mp4,3,2
16625,b_1N4411J7oN_clip_012.mp4,2,1
16670,b_1Wk4y167ox_clip_033.mp4,0,2
16671,b_1tJ411Q7Yq_clip_002.mp4,0,1
16680,b_1j741157BM_clip_016.mp4,1,0
16690,b_1hJ41127mG_clip_015.mp4,1,0
16708,b_1J7411377C_clip_045.mp4,3,1
16741,b_1Bf4y1U7Ft_clip_027.mp4,0,1
16754,b_1U7411u7uy_clip_033.mp4,1,2
16769,b_1iJ411t7VY_clip_020.mp4,2,3
16784,b_1RT4y1u7Hf_clip_005.mp4,0,1
16846,b_1vJ411B7BH_clip_046.mp4,1,3
16852,b_18t41147ht_clip_010.mp4,0,1
16881,b_1n4411K7Np_clip_003.mp4,1,2
16896,b_1ix411R7tt_clip_006.mp4,1,2
16898,j_2793.mp4,3,2
16902,c_sunp1668_17.mp4,3,0
16931,b_1RJ411T7Hh_clip_008.mp4,2,3
16959,b_1xz411z7b5_clip_021.mp4,2,0
16977,b_1X7411m71Z_clip_015.mp4,0,3
16982,b_1zs411t7AF_part2_clip_002.mp4,2,3
17016,b_18a4y14785_clip_006.mp4,2,1
17018,b_1uE411C7sZ_clip_024.mp4,3,2
17071,b_1kJ411e7qf_clip_020.mp4,1,3
17072,b_1at411b7Yw_clip_035.mp4,3,1
17073,b_1UK411L7wa_clip_024.mp4,2,1
17122,b_1iJ411t7VY_clip_013.mp4,0,1
17143,b_1Xt411c76X_clip_015.mp4,1,3
17149,b_1ZA411i7Li_clip_016.mp4,2,3
17180,b_11x411i7ms_part1_clip_002.mp4,1,2
17189,b_1gJ411U7nb_clip_013.mp4,3,0
17197,b_12t411o7c5_clip_011.mp4,0,2
17214,b_1Bs411T7QD_clip_002.mp4,1,0
17254,y_tP19WuyY3IY_clip_14.mp4,2,1
17258,b_1yJ411k7Yo_clip_019.mp4,1,2
17273,b_1YE411r7e1_clip_011.mp4,0,1
17298,b_1et411q7Pj_clip_044.mp4,3,1
17319,b_1F7411x7Xw_clip_044.mp4,2,1
17373,b_1Gt411p7rv_clip_007.mp4,3,1
17376,b_1tJ411C7sF_clip_045.mp4,1,2
17390,b_1Rt411j7yx_clip_024.mp4,2,1
17393,b_15b411V7pZ_clip_021.mp4,0,2
17397,b_187411V7WG_clip_096.mp4,3,2
17407,b_1Ez411q7MR_clip_014.mp4,3,0
17423,b_1sC4y1s7oK_clip_006.mp4,0,1
17427,b_1b4411R7AX_clip_043.mp4,2,3
17483,b_1F4411d7Um_clip_007.mp4,1,0
17498,b_1d7411a7sR_clip_015.mp4,0,2
17512,b_1Qx411C7FR_part1_clip_003.mp4,0,2
17530,b_1Nt41127AL_clip_012.mp4,0,3
17548,b_1ft411V7Ua_clip_035.mp4,2,0
17573,b_184411c7bt_clip_007.mp4,3,2
17698,b_1d54y1Q71E_clip_009.mp4,1,3
17708,b_1Ra4y1e7wT_clip_013.mp4,1,2
17716,b_16x411o7wR_clip_026.mp4,3,0
17800,b_1wT4y1V7iy_clip_006.mp4,3,2
17817,b_11x411i7ms_part1_clip_008.mp4,3,0
17823,y_IFconGvJ86o_clip_10.mp4,3,2
17835,y_0gdy9L5whEs_clip_24.mp4,3,2
17844,b_1z741177kN_clip_114.mp4,0,3
17845,b_17E411W7bc_clip_039.mp4,3,1
17912,b_1DK411W72b_clip_043.mp4,2,1
17920,b_1U7411u7uy_clip_028.mp4,2,1
17930,y_stMcp7RDGuA_clip_12.mp4,3,1
17942,b_1yE41187A9_clip_011.mp4,0,1
17946,b_17x411D7y6_part1_clip_014.mp4,1,2
17972,b_1H4411d7T9_clip_013.mp4,0,1
17981,b_1V441187rn_clip_018.mp4,1,0
18011,b_19W411Y7k2_part2_clip_010.mp4,2,1
18015,b_1HT4y1g7E3_clip_001.mp4,2,3
18041,b_1r4411W7un_clip_025.mp4,3,2
18055,b_1764y1M7zr_clip_019.mp4,0,1
18125,b_1wZ4y1j729_clip_018.mp4,0,3
18161,b_1VZ4y1j7C2_clip_012.mp4,3,2
18191,b_1Gk4y1r7HT_clip_002.mp4,0,2
18208,b_1kt411174V_clip_002.mp4,1,2
18257,b_1sx41147Ve_part1_clip_019.mp4,2,3
18322,y_ts7lKdhojGY_clip_51.mp4,2,1
18338,b_1WE411j7JR_clip_006.mp4,3,0
18367,y_AC2R889a-LI_clip_24.mp4,0,1
18394,b_14b411y79D_clip_007.mp4,0,1
18527,b_1Kz411b7vS_clip_013.mp4,2,3
18553,b_1yV411d7fP_clip_003.mp4,3,1
18616,b_1Dx41167Vx_part1_clip_006.mp4,2,1
18674,b_1bJ411J78u_clip_038.mp4,2,1
18703,b_1JE41147LF_clip_018.mp4,3,0
18726,b_157411V7Rt_clip_039.mp4,0,3
18735,b_13W411S7hX_clip_020.mp4,1,2
18762,b_1b7411y7Kg_clip_002.mp4,3,1
18771,b_1a4411B7sb_clip_011.mp4,3,1
18794,b_1pZ4y1s7ma_clip_004.mp4,1,2
18837,b_1wT4y1V7iy_clip_030.mp4,3,2
18907,b_1kt411C7cs_clip_009.mp4,1,0
18923,b_1X7411i7Ph_clip_050.mp4,2,0
18935,b_1hW411e7WB_clip_013.mp4,2,3
18951,b_1Yt411Y7VQ_clip_013.mp4,0,1
18983,b_14x411z7Qu_part1_clip_012.mp4,3,2
18999,b_1U4411L75y_clip_016.mp4,1,2
19165,y_jXS553HFNsY_clip_13.mp4,1,2
19195,b_12s411V71w_clip_019.mp4,3,1
19258,y_V55gacAEnfI_clip_13.mp4,3,1
19286,y_LZe6ujj48bo_clip_5.mp4,2,1
19287,b_1Qa4y1i7Rn_clip_006.mp4,1,2
19305,b_1Lt411G7XD_clip_020.mp4,3,2
19314,b_1Mt41177QG_clip_027.mp4,0,2
19316,b_1ut4y117xD_clip_027.mp4,3,2
19370,y_cLIurgN2TWM_clip_12.mp4,0,2
19375,b_1Ux411D7av_clip_017.mp4,0,2
19391,y_diKJNf2OzBk_clip_4.mp4,3,2
19409,b_1zs411t7nk_part2_clip_007.mp4,0,2
19417,b_1Z4411H7pb_clip_014.mp4,0,2
19439,b_1jJ411V7xT_clip_009.mp4,0,1
19465,b_13t411F7iD_clip_037.mp4,3,1
19469,b_1Vs411c765_clip_010.mp4,0,1
19503,b_1U7411u7uy_clip_055.mp4,0,1
19526,b_13t411F7iD_clip_024.mp4,2,1
19572,b_1Yt411n7yQ_clip_020.mp4,0,2
19588,b_1dx411u7Ji_clip_010.mp4,3,2
19593,b_1KJ411T7Jo_clip_004.mp4,3,1
19645,b_1X7411p7ZA_clip_009.mp4,0,3
19651,b_1Mt41177QG_clip_022.mp4,2,1
19661,b_1GW411p7LU_part2_clip_017.mp4,0,1
19668,b_194411Z7Nh_clip_017.mp4,0,1
19675,b_1Dt411e7Lu_clip_018.mp4,2,1
19721,b_1j741157BM_clip_101.mp4,3,2
19869,b_1Ht41137f7_clip_014.mp4,3,2
19870,b_12J41147hT_clip_046.mp4,0,2
19872,b_1G7411K7oi_clip_020.mp4,2,3
19902,b_12J41147hT_clip_012.mp4,3,0
19923,b_1Z4411H7pb_clip_017.mp4,3,2
19967,b_197411y7eX_clip_011.mp4,2,1
19987,b_1hE411p7Th_clip_049.mp4,1,2
20019,b_1V441187rn_clip_019.mp4,0,2
20037,b_1i7411f7Jc_clip_044.mp4,0,3
20048,b_1at411b7Yw_clip_014.mp4,2,3
20084,b_1BQ4y1M7Lx_clip_005.mp4,0,2
20097,b_1fW411J79x_part2_clip_010.mp4,3,1
20099,b_1YJ411x78w_clip_007.mp4,0,2
20174,b_1ek4y19747_clip_012.mp4,3,1
20194,b_184411F7DJ_clip_006.mp4,3,1
20203,b_1XJ411G77m_clip_018.mp4,3,2
20331,b_18t41147ht_clip_005.mp4,1,0
20338,b_1DW411b7Xp_clip_013.mp4,1,3
20342,c_sunp1713_6.mp4,3,1
20363,b_1ex411G7zY_part2_clip_002.mp4,3,1
20395,b_1G7411G7yS_clip_001.mp4,2,1
20429,b_1LE411i7jn_clip_022.mp4,2,3
20435,b_1Qi4y1x7Ht_clip_023.mp4,0,3
20442,b_1h5411t7Z5_clip_005.mp4,3,1
20449,b_144411Q75M_clip_018.mp4,0,2
20470,b_1xz4y197zH_clip_020.mp4,0,1
20517,b_19W41127pS_clip_002.mp4,2,1
20542,b_1Gt411p7rv_clip_027.mp4,2,0
20577,b_1FW41177m2_part1_clip_006.mp4,3,2
20695,b_1At411V7X9_clip_016.mp4,0,1
20726,b_144411U7gM_clip_021.mp4,0,1
20727,c_movi7916_5.mp4,1,3
20740,b_147411W7AT_clip_039.mp4,0,2
20765,b_187411V7WG_clip_119.mp4,2,3
20773,b_1b4411R7AX_clip_046.mp4,1,2
20794,b_1s7411e7XW_clip_047.mp4,3,1
20798,b_1qJ411Y7Rf_clip_032.mp4,2,0
20801,b_1q64y1T7Qh_clip_028.mp4,3,0
20843,b_1Kt411c7wF_clip_017.mp4,3,2
20849,b_1a4411e7sC_clip_032.mp4,2,1
20862,b_1Gk4y1r7HT_clip_009.mp4,0,3
20870,b_1z741177kN_clip_086.mp4,1,3
20908,b_1at411b7Yw_clip_035.mp4,0,1
20917,b_14s411r72D_part1_clip_013.mp4,0,2
20946,b_197411y7eX_clip_012.mp4,0,2
20983,b_1R64y1T7mj_clip_010.mp4,3,1
21081,b_1jE41167bv_clip_042.mp4,2,1
21093,b_1a7411L7PC_clip_094.mp4,1,3
21157,b_18t41147ht_clip_003.mp4,1,2
21160,b_1it41197M2_clip_038.mp4,0,1
21167,b_1KE411J715_clip_005.mp4,0,1
21185,b_1Ab411k7qb_clip_044.mp4,1,2
21226,b_1GW411p7LU_part2_clip_015.mp4,0,1
21266,b_18b411F7hq_clip_007.mp4,3,1
21270,b_1St411F7zW_clip_017.mp4,1,0
21294,b_1aW411s7AU_part1_clip_005.mp4,1,3
21330,c_movi7926_33.mp4,2,0
21339,b_1Yk4y1R7hE_clip_030.mp4,0,2
21397,b_1Qx411G7Qa_clip_011.mp4,2,1
21436,b_1KK41157yS_clip_019.mp4,3,0
21502,b_1R7411u769_clip_100.mp4,1,0
21540,b_1x4411N7yL_clip_006.mp4,0,1
21542,b_1b7411y7Kg_clip_002.mp4,1,3
21546,b_1vJ411B7BH_clip_046.mp4,0,1
21576,b_1hE411J77d_clip_020.mp4,2,1
21584,b_1PZ4y1477R_clip_035.mp4,2,1
21598,b_157411V7Rt_clip_039.mp4,2,0
21637,b_1vx41147zm_clip_006.mp4,0,3
21659,b_1L7411R73G_clip_038.mp4,0,3
21683,b_1a7411L7PC_clip_137.mp4,2,3
21713,b_1kx41147ee_part2_clip_001.mp4,2,0
21818,b_1D4411n7J6_clip_030.mp4,0,1
21860,b_1yE411j7KU_clip_061.mp4,0,2
21864,b_1Mt41177QG_clip_019.mp4,1,0
21893,y_LPTSJ_-_JRU_clip_27.mp4,3,1
21963,b_1Gk4y1r7HT_clip_002.mp4,1,3
21965,y_RHKFbr4wRTY_clip_9.mp4,1,0
22029,b_1CJ411b7ru_clip_037.mp4,2,0
22101,b_15b411e766_clip_013.mp4,1,3
22113,b_1PA411h72w_clip_038.mp4,2,1
22214,b_1jJ411V7xT_clip_010.mp4,0,3
22236,b_14s411r7QT_part1_clip_011.mp4,0,1
22292,b_1E4411t7de_clip_023.mp4,0,3
22424,b_1gt411G7gi_clip_036.mp4,1,3
22429,b_1DE411P71Y_clip_037.mp4,2,1
22434,b_1Wk4y167ox_clip_011.mp4,2,3
22485,b_1ix411Q7BZ_part1_clip_011.mp4,1,2
22499,y_rKFyUXXfLkY_clip_37.mp4,0,2
22575,b_1YK4y1k7SF_clip_002.mp4,0,1
22581,b_1uJ411h7tp_clip_034.mp4,1,2
22593,b_1ZA411i7Li_clip_032.mp4,2,1
22673,b_1cf4y1U76Q_clip_049.mp4,3,2
22690,b_134411x7kc_clip_006.mp4,2,0
22820,y_dPbipg5_kqM_clip_16.mp4,3,0
22832,b_1KK41157yS_clip_014.mp4,3,0
22845,b_1vA411b75N_clip_016.mp4,1,3
22917,b_17x411D7y6_part2_clip_002.mp4,0,3
22943,b_1mx411S7tx_clip_002.mp4,0,1
22956,b_1vJ411B7BH_clip_002.mp4,3,2
22962,b_1tT4y157Mo_clip_056.mp4,0,1
22988,b_1DW411i7a2_part1_clip_016.mp4,1,2
23078,y_AC2R889a-LI_clip_10.mp4,2,3
23086,b_1J7411377C_clip_013.mp4,2,1
23088,b_1G7411G7yS_clip_103.mp4,1,2
23092,b_1WE411F7LD_clip_022.mp4,3,0
23094,b_1NJ411F7Y6_clip_003.mp4,1,3
23108,b_1RA411q7vt_clip_015.mp4,1,3
23118,b_1xz4y197zH_clip_010.mp4,0,1
23206,b_1Xt411V7CT_clip_015.mp4,2,1
23214,b_1Dt41157CX_clip_031.mp4,1,0
23298,b_1n741157ss_clip_043.mp4,2,3
23303,b_1G4411i7Xt_clip_001.mp4,0,1
23314,b_1jJ411V7xT_clip_021.mp4,0,1
23316,b_1h7411v7mp_clip_038.mp4,2,1
23320,b_1SE411Z7mT_clip_008.mp4,1,2
23354,b_1Rt411c7FC_clip_022.mp4,3,2
23360,y_ts7lKdhojGY_clip_47.mp4,2,1
23363,y_PT6KvPI6UNU_clip_6.mp4,0,2
23373,b_1h5411t7Z5_clip_005.mp4,0,1
23397,y_x4ARm4OS5gs_clip_9.mp4,1,2
23455,b_1et411v7TQ_clip_004.mp4,0,1
23538,c_movi7924_21.mp4,2,3
23564,b_1Qa4y1i7Rn_clip_014.mp4,0,1
23593,j_2960.mp4,0,3
23695,b_1kx411f751_clip_037.mp4,2,0
23698,b_1B7411s7t1_clip_003.mp4,0,1
23707,b_1qK4y1t79B_clip_004.mp4,3,1
23708,b_1TJ411s7yy_clip_006.mp4,1,3
23743,b_1XJ411G77m_clip_017.mp4,3,2
23769,b_1UZ4y1x7w2_clip_008.mp4,3,0
23775,b_17x411k7Vz_part1_clip_004.mp4,3,2
23786,b_184411F7DJ_clip_006.mp4,0,1
23788,b_1i741177YW_clip_044.mp4,3,1
23865,b_1Gt411p7rv_clip_012.mp4,2,1
23867,b_194411u7wN_clip_015.mp4,3,1
23889,b_17J411a7tz_clip_035.mp4,0,3
23915,b_154411S7ue_clip_016.mp4,3,1
23928,b_1Rt411n7CX_clip_014.mp4,3,0
23963,c_movi7924_21.mp4,0,3
24023,b_14b411y79D_clip_008.mp4,0,2
24043,b_1dE411d7D7_clip_026.mp4,0,2
24060,b_1x4411c7p3_clip_005.mp4,0,2
24076,b_1X7411p7ZA_clip_044.mp4,3,2
24082,b_1Ft4y117VZ_clip_031.mp4,3,0
24083,b_1Yx411B7QX_part3_clip_001.mp4,0,2
24098,y_DUX_IhauRlI_clip_8.mp4,3,0
24127,b_16x411o7wR_clip_003.mp4,2,1
24145,b_1Xt411s7y5_clip_013.mp4,1,2
24163,b_13t411K7i7_clip_004.mp4,0,1
24174,b_1m7411P7Fe_clip_013.mp4,0,1
24205,b_1B4411j7Wo_clip_006.mp4,1,2
24229,b_1dt4y1C7f5_clip_018.mp4,3,0
24281,b_1a7411L7PC_clip_014.mp4,0,1
24299,b_1At4y1U7Xt_clip_035.mp4,2,1
24300,b_1Yt411Y7VQ_clip_020.mp4,0,1
24315,b_18t41147ht_clip_008.mp4,3,2
24321,b_1PJ411B7eE_clip_018.mp4,1,0
24388,b_14K41177wQ_clip_002.mp4,0,2
24447,b_1B4411M7a6_clip_045.mp4,0,1
24456,b_1G7411G7yS_clip_034.mp4,1,2
24529,b_1T64y1u7An_clip_002.mp4,0,1
24551,b_12J41147hT_clip_023.mp4,2,3
24565,b_1cx411V7vf_part1_clip_005.mp4,1,0
24632,b_1Yt411Y7VQ_clip_011.mp4,2,0
24649,b_1B4411d7Pv_clip_006.mp4,0,2
24668,y_0gdy9L5whEs_clip_21.mp4,0,2
24710,b_1B4411j7Wo_clip_014.mp4,0,2
24720,y_dPbipg5_kqM_clip_21.mp4,3,1
24734,b_1E741117ZY_clip_002.mp4,2,0
24736,b_1r4411W7un_clip_024.mp4,0,1
24743,b_1Tx411z79U_part1_clip_001.mp4,0,1
24756,b_1dt4y1C7f5_clip_018.mp4,0,3
24791,b_1Gk4y1r7HT_clip_002.mp4,0,1
24810,b_1xQ4y1T7cR_clip_001.mp4,3,1
24855,c_movi7929_6.mp4,1,0
24883,c_movi7924_22.mp4,2,3
24927,c_movi7952_18.mp4,0,3
24947,b_1fW411J79x_part1_clip_001.mp4,2,1
24965,b_1PE411X762_clip_025.mp4,3,2
25061,b_1B4411j7Wo_clip_024.mp4,2,1
25079,b_1Tt411d7LE_clip_018.mp4,1,2
25094,b_1eW411v7iX_clip_006.mp4,2,0
25095,b_1z741177kN_clip_050.mp4,3,1
25168,y_eGJg0u9pD_s_clip_8.mp4,1,0
25179,b_1rJ411K7pL_clip_040.mp4,3,2
25197,b_1f4411N7Zp_clip_047.mp4,3,1
25227,b_1X7411i7Ph_clip_028.mp4,1,3
25232,b_1bt411q7fm_clip_046.mp4,1,0
25246,b_14a4y147uG_clip_011.mp4,0,3
25248,b_1rJ411875j_clip_002.mp4,3,1
25267,b_184411F7DJ_clip_006.mp4,0,3
25282,b_1zs411t7nk_part1_clip_003.mp4,0,1
25289,b_1P4411S7BR_clip_016.mp4,1,3
25310,b_1Qx411G7Qa_clip_011.mp4,3,1
25319,b_1rJ411875j_clip_035.mp4,1,2
25321,b_1Gt411y7Xe_clip_023.mp4,2,3
25325,b_1Yt41157g5_clip_005.mp4,0,1
25336,b_1Yk4y1R7hE_clip_014.mp4,3,2
25341,b_1nW41187Ch_part1_clip_016.mp4,2,0
25346,b_1zJ411x7dw_clip_036.mp4,1,2
25405,b_1XJ411m7H5_clip_022.mp4,3,2
25410,b_1U4411V7fj_clip_007.mp4,3,1
25438,b_1G7411K7oi_clip_024.mp4,0,2
25465,b_1M4411P73G_clip_003.mp4,3,0
25491,b_1a4411e7sC_clip_032.mp4,0,1
25540,b_16b411C7Y7_clip_023.mp4,3,2
25561,b_1YE411R7Rk_clip_017.mp4,1,0
25593,b_1sA411h7A2_clip_022.mp4,2,1
25684,b_1ix411Z7U6_clip_003.mp4,1,3
25753,c_sunp1671_10.mp4,1,2
25764,b_1kJ411e7qf_clip_020.mp4,1,2
25791,b_1Tt411F7W7_clip_002.mp4,0,2
25809,b_18x411D7vv_part1_clip_011.mp4,1,2
25892,b_1Yt411Y7VQ_clip_025.mp4,3,1
25919,b_1CJ411b7ru_clip_007.mp4,0,3
25933,b_1jJ411V7xT_clip_037.mp4,3,1
26142,b_17x411X7hm_clip_016.mp4,1,2
26148,b_1qJ411Y7Rf_clip_032.mp4,2,3
26158,b_1zs411t7nk_part2_clip_007.mp4,1,3
26169,b_1kJ411e7qf_clip_023.mp4,2,1
26217,y_xjhHM0ilzZ8_clip_2.mp4,1,2
26278,b_1Tx411z79U_part1_clip_011.mp4,0,1
26320,b_18f4y1U73n_clip_004.mp4,1,3
26350,b_1i741177YW_clip_025.mp4,2,1
26374,b_1Wk4y167ox_clip_010.mp4,1,2
26501,b_1TW411e7yg_part1_clip_002.mp4,1,3
26507,b_1bE411s7kk_clip_037.mp4,3,1
26516,b_1b4411R7AX_clip_011.mp4,3,2
26536,b_1X7411m71Z_clip_006.mp4,3,2
26553,b_1kt411C7cs_clip_015.mp4,3,2
26583,b_1s5411x75d_clip_012.mp4,1,0
26585,b_1yt411k7va_clip_026.mp4,2,1
26600,y_ts7lKdhojGY_clip_37.mp4,2,1
26602,b_1EJ411i7jU_clip_013.mp4,2,1
26603,b_1At411g7Sm_clip_008.mp4,1,2
26611,b_1zJ411x7dw_clip_017.mp4,1,3
26620,b_1Q5411s7Lb_clip_036.mp4,2,1
26673,b_1hW411e7WB_clip_010.mp4,0,1
26683,b_1ct411w7UH_clip_002.mp4,2,3
26696,b_1kt411C7cs_clip_026.mp4,3,0
26732,y_A4NxVXfqt64_clip_7.mp4,1,2
26785,b_1NQ4y1N7N3_clip_012.mp4,0,3
26829,b_1b4411N78e_clip_004.mp4,3,0
26861,b_11E411n7y2_clip_024.mp4,0,2
26908,b_1Ab411k7qb_clip_044.mp4,3,1
26955,b_1Cb411b7ix_clip_051.mp4,0,2
27005,b_1KK41157yS_clip_042.mp4,2,3
27101,b_1n441187Ew_clip_025.mp4,1,0
27186,y_-04uoKKmOPs_clip_5.mp4,2,0
27198,b_1Mb41157pm_clip_031.mp4,1,2
27349,b_1yJ411k7Yo_clip_018.mp4,0,3
27427,b_1CJ411b7ru_clip_030.mp4,2,1
27431,b_1CJ411b7ru_clip_022.mp4,0,2
27479,b_1ix411Z7U6_clip_003.mp4,3,2
27504,b_1b4411e7cX_clip_023.mp4,2,0
27507,j_2971.mp4,0,3
27624,b_1i741177YW_clip_044.mp4,2,3
27640,b_1Ws411F7MQ_clip_015.mp4,3,1
27690,b_1xa4y1t7dP_clip_002.mp4,0,1
27771,b_1et411v7TQ_clip_023.mp4,3,2
27786,b_1SJ41167QX_clip_011.mp4,2,1
27791,b_16W411i73r_part1_clip_015.mp4,3,1
27823,b_1J7411377C_clip_028.mp4,0,1
27831,b_1Yt411T7w2_clip_008.mp4,1,2
27840,b_1j54y1X7cr_clip_042.mp4,0,3
27862,b_1ix41167dQ_part2_clip_006.mp4,0,1
27925,b_1nt411E76Z_clip_029.mp4,1,0
28022,c_movi7929_6.mp4,3,2
28115,b_19E411q721_clip_007.mp4,2,3
28117,y_UVtl1cSSC3M_clip_17.mp4,0,2
28126,b_1Sx411x7Zd_part1_clip_008.mp4,2,0
28192,c_movi7924_22.mp4,0,1
28226,b_1xx411d7n8_clip_021.mp4,1,3
28241,b_1X7411L7P7_clip_040.mp4,3,0
28264,b_1iJ411t7VY_clip_016.mp4,3,1
28317,b_1XJ411G77m_clip_017.mp4,2,1
28320,b_11J411C7Hj_clip_016.mp4,1,0
28327,b_1Bs411T7QD_clip_006.mp4,3,2
28330,b_1hE411k7re_clip_001.mp4,2,3
28350,b_1BC4y147Da_clip_009.mp4,3,1
28372,c_movi7923_1.mp4,0,2
28391,b_197411y7eX_clip_011.mp4,1,2
28430,b_1b4411W7eX_clip_039.mp4,0,2
28471,b_1nJ411q7Nw_clip_004.mp4,2,1
28478,b_1Jt411R7tD_clip_022.mp4,3,1
28499,b_1hE411p7Th_clip_007.mp4,0,1
28531,b_1b4411e7cX_clip_023.mp4,2,1
28574,b_13t411K7i7_clip_004.mp4,3,1
28584,b_1qK4y1r7G5_clip_017.mp4,3,1
28590,b_1Gg4y1a7Ef_clip_038.mp4,3,2
28721,b_1yg4y187PF_clip_043.mp4,1,3
28845,b_1wt411u7QM_clip_022.mp4,3,1
28915,b_1mt411e7s2_clip_002.mp4,2,3
28951,b_1z4411B7K5_clip_032.mp4,2,0
28977,b_1R7411p7qA_clip_015.mp4,0,3
29004,b_1Yt411T7w2_clip_010.mp4,3,2
29043,b_1xQ4y1T7cR_clip_001.mp4,1,2
29055,b_1yE411j7KU_clip_014.mp4,0,1
29076,b_11E41127kV_clip_015.mp4,3,1
29080,b_1yt411k7va_clip_004.mp4,3,2
29199,b_1hE411p7Th_clip_082.mp4,2,0
29203,b_1cJ41167TW_clip_025.mp4,0,2
29208,b_1Px411b7of_part1_clip_002.mp4,3,2
29321,b_1Cb411b7BW_clip_032.mp4,3,0
29338,c_movi7926_28.mp4,3,1
29346,b_1cJ411X74E_clip_006.mp4,0,2
29354,b_1d7411a7sR_clip_015.mp4,2,1
29357,b_1h5411t7Z5_clip_008.mp4,2,1
29547,b_14E411C7j1_clip_045.mp4,2,1
29560,b_1YJ411x78w_clip_001.mp4,0,3
29600,b_1Cb411b7ix_clip_057.mp4,1,3
29609,b_1Ez411q7MR_clip_014.mp4,3,1
29648,b_1cW411G7xb_part1_clip_018.mp4,0,3
29876,b_1xz4y197zH_clip_020.mp4,1,2
29906,b_1dJ411F7W2_clip_020.mp4,0,2
29907,b_1SJ411S7Hb_clip_010.mp4,0,3
30006,b_1Cx411q7pz_part1_clip_012.mp4,1,2
30018,b_1b4411B7zM_clip_015.mp4,0,1
30028,b_1fb411t7cg_clip_018.mp4,1,2
30056,b_1wt411h72Q_clip_017.mp4,1,0
30140,b_1b4411R7AX_clip_046.mp4,3,2
30222,b_1Qx411C7FR_part1_clip_003.mp4,0,3
30224,b_164411C7Ai_clip_014.mp4,0,3
30239,b_1SJ411S7Hb_clip_016.mp4,2,1
30345,b_1xz411z7b5_clip_007.mp4,0,1
30351,b_1wK41157Pp_clip_009.mp4,3,2
30403,b_1Jx411f7Vv_clip_020.mp4,3,2
30446,b_1PJ41147iD_clip_011.mp4,3,1
30461,b_1G4411i7Xt_clip_046.mp4,2,1
30495,b_1Gt411y7Xe_clip_023.mp4,0,3
30525,b_1Gt411y7Xe_clip_026.mp4,3,2
30536,b_1XJ411G77m_clip_003.mp4,0,3
30630,b_18a4y14785_clip_009.mp4,3,1
30633,b_1KK41157yS_clip_032.mp4,2,0
30669,b_1hW411e7WB_clip_010.mp4,1,0
30683,b_1yE411j7KU_clip_070.mp4,3,2
30705,b_17b411H7b9_clip_014.mp4,1,3
30777,b_1ix41167dQ_part1_clip_011.mp4,1,0
30781,b_1Fk4y1z7d6_clip_021.mp4,2,3
30940,y_eGJg0u9pD_s_clip_1.mp4,1,2
30947,b_1wZ4y1j729_clip_033.mp4,1,3
30954,b_1H441117w9_clip_026.mp4,2,1
31107,b_1R7411u769_clip_073.mp4,1,3
31162,b_1Tx411z79U_part1_clip_008.mp4,1,3
31189,b_1xz4y197zH_clip_033.mp4,2,1
31282,b_1zJ411x7dw_clip_029.mp4,0,2
31374,b_1Tt411E7T8_clip_007.mp4,0,1
31379,b_1hE411p7Th_clip_091.mp4,2,0
31398,b_1ZA411i7Li_clip_022.mp4,1,2
31434,b_1yE411j7KU_clip_061.mp4,2,1
31486,b_1BJ411u7Sn_clip_006.mp4,0,2
31547,b_1j741157BM_clip_123.mp4,0,1
31563,b_1hW411e7WB_clip_010.mp4,2,3
31579,b_1at411b7Yw_clip_074.mp4,0,1
31608,b_1YE411R7Rk_clip_017.mp4,2,3
31614,b_1Tx411z79U_part1_clip_004.mp4,3,1
31630,b_14K41177wQ_clip_017.mp4,0,3
31645,b_1X7411i7Ph_clip_043.mp4,2,1
31673,b_1DE411P71Y_clip_016.mp4,0,1
31700,b_1zJ411x7dw_clip_029.mp4,2,1
31729,y_kledRNuLZP8_clip_11.mp4,0,1
31756,b_1wJ411P7Hd_clip_004.mp4,0,2
31767,b_1N4411J7oN_clip_012.mp4,2,3
31779,b_157411V7Rt_clip_013.mp4,3,1
31967,b_1Bb411A74A_clip_008.mp4,3,1
32057,b_1s7411J7yN_clip_038.mp4,3,1
32155,b_12s411N7wZ_clip_009.mp4,0,1
32161,y_8GfCC_k_SOs_clip_10.mp4,3,0
32213,b_1YK4y1k7SF_clip_010.mp4,0,1
32259,b_1Va4y147PH_clip_031.mp4,2,3
32300,b_18x411D7vv_part1_clip_009.mp4,0,1
32374,j_2969.mp4,2,1
32409,b_16W411i7GR_part1_clip_011.mp4,0,1
32421,b_14s411r7mP_part2_clip_002.mp4,3,2
32505,c_sunp1672_13.mp4,0,3
32514,b_1dt4y1C7f5_clip_018.mp4,3,1
32576,b_1pa4y1v7d7_clip_024.mp4,2,0
32587,b_1mt411e7s2_clip_002.mp4,3,1
32595,b_13t411F7iD_clip_001.mp4,2,3
32626,b_1vJ411B7BH_clip_014.mp4,2,1
32663,b_1LE411i7jn_clip_022.mp4,2,0
32734,b_1oE411x76E_clip_038.mp4,3,1
32760,b_13t411F7iD_clip_001.mp4,0,2
32767,b_1PJ411v7n1_clip_034.mp4,0,1
32855,b_1J7411377C_clip_018.mp4,0,2
32879,b_1B4411j7Wo_clip_021.mp4,3,1
32917,b_1et411g7t5_clip_035.mp4,0,1
32921,b_157411V7Rt_clip_011.mp4,2,1
33161,b_1f4411p7oB_clip_033.mp4,0,2
33177,b_18a4y14785_clip_025.mp4,0,1
33235,b_1Ht411X7Qn_clip_004.mp4,2,1
33353,b_1Gt411y7Xe_clip_001.mp4,3,2
33419,y_IWX3CxTzGN4_clip_2.mp4,1,2
33426,b_1JE41147LF_clip_021.mp4,2,3
33472,b_1DW411b7Xp_clip_011.mp4,2,1
33530,c_movi7922_30.mp4,1,0
33579,b_187411V7WG_clip_013.mp4,3,0
33614,b_1a4411e7sC_clip_032.mp4,3,1
33617,b_1YE411R7Rk_clip_012.mp4,0,3
33635,b_1bt411z7Ps_clip_024.mp4,1,0
33654,b_1Mb41157pm_clip_024.mp4,2,3
33663,b_1jE41167bv_clip_041.mp4,0,3
33716,b_1Gt411p7rv_clip_002.mp4,0,3
33762,b_14E411D7YA_clip_038.mp4,3,2
33772,b_1yg4y187PF_clip_004.mp4,0,3
33825,b_1wZ4y1j729_clip_018.mp4,1,2
33876,b_1hE411J77d_clip_022.mp4,0,3
33903,b_1sC4y1s7oK_clip_006.mp4,3,1
33911,y_6_L5tcEvGUw_clip_13.mp4,2,1
34011,b_1bJ411J78u_clip_028.mp4,3,0
34021,b_1KT4y157KK_clip_022.mp4,2,1
34026,b_12J41147hT_clip_006.mp4,3,2
34124,c_sunp1691_18.mp4,2,1
34126,b_1z741177kN_clip_083.mp4,3,1
34131,b_1DK411W72b_clip_025.mp4,0,2
34155,b_1kQ4y1N7n3_clip_021.mp4,0,1
34162,b_18C4y147hP_clip_013.mp4,3,2
34174,b_1uK411L7sS_clip_001.mp4,2,3
34304,b_1BQ4y1M7Lx_clip_006.mp4,3,1
34335,b_1p7411W74B_clip_046.mp4,1,0
34343,b_1RJ411T7Hh_clip_008.mp4,0,3
34386,b_1RJ411T7Hh_clip_010.mp4,3,2
34413,b_1hE411p7Th_clip_084.mp4,0,1
34420,b_1Bb411A74A_clip_008.mp4,2,1
34473,b_1bs41137JZ_clip_006.mp4,2,1
34516,b_1DW411b7Xp_clip_013.mp4,0,2
34521,b_1it41157YF_clip_016.mp4,2,1
34568,b_1NJ411q7pd_clip_024.mp4,1,3
34614,b_1et411v7TQ_clip_009.mp4,0,1
34709,b_1dt411N7Vb_clip_024.mp4,2,1
34714,y_jXS553HFNsY_clip_6.mp4,3,0
34777,y_A4NxVXfqt64_clip_18.mp4,2,3
34778,b_19J411p7Ck_clip_008.mp4,3,1
34797,b_1Mi4y1b7GK_clip_016.mp4,0,2
34847,b_1NJ411q7pd_clip_023.mp4,2,3
34859,b_1b4411W7eX_clip_039.mp4,2,3
34862,y_0hhLZtjyZhA_clip_11.mp4,0,1
34876,b_1sk4y1R76V_clip_004.mp4,3,2
34957,b_1At4y1U7Xt_clip_010.mp4,0,2
34959,y_IWX3CxTzGN4_clip_2.mp4,0,2
34986,b_1ex411G7zY_part1_clip_001.mp4,0,1
35001,b_1Xt411s7y5_clip_012.mp4,0,1
35019,b_1Jx411Q79o_clip_006.mp4,1,2
35061,b_1yt411k7va_clip_028.mp4,3,0
35191,b_1Gk4y1r7HT_clip_004.mp4,0,3
35262,b_1Sx41197oS_clip_006.mp4,2,0
35272,b_1Qi4y1x7Ht_clip_023.mp4,3,2
35305,y_xjhHM0ilzZ8_clip_21.mp4,2,1
35310,b_1B7411s7t1_clip_025.mp4,3,1
35352,b_1xz4y197zH_clip_018.mp4,2,1
35356,b_1St411N77p_clip_002.mp4,2,3
35372,b_1CJ411b7ru_clip_007.mp4,3,1
35422,b_1DE411P71Y_clip_042.mp4,3,1
35465,y_grI4X4CiD8o_clip_37.mp4,0,1
35473,b_1G7411K7oi_clip_024.mp4,3,1
35547,b_1B4411d7Pv_clip_006.mp4,2,3
35569,b_1B4411j7Wo_clip_021.mp4,1,3
35612,b_1dA411471P_clip_021.mp4,0,2
35662,b_1Gt411p7rv_clip_024.mp4,0,1
35702,c_movi7925_17.mp4,2,1
35797,b_1et411q7Pj_clip_011.mp4,0,2
35919,b_1vA411b75N_clip_015.mp4,2,1
35953,b_1ZV411k741_clip_017.mp4,2,1
35962,b_1ME411F7sz_clip_032.mp4,1,0
35996,b_1ft411t7zd_clip_017.mp4,1,2
36060,b_1EJ411i7jU_clip_012.mp4,2,1
36118,b_1wT4y1V7iy_clip_030.mp4,3,2
36141,b_1yJ411k7Yo_clip_043.mp4,3,0
36184,b_1KK41157yS_clip_034.mp4,3,1
36202,b_1KJ411T7Jo_clip_015.mp4,2,3
36208,b_1U7411u7uy_clip_018.mp4,2,1
36247,b_1at411y7Eo_clip_021.mp4,1,2
36321,b_1uE411C7sZ_clip_010.mp4,1,0
36349,y_BoaWexJjHa8_clip_5.mp4,1,2
36362,b_1ix411Z7U6_clip_007.mp4,0,1
36367,b_1KK41157yS_clip_014.mp4,0,3
36374,b_1c54y1R7Tb_clip_020.mp4,0,1
36401,b_1JW411b7Vn_part1_clip_003.mp4,1,2
36406,c_movi7926_30.mp4,3,1
36439,b_1YJ411x78w_clip_007.mp4,0,1
36459,c_movi7952_23.mp4,2,0
36485,b_1U7411u7uy_clip_002.mp4,0,1
36493,b_14s411r7Qj_clip_011.mp4,2,0
36651,b_1ut4y117xD_clip_037.mp4,3,1
36711,b_1nW41187Ch_part1_clip_016.mp4,3,1
36722,b_1Jt411R7tD_clip_023.mp4,0,2
36857,b_1RE411n7zq_clip_001.mp4,3,1
36892,b_1nE411Z7Tk_clip_002.mp4,0,1
36909,b_194411C7mL_clip_002.mp4,3,1
36916,y_0hhLZtjyZhA_clip_11.mp4,0,3
36937,b_14K41157xw_clip_025.mp4,3,2
36961,b_1i741177YW_clip_059.mp4,3,2
36964,b_184411c7bt_clip_017.mp4,1,2
36991,b_1v4411g7cH_clip_007.mp4,0,2
37054,b_14K41157xw_clip_022.mp4,1,2
37190,b_1GW411p7LU_part2_clip_017.mp4,1,2
37203,b_1G7411G7yS_clip_103.mp4,0,1
37237,b_18t411w7Q8_clip_003.mp4,2,1
37251,b_1bt411Q7qe_clip_016.mp4,1,0
37454,b_1mt411e7s2_clip_031.mp4,0,1
37485,b_1G7411K7oi_clip_024.mp4,0,1
37538,b_18f4y1U73n_clip_004.mp4,3,1
37598,b_1k7411y72r_clip_028.mp4,1,0
37747,b_1rk4y1k7F9_clip_015.mp4,3,1
37751,y_V55gacAEnfI_clip_3.mp4,1,2
38010,b_1UK411L7wa_clip_042.mp4,1,2
38020,b_1bt411q7fm_clip_067.mp4,0,1
38131,b_184411F7DJ_clip_009.mp4,3,2
38136,b_1y4411Z7Xb_clip_008.mp4,3,2
38146,y_jsfgLt6jf_g_clip_12.mp4,2,3
38154,b_1bE411s7kk_clip_019.mp4,3,1
38165,b_1Nt41127AL_clip_012.mp4,3,0
38240,b_13t411F7iD_clip_033.mp4,2,3
38370,b_1KJ411T7Jo_clip_015.mp4,2,0
38403,b_1UK411L7wa_clip_010.mp4,3,2
38455,b_1Yk4y1R7hE_clip_030.mp4,0,1
38472,b_1FW41177m2_part2_clip_029.mp4,0,2
38514,c_sunp1672_13.mp4,1,2
38549,b_12a4y1i7Nk_clip_042.mp4,0,2
38629,b_19J411z7or_clip_011.mp4,2,1
38654,b_17W411B7wM_clip_002.mp4,3,1
38658,b_1At4y1U7Xt_clip_010.mp4,2,1
38665,b_1Tb411L7yU_clip_015.mp4,2,1
38666,b_1S7411B7Er_clip_037.mp4,3,2
38715,b_1j54y1X7cr_clip_004.mp4,0,2
38719,b_1WE411j7JR_clip_026.mp4,0,3
38775,b_1at411y7Eo_clip_017.mp4,3,2
38783,b_1b4411R7AX_clip_002.mp4,3,1
38784,b_1yJ411k7Yo_clip_010.mp4,1,0
38790,b_1t4411j7zM_clip_005.mp4,3,1
38824,b_1X7411m71Z_clip_001.mp4,0,3
38863,b_1tJ411C7sF_clip_010.mp4,1,0
38918,b_1zs411t7nk_part1_clip_005.mp4,3,1
39013,b_16W411i73r_part2_clip_004.mp4,3,1
39022,b_1wZ4y1j729_clip_018.mp4,2,1
39048,b_1J7411377C_clip_013.mp4,0,2
39092,b_1Ft4y117VZ_clip_032.mp4,2,1
39129,b_1bt411q7fm_clip_012.mp4,3,1
39175,b_1B7411s7t1_clip_003.mp4,0,1
39186,b_1FW41177m2_part1_clip_026.mp4,1,2
39223,b_1yE411j7KU_clip_046.mp4,1,0
39274,b_1d7411a7sR_clip_029.mp4,2,0
39333,b_1F7411x7Xw_clip_027.mp4,2,1
39361,b_1a7411f7SH_clip_032.mp4,2,1
39404,b_1CJ411b7ru_clip_005.mp4,3,1
39426,b_1mW411979K_clip_009.mp4,2,3
39430,b_1UK411L7wa_clip_010.mp4,3,0
39454,b_194411Z7Nh_clip_007.mp4,3,1
39471,y_iX5wSGmT7aw_clip_15.mp4,1,2
39523,b_14t41177Xw_clip_006.mp4,1,3
39592,b_1gE411L7oE_clip_024.mp4,3,1
39672,b_1UK411L7wa_clip_042.mp4,3,2
39977,b_19t411B7A4_clip_003.mp4,1,2
39995,b_1X7411m71Z_clip_010.mp4,1,3
40055,b_1LA411t7mT_clip_014.mp4,2,0
40101,b_1Nt41127AL_clip_012.mp4,2,0
40152,b_18J411H7we_clip_013.mp4,0,1
40168,y_jsfgLt6jf_g_clip_12.mp4,3,1
40233,b_1Wx411i7Zr_part2_clip_003.mp4,1,2
40255,b_1Z4411H7pb_clip_021.mp4,0,1
40279,b_1zE411o7Ga_clip_025.mp4,1,2
40430,b_1Gt411y7Xe_clip_004.mp4,3,2
40525,y_jRsR22p2i2U_clip_4.mp4,1,0
40602,b_1XJ411G77m_clip_017.mp4,1,3
40637,b_1XW411h7eW_clip_006.mp4,0,1
40643,b_1KE411J715_clip_005.mp4,1,2
41037,b_1Mb411J77z_clip_036.mp4,0,1
41063,b_1GJ411L7iJ_clip_035.mp4,0,3
41253,b_1Cx411q7pz_part1_clip_012.mp4,2,1
41312,y_AC2R889a-LI_clip_8.mp4,0,2
41327,b_1At411V7X9_clip_013.mp4,2,1
41332,b_1b4411e7cX_clip_017.mp4,0,1
41357,b_154411S7ue_clip_016.mp4,0,1
41411,b_1Lt411j7s5_clip_036.mp4,2,1
41427,b_15b411b7DL_clip_015.mp4,1,3
41462,b_13t411k7ib_clip_029.mp4,3,1
41511,b_1cW411G7xb_part1_clip_018.mp4,2,3
41586,b_1Yk4y1R7hE_clip_008.mp4,0,2
41644,b_1et411g7t5_clip_035.mp4,2,0
41697,b_14E411D7YA_clip_038.mp4,1,3
41824,b_1fg4y1B7cA_clip_037.mp4,3,0
41827,y_eGJg0u9pD_s_clip_1.mp4,1,3
41855,b_1NJ411q7pd_clip_024.mp4,2,0
41915,b_154411S7ue_clip_016.mp4,3,1
42020,b_17W411B7wM_clip_007.mp4,2,1
42061,b_1yE411j7KU_clip_070.mp4,1,0
42121,b_15J411n7bA_clip_019.mp4,3,2
42208,b_1Cb411b7ix_clip_053.mp4,0,3
42219,b_1j54y1X7cr_clip_035.mp4,0,2
42268,b_1RT4y1u7Hf_clip_020.mp4,0,1
42520,b_124411F77k_clip_028.mp4,3,1
42661,b_1mW411979K_clip_015.mp4,3,2
42698,y_tjXukxZzsg8_clip_21.mp4,2,1
42756,b_17x411k7Vz_part1_clip_003.mp4,0,1
42828,b_1Va4y147PH_clip_031.mp4,0,3
42980,b_1Gx411G7fz_part1_clip_006.mp4,0,1
43039,b_1Lt411G7XD_clip_014.mp4,2,1
43093,b_16W411i7GR_part1_clip_011.mp4,3,1
43126,b_14s411r7mP_part2_clip_003.mp4,1,2
43303,b_13E411B76K_clip_003.mp4,2,3
43304,b_1et411v7TQ_clip_007.mp4,0,1
43530,y_bShdVgAByxs_clip_2.mp4,1,2
43534,b_1Ct411J7VD_clip_032.mp4,1,2
43641,b_1yt411k7va_clip_037.mp4,2,3
43688,b_1yE411j7KU_clip_061.mp4,3,2
43690,b_1aW411s7AU_part1_clip_007.mp4,3,1
43726,b_1EW411J7fz_part1_clip_013.mp4,3,0
43850,b_1X7411i7Ph_clip_020.mp4,0,2
43877,b_1Yk4y1R7hE_clip_009.mp4,0,3
43878,b_1Ws411F7MQ_clip_028.mp4,3,1
44065,b_1wt411u7QM_clip_022.mp4,0,2
44130,b_1RE411H7di_clip_046.mp4,2,1
44217,b_1fg4y1B7cA_clip_038.mp4,2,1
44244,b_1a7411L7PC_clip_120.mp4,1,0
44288,b_1Zt411F75e_clip_045.mp4,3,1
44368,y_Gdm0JP8Egyc_clip_1.mp4,3,2
44421,b_1hx411o7vo_clip_028.mp4,3,0
44459,b_1a4411B7sb_clip_006.mp4,1,2
44530,b_1Z4411H7pb_clip_017.mp4,2,1
44535,b_1et411g7t5_clip_005.mp4,1,2
44589,b_16W411i7GR_part1_clip_010.mp4,0,2
44630,y_kledRNuLZP8_clip_11.mp4,1,0
44660,b_1H7411C7jf_clip_006.mp4,1,2
44695,b_1rk4y1k7F9_clip_014.mp4,0,1
44775,b_1Tx411z79U_part1_clip_002.mp4,1,2
44830,b_1dA411471P_clip_021.mp4,1,3
44861,b_1JE41147LF_clip_021.mp4,3,2
44895,b_1Gt411y7Xe_clip_023.mp4,2,1
44926,y_0gdy9L5whEs_clip_14.mp4,0,1
45069,b_1yJ411k7Yo_clip_019.mp4,1,3
45118,b_1h5411t7Z5_clip_025.mp4,3,1
45126,b_1yE411j7KU_clip_077.mp4,0,3
45148,b_1p7411W74B_clip_041.mp4,3,2
45347,b_1j54y1X7cr_clip_035.mp4,3,2
45579,b_1yE411j7KU_clip_016.mp4,2,3
45678,b_19E411P7RL_clip_016.mp4,1,2
45715,b_1uK411L7sS_clip_001.mp4,3,1
45787,b_1J7411377C_clip_045.mp4,2,3
45808,y_rKFyUXXfLkY_clip_2.mp4,3,0
46113,b_1Wk4y167ox_clip_020.mp4,1,2
46122,b_1sx41167tG_part2_clip_008.mp4,2,1
46143,b_1mt411e7s2_clip_031.mp4,0,1
46195,b_1n441187Ew_clip_017.mp4,0,1
46216,b_184411N734_clip_022.mp4,2,1
46345,b_1f4411S7Ty_clip_029.mp4,2,1
46440,b_1n441187Ew_clip_017.mp4,0,2
46461,b_12a4y1i7Nk_clip_037.mp4,1,3
46468,b_1cW411G7xb_part2_clip_006.mp4,3,0
46527,b_1LW411v7Tv_part1_clip_001.mp4,0,2
46601,y_n8S0it3v0pg_clip_6.mp4,3,1
46715,b_1EW411v73M_part2_clip_018.mp4,3,2
46718,b_1it41157YF_clip_023.mp4,2,3
46793,b_1ix411Z7U6_clip_037.mp4,2,3
46873,b_1Bb411A74A_clip_011.mp4,0,1
46916,b_1Kz411b7vS_clip_013.mp4,2,1
46932,b_1AJ411579g_clip_040.mp4,1,2
47052,b_1Ab411k7qb_clip_044.mp4,2,0
47083,b_1Ht41137f7_clip_014.mp4,3,2
47206,b_1bt411z7Ps_clip_022.mp4,0,3
47220,b_1a7411L7PC_clip_137.mp4,2,3
47240,b_144411U7gM_clip_011.mp4,0,1
47244,b_1ft411V7Ua_clip_035.mp4,0,1
47290,b_17J411a7tz_clip_035.mp4,3,2
47312,b_1b7411y7Kg_clip_002.mp4,2,3
47497,b_1B4411d7Pv_clip_018.mp4,3,1
47503,b_1a7411L7PC_clip_120.mp4,1,0
47560,b_1hE411k7re_clip_009.mp4,3,0
47574,b_1bE411s7kk_clip_037.mp4,3,0
47639,c_movi7924_10.mp4,3,0
47640,b_1YK4y1k7SF_clip_002.mp4,3,1
47686,b_1tT4y157Mo_clip_047.mp4,3,0
47695,b_1bt411q7fm_clip_038.mp4,1,2
47696,b_1px411k7hN_clip_006.mp4,3,1
47878,b_1Q5411s7Lb_clip_020.mp4,3,1
48029,b_1L7411x7PA_clip_026.mp4,3,0
48039,b_1St411N77p_clip_002.mp4,1,2
48102,b_1f4411S7Ty_clip_028.mp4,3,1
48188,b_1j741157BM_clip_126.mp4,2,1
48203,b_1FW411h7P3_clip_006.mp4,0,2
48216,b_1hE411p7Th_clip_069.mp4,0,3
48252,c_sunp1672_13.mp4,3,1
48289,b_1LW411s7qq_clip_037.mp4,3,1
48302,b_1n741157ss_clip_058.mp4,3,1
48339,b_15x411d7uX_clip_011.mp4,3,2
48433,b_1k7411m7Fp_clip_010.mp4,0,1
48488,b_1bs41137JZ_clip_006.mp4,0,3
48578,b_1XJ411G77m_clip_016.mp4,0,3
48610,b_1p7411W74B_clip_025.mp4,2,3
48679,b_1Xt411s7y5_clip_010.mp4,1,2
48682,b_1ut4y117xD_clip_037.mp4,2,0
48715,b_12a4y1i7Nk_clip_037.mp4,0,1
48737,c_sunp1692_4.mp4,1,3
48746,b_1Gk4y1r7HT_clip_029.mp4,0,2
48846,b_1mt411e7s2_clip_032.mp4,2,3
48890,c_movi7919_10.mp4,2,1
49069,b_1xJ41167Q1_clip_019.mp4,0,3
49201,y_diKJNf2OzBk_clip_8.mp4,0,1
49221,b_16W411i7GR_part2_clip_005.mp4,1,3
49250,b_1RE411H7di_clip_018.mp4,0,2
49274,b_1RJ411T7Hh_clip_038.mp4,0,2
49307,b_1YJ411x78w_clip_001.mp4,1,2
49362,b_1n741157ss_clip_058.mp4,1,2
49429,b_1Bb411A74A_clip_011.mp4,1,3
49500,b_1Ab411k7qb_clip_044.mp4,1,3
49569,b_1Gt411p7rv_clip_024.mp4,3,2
49576,b_1Vf4y1S71s_clip_014.mp4,1,0
49605,b_1gE411L7oE_clip_007.mp4,0,3
49746,y_eGJg0u9pD_s_clip_4.mp4,1,3
49930,c_sunp1692_12.mp4,2,1
49938,b_18W411t7xG_clip_005.mp4,1,3
49948,b_1ex411G7zY_part1_clip_005.mp4,1,2
50036,b_1X7411p7ZA_clip_009.mp4,2,1
50124,b_15b411e766_clip_013.mp4,0,2
50243,b_1SJ41167QX_clip_011.mp4,3,0
50530,c_movi7952_14.mp4,2,1
50545,b_1NJ411q7pd_clip_011.mp4,0,2
50697,b_1CW411h7oK_part2_clip_012.mp4,2,1
50737,c_movi7941_16.mp4,2,3
50790,y_rKFyUXXfLkY_clip_1.mp4,0,3
50843,b_1YJ411x78w_clip_001.mp4,3,1
50896,b_12t411R75D_clip_039.mp4,0,1
51076,b_1KK41157yS_clip_014.mp4,1,2
51124,y_7N1NUytbpZg_clip_5.mp4,3,2
51253,b_1B4411d7Pv_clip_013.mp4,3,2
51327,b_1B4411M7a6_clip_045.mp4,2,1
51365,b_15b411P7tY_clip_041.mp4,2,1
51397,b_1RJ411y7df_clip_001.mp4,2,3
51557,y_ghHBwCu5hiU_clip_5.mp4,0,3
51581,b_1Ht411x7sF_clip_011.mp4,3,1
51610,b_1Lz411B7zd_clip_003.mp4,3,1
51652,b_14t411K7Bb_clip_004.mp4,0,2
51852,b_13t411K7i7_clip_022.mp4,3,1
51871,b_1HT4y1g7E3_clip_008.mp4,0,3
51903,b_1Yt411T7w2_clip_010.mp4,0,1
51990,b_1d7411a7sR_clip_001.mp4,2,1
52087,b_1kC4y14752_clip_029.mp4,3,2
52097,b_1bJ411x7an_clip_019.mp4,2,1
52126,b_1bJ411J78u_clip_028.mp4,2,1
52175,c_movi7916_12.mp4,2,1
52286,b_1At411i75B_clip_009.mp4,3,2
52296,b_1VE411a7Aa_clip_019.mp4,0,3
52305,b_1sJ41187Yb_clip_036.mp4,3,2
52397,b_1bW411B7qV_part1_clip_017.mp4,3,2
52402,b_1ZA411i7Li_clip_010.mp4,0,3
52419,b_1Yk4y1R7hE_clip_001.mp4,1,0
52428,b_1P4411S7BR_clip_003.mp4,0,2
52472,c_sunp1693_13.mp4,3,0
52576,b_1bJ411x7an_clip_019.mp4,1,0
52663,b_1G7411G7yS_clip_001.mp4,1,3
52821,b_1b4411R7AX_clip_046.mp4,3,1
52878,c_movi7926_21.mp4,2,1
53027,b_15J411n7bA_clip_010.mp4,1,2
53163,b_1c54y1R7Tb_clip_024.mp4,0,2
53216,b_1j54y1X7cr_clip_004.mp4,3,0
53300,b_14s411r7Qj_clip_015.mp4,1,2
53326,b_1yt411k7va_clip_013.mp4,1,3
53766,b_1h5411t7Z5_clip_025.mp4,3,1
54008,b_1m7411P7Fe_clip_013.mp4,2,3
54179,c_movi7923_28.mp4,2,1
54335,b_1Tt411F7W7_clip_002.mp4,0,3
54418,b_1SJ411S7Hb_clip_008.mp4,0,1
54444,b_16W411i7GR_part2_clip_005.mp4,3,0
54450,b_1fg4y1B7cA_clip_007.mp4,0,2
54465,b_1Ht411X7Qn_clip_007.mp4,0,2
54522,y_ljEdPecAbwA_clip_4.mp4,3,2
54809,b_1z741177kN_clip_083.mp4,2,1
54878,b_19441127r4_clip_034.mp4,3,2
54897,b_13E411B7zm_clip_012.mp4,3,1
54942,b_1yE411j7KU_clip_016.mp4,2,3
54988,b_1H7411C7jf_clip_011.mp4,0,1
55014,b_1Jt411q7Nh_clip_034.mp4,0,2
55106,y_stMcp7RDGuA_clip_9.mp4,1,0
55203,b_1S7411P7yB_clip_012.mp4,0,2
55497,b_1gW411q771_part1_clip_015.mp4,3,2
55783,b_1H5411s7ho_clip_012.mp4,3,1
55789,b_1C441157dQ_clip_015.mp4,0,3
56055,b_1Ai4y1t7Rj_clip_030.mp4,3,1
56170,b_1aW411s7AU_part1_clip_021.mp4,0,3
56275,b_1nt411E76Z_clip_002.mp4,3,1
56343,b_14s411r7Qj_clip_015.mp4,2,3
56667,b_1b4411e7cX_clip_020.mp4,3,2
56695,b_1JE41147LF_clip_011.mp4,2,1
56755,b_16W411i7GR_part1_clip_011.mp4,2,3
56890,b_1PE411X762_clip_007.mp4,2,1
56950,j_3632.mp4,2,1
56958,b_1B4411j7Wo_clip_011.mp4,2,3
56980,b_1Ab411k7qb_clip_044.mp4,3,2
57004,b_1Bf4y1U7Ft_clip_020.mp4,3,2
57149,b_1JE41147LF_clip_095.mp4,1,3
57351,b_1b4411R7AX_clip_043.mp4,3,1
57365,b_1kt411C7cs_clip_030.mp4,3,1
57387,b_1ek4y19747_clip_020.mp4,2,1
57439,b_15b411b7DL_clip_020.mp4,3,2
57603,b_1c54y1R7Tb_clip_035.mp4,1,3
57892,y_Gdm0JP8Egyc_clip_3.mp4,0,2
57952,b_18J411H7we_clip_013.mp4,0,1
57978,b_1Xt411s7y5_clip_010.mp4,2,1
58033,b_1YK4y1k7SF_clip_010.mp4,2,1
58036,b_17E411W7bc_clip_039.mp4,3,1
58060,b_13E411B7zm_clip_012.mp4,2,1
58229,b_1B4411M7a6_clip_045.mp4,1,3
58451,b_1gW411q771_part2_clip_023.mp4,1,2
58491,b_1ek4y19747_clip_048.mp4,1,0
58496,b_1ZA411i7Li_clip_005.mp4,1,2
58526,b_1SE411g7EW_clip_037.mp4,0,2
58614,b_1ZA411i7Li_clip_041.mp4,0,3
58659,b_1hE411p7Th_clip_003.mp4,1,2
58690,b_1EJ411i7jU_clip_013.mp4,3,0
58791,b_1Wk4y167ox_clip_010.mp4,2,3
58793,b_1GW411p7LU_part2_clip_017.mp4,3,0
58806,b_1hx411o7vo_clip_022.mp4,3,1
58890,c_sunp1690_3.mp4,0,3
58936,b_1xz4y197zH_clip_008.mp4,0,1
59268,b_1nE411Z7Tk_clip_002.mp4,1,0
59270,b_1sQ4y1M7E8_clip_016.mp4,0,1
59377,b_1M4411P73G_clip_002.mp4,0,1
59379,b_184411c7bt_clip_001.mp4,0,1
59436,b_1Jt411q7Nh_clip_034.mp4,1,3
59462,b_1xz411z7b5_clip_033.mp4,1,3
59549,b_1d7411a7sR_clip_029.mp4,3,1
59620,b_1bt411z7Ps_clip_022.mp4,0,1
59658,b_1yE411j7KU_clip_077.mp4,3,2
59737,b_1b7411y7Kg_clip_002.mp4,0,2
59753,b_1Ht41137f7_clip_016.mp4,3,1
59904,c_movi7926_30.mp4,2,1
59949,b_12s411V71w_clip_005.mp4,0,1
60071,b_1Kz411b7vS_clip_005.mp4,1,3
60143,y_4XSxGWZEzaE_clip_6.mp4,2,3
60180,c_sunp1693_15.mp4,0,1
60202,b_1bJ411x7an_clip_019.mp4,3,0
60276,b_1bE411v7CP_clip_010.mp4,0,2
60296,b_11x411i7ms_part1_clip_008.mp4,3,1
60323,b_1ix41167dQ_part1_clip_011.mp4,0,2
60336,b_1At411i75B_clip_009.mp4,2,1
60581,b_1p4411U7m1_clip_044.mp4,0,2
60603,b_1L7411R73G_clip_038.mp4,3,0
60634,b_14K41157xw_clip_025.mp4,0,3
60754,b_1Sp4y1C7DJ_clip_016.mp4,0,2
60854,b_1B4411j7Wo_clip_011.mp4,0,1
61118,b_1Yi4y1s7Ex_clip_024.mp4,1,2
61173,y_dPbipg5_kqM_clip_21.mp4,1,3
61221,b_1JE41147LF_clip_011.mp4,3,1
61365,b_1b4411R7AX_clip_043.mp4,3,2
61452,b_19E411P7RL_clip_016.mp4,1,2
61476,y_grI4X4CiD8o_clip_34.mp4,3,1
61519,b_14K41177wQ_clip_002.mp4,0,2
61562,y_jRsR22p2i2U_clip_4.mp4,1,0
61690,b_1Et411J7jq_clip_011.mp4,0,2
61854,b_1UK411L7wa_clip_042.mp4,2,3
61953,b_1Yt411T7w2_clip_010.mp4,2,0
62053,b_1h7411v7mp_clip_038.mp4,2,3
62090,b_1yE411j7Vo_clip_039.mp4,1,0
62329,b_1j54y1X7cr_clip_007.mp4,1,2
62360,b_1BC4y147Da_clip_014.mp4,0,2
62377,b_1Gt411p7rv_clip_003.mp4,0,1
62441,b_1X7411p7ZA_clip_009.mp4,3,1
