id,filename,gt_answer,pred_answer
2,j_3263.mp4,3,0
5,b_1s7411J7yN_clip_106.mp4,1,3
10,c_movi7916_9.mp4,1,2
24,b_1ME411F7sz_clip_030.mp4,3,2
25,b_1mx411S7tx_clip_007.mp4,3,1
26,b_1N4411J7oN_clip_018.mp4,2,1
28,y_bixqbLMxIbs_clip_20.mp4,1,2
31,b_157411V7Rt_clip_035.mp4,2,0
45,b_1U7411u7uy_clip_035.mp4,0,3
48,b_154411S7ue_clip_006.mp4,3,1
50,b_1B4411D7uh_clip_010.mp4,1,2
62,b_1ut4y117xD_clip_017.mp4,2,0
64,b_1Yt411Y7VQ_clip_020.mp4,1,0
73,b_1TK411j7u2_clip_011.mp4,1,3
76,b_11E41127kV_clip_010.mp4,2,3
79,b_1Na4y1i7jC_clip_043.mp4,2,3
80,b_14s411r72D_part2_clip_005.mp4,1,0
83,b_1Ht41137f7_clip_012.mp4,0,1
87,b_1DE411i7bK_clip_004.mp4,2,0
92,b_1rf4y127sM_clip_027.mp4,3,0
94,b_124411F77k_clip_015.mp4,3,2
95,b_1yt411k7va_clip_019.mp4,3,2
100,b_1XJ411m7H5_clip_013.mp4,2,3
103,b_1MJ411A7ND_clip_026.mp4,1,0
104,b_1yJ411k7Yo_clip_023.mp4,2,3
108,c_movi7951_5.mp4,1,0
110,b_1hE411k7re_clip_001.mp4,2,0
113,b_1bs41137JZ_clip_006.mp4,0,1
116,b_1qK4y1t79B_clip_004.mp4,1,0
117,b_1a7411L7PC_clip_073.mp4,0,3
118,b_1vJ411B7BH_clip_014.mp4,0,1
122,b_184411m7DP_clip_012.mp4,1,0
123,y_kBbv9xGng_A_clip_16.mp4,1,0
124,b_1i441117ec_clip_009.mp4,0,2
127,b_13x41197oW_clip_004.mp4,3,0
146,b_19b41127Fv_clip_005.mp4,0,2
148,y_NliNOzuoeeg_clip_1.mp4,3,2
149,b_19A411t7dq_clip_023.mp4,2,0
150,b_1gp411Z7uR_part2_clip_010.mp4,2,0
153,b_1B4411d7Pv_clip_014.mp4,2,3
154,b_144411U7gM_clip_009.mp4,0,1
162,b_1NJ411q7pd_clip_015.mp4,1,0
168,b_1a7411L7PC_clip_040.mp4,1,2
178,b_1SJ41167QX_clip_033.mp4,0,2
179,b_1WE411F7LD_clip_033.mp4,2,3
180,b_1p7411W74B_clip_035.mp4,2,3
186,b_1at411y7Eo_clip_050.mp4,3,2
198,b_1jt411e7vy_clip_066.mp4,2,1
201,b_17b411H7b9_clip_016.mp4,1,0
206,b_1Yk4y1R7hE_clip_014.mp4,1,2
213,b_17x411k7Vz_part1_clip_003.mp4,3,1
214,y_jRsR22p2i2U_clip_10.mp4,1,3
216,b_1X7411L7P7_clip_020.mp4,3,1
221,b_1d4411H7st_clip_015.mp4,3,2
227,b_13E411B76K_clip_004.mp4,2,3
229,y_iX5wSGmT7aw_clip_15.mp4,3,1
234,b_1rx41167zx_part1_clip_011.mp4,2,0
235,b_1xz411z7b5_clip_007.mp4,2,0
237,b_1xz411z7b5_clip_033.mp4,2,3
238,b_1ex411G7zY_part1_clip_012.mp4,2,0
241,b_1GW411q7Wi_clip_009.mp4,1,0
247,b_13t411g7Z3_clip_015.mp4,0,1
251,b_1Qi4y1x7Ht_clip_008.mp4,0,3
255,b_16W411i7GR_part2_clip_005.mp4,2,1
256,y_D3e9OhvRSDo_clip_21.mp4,3,1
259,b_1N441147kT_clip_010.mp4,1,2
263,b_18C4y147hP_clip_002.mp4,0,1
265,b_1J7411377C_clip_079.mp4,1,3
266,b_1dt411N7Vb_clip_026.mp4,1,3
269,b_1TW411Y7kk_clip_005.mp4,0,3
274,b_1Gk4y1r7HT_clip_001.mp4,2,1
278,b_1Bs411T7QD_clip_009.mp4,3,2
279,b_1mW411979K_clip_014.mp4,1,3
283,b_1ox411B7yE_part2_clip_007.mp4,3,2
288,b_1at411y7Eo_clip_056.mp4,1,0
289,b_1G4411i7Xt_clip_001.mp4,1,3
301,b_1cJ411X74E_clip_005.mp4,3,2
304,b_1rE411A7HG_clip_041.mp4,1,2
306,b_1F7411Z74z_clip_052.mp4,3,2
310,c_movi7928_8.mp4,3,1
318,c_movi7951_12.mp4,0,1
326,y_TRpDI-LdkDI_clip_19.mp4,3,0
331,b_1fW411t7Hw_clip_007.mp4,1,2
332,b_1LW411s7qq_clip_034.mp4,0,1
333,b_1Va4y147PH_clip_006.mp4,1,0
344,b_1d4411H7st_clip_047.mp4,1,0
365,b_1F5411t7i4_clip_040.mp4,1,2
373,b_1U7411u7uy_clip_050.mp4,3,1
383,b_1zx411B7zz_part1_clip_011.mp4,3,1
384,b_1bJ411J78u_clip_018.mp4,2,3
385,b_1e4411a7Aw_clip_003.mp4,2,3
388,b_1s7411J7yN_clip_117.mp4,0,2
395,b_1Xt411V7CT_clip_001.mp4,0,2
400,b_1Sx41197oS_clip_025.mp4,2,0
401,b_1wT4y1V7iy_clip_013.mp4,2,3
406,b_17b411H7b9_clip_021.mp4,2,0
411,b_1bE411v7CP_clip_002.mp4,2,1
420,b_1Fx411x7ge_clip_007.mp4,1,0
421,b_1Qi4y1x7Ht_clip_003.mp4,3,2
422,b_1Z64y1u7vw_clip_004.mp4,3,1
427,b_1RJ411T7Hh_clip_006.mp4,3,1
437,b_184411m7DP_clip_018.mp4,1,2
443,b_1jT4y1G7K7_clip_003.mp4,1,0
445,b_1a7411f7SH_clip_024.mp4,2,0
458,b_1a4411o7DJ_clip_012.mp4,1,2
460,b_19b41127Fv_clip_003.mp4,1,0
461,b_1fg4y1B7cA_clip_034.mp4,2,1
463,b_1NJ411F7Y6_clip_021.mp4,0,1
466,y_jXS553HFNsY_clip_6.mp4,2,1
468,b_1GJ411h7Mb_clip_030.mp4,2,1
473,b_1yt411k7va_clip_035.mp4,1,2
478,b_1mW411Y7wF_part1_clip_013.mp4,3,1
494,b_17b411H7b9_clip_019.mp4,3,1
497,b_1z741177kN_clip_057.mp4,0,1
507,b_1J7411377C_clip_027.mp4,2,1
525,b_1764y1M7zr_clip_037.mp4,0,1
527,b_17J411a7tz_clip_027.mp4,2,1
536,b_1Yt411n7yQ_clip_020.mp4,0,3
538,b_1N441147kT_clip_011.mp4,2,0
541,b_1dA411471P_clip_030.mp4,1,0
549,y_ifP0zIiijro_clip_6.mp4,3,0
550,b_1j741157BM_clip_029.mp4,2,1
553,c_movi7917_27.mp4,1,0
555,b_1gW411q771_part2_clip_023.mp4,2,0
556,b_1Px411g7pT_part1_clip_019.mp4,1,0
574,b_1XE411Z7rX_clip_001.mp4,3,0
578,b_1bQ4y1A7FW_clip_012.mp4,3,1
579,b_1Xt411c76X_clip_015.mp4,3,0
590,y_Rp4IpAoz5kA_clip_8.mp4,2,1
605,y_r5LeXZiuplQ_clip_15.mp4,3,0
614,y_RHKFbr4wRTY_clip_6.mp4,2,1
615,b_1At411V7X9_clip_016.mp4,3,2
616,b_1S7411B7Er_clip_031.mp4,1,3
624,b_1dJ411F7W2_clip_027.mp4,3,0
636,b_19x411q7pB_part1_clip_007.mp4,3,2
653,b_1a7411L7PC_clip_018.mp4,3,0
657,b_1YK4y1k7SF_clip_029.mp4,1,2
667,b_1SJ411S7Hb_clip_019.mp4,3,2
669,y_rKFyUXXfLkY_clip_20.mp4,0,2
677,b_1vJ411B7BH_clip_010.mp4,1,3
679,b_194411C7mL_clip_035.mp4,3,0
684,b_1JE41147LF_clip_064.mp4,1,0
686,b_1yE41187A9_clip_020.mp4,3,2
687,b_1hE411p7Th_clip_019.mp4,2,3
696,b_1pZ4y1s7ma_clip_005.mp4,1,3
706,y_tP19WuyY3IY_clip_13.mp4,0,3
711,b_16W411t7ht_part1_clip_016.mp4,2,3
713,b_1gW411q771_part2_clip_023.mp4,3,2
718,b_13E411B76K_clip_022.mp4,1,3
726,b_1At411g7Sm_clip_008.mp4,1,3
727,b_1JE411r7ba_clip_019.mp4,2,0
731,b_1y441137Qm_clip_011.mp4,3,1
733,b_1xz411z7b5_clip_015.mp4,3,2
734,b_1Gg4y1a7Ef_clip_015.mp4,2,1
748,b_1AW41187Ck_part1_clip_015.mp4,0,2
750,b_1NJ411q7pd_clip_015.mp4,0,3
757,b_16W411i7GR_part1_clip_018.mp4,3,2
758,b_1xV411f74o_clip_015.mp4,2,3
761,b_1Kz411b7vS_clip_007.mp4,0,2
774,b_1YK4y1k7SF_clip_001.mp4,2,0
778,b_1KK41157yS_clip_025.mp4,1,2
787,b_1bt411z7Ps_clip_024.mp4,2,1
788,b_1Tx411z79U_part1_clip_008.mp4,3,2
795,b_1i7411f7Jc_clip_033.mp4,0,1
797,y_n8S0it3v0pg_clip_15.mp4,0,2
816,c_sunp1692_4.mp4,0,3
833,b_1jE411f71G_clip_012.mp4,3,1
835,b_1Vs41157A6_part1_clip_003.mp4,0,2
838,c_sunp1691_2.mp4,3,2
855,b_1c54y1R7Tb_clip_016.mp4,1,3
856,b_1s7411e7XW_clip_018.mp4,1,2
862,b_12s411N7wZ_clip_016.mp4,2,3
871,b_1Gg4y1z7gn_clip_016.mp4,0,3
873,b_19E411P7RL_clip_038.mp4,0,3
885,b_1p4411U7m1_clip_047.mp4,0,1
897,b_1Gt411y7Xe_clip_014.mp4,0,3
931,b_1wx411D7Na_part1_clip_007.mp4,3,2
934,b_1L7411R73G_clip_038.mp4,1,3
941,b_1LW411s7qq_clip_028.mp4,1,2
946,b_1fW411J79x_part2_clip_019.mp4,0,2
947,b_1wx411o7oW_clip_003.mp4,0,3
958,b_14E411C7j1_clip_040.mp4,0,3
960,b_1kx411f751_clip_012.mp4,0,2
964,b_1PE411X762_clip_023.mp4,2,1
966,b_1hE411p7Th_clip_106.mp4,1,2
970,b_1Mi4y1b7GK_clip_013.mp4,2,1
971,b_1Yk4y1R7hE_clip_025.mp4,2,0
995,y_Gdm0JP8Egyc_clip_14.mp4,1,3
999,b_1ek4y19747_clip_012.mp4,0,1
1001,b_1ct411D77a_clip_003.mp4,0,2
1005,y_EhM-xuNdRL0_clip_3.mp4,3,2
1008,c_movi7919_14.mp4,1,2
1013,b_1St411F7zW_clip_012.mp4,1,0
1015,b_19J411p7Ck_clip_001.mp4,0,3
1032,b_1Cb411b7ix_clip_052.mp4,3,2
1042,b_13b411V7L9_clip_017.mp4,2,1
1045,b_1UK411L7wa_clip_031.mp4,3,2
1048,b_1k4411T7Nf_clip_040.mp4,2,3
1049,b_1nb411m7ro_clip_045.mp4,2,3
1053,b_1EJ41117Tu_clip_014.mp4,3,2
1064,b_1bE411v7CP_clip_012.mp4,3,0
1068,b_1DE411i7bK_clip_004.mp4,2,3
1072,b_1bJ411J78u_clip_043.mp4,3,1
1091,b_1b4411R7AX_clip_017.mp4,1,3
1098,b_1j54y1X7cr_clip_038.mp4,1,0
1101,b_1kQ4y1N7n3_clip_021.mp4,3,1
1105,b_18W411i74f_part1_clip_009.mp4,1,0
1112,b_1Z4411H7pb_clip_016.mp4,3,0
1136,y_Gdm0JP8Egyc_clip_3.mp4,0,1
1139,b_1bt411z7Ps_clip_019.mp4,1,3
1143,b_1C441157dQ_clip_010.mp4,2,0
1146,b_1F7411Z74z_clip_064.mp4,1,3
1147,b_16s41167pP_clip_007.mp4,1,2
1149,b_19t411B7A4_clip_014.mp4,2,1
1152,y_AC2R889a-LI_clip_20.mp4,1,0
1153,b_12J41147hT_clip_027.mp4,3,1
1158,b_1px411S7Mr_part1_clip_007.mp4,2,1
1162,y_TKIL_9wuF1Q_clip_16.mp4,2,1
1164,b_1a7411L7PC_clip_076.mp4,0,2
1167,b_1Gb411G7XZ_clip_009.mp4,3,0
1186,b_1Nz411872c_clip_005.mp4,3,1
1187,y_EwbiWKAhICU_clip_9.mp4,0,3
1190,b_14E411D7YA_clip_012.mp4,1,3
1195,b_19E411P7RL_clip_001.mp4,3,0
1196,y_DUX_IhauRlI_clip_6.mp4,2,1
1198,b_1rJ411875j_clip_021.mp4,1,2
1214,b_1Yk4y1R7hE_clip_003.mp4,2,1
1218,j_3636.mp4,3,2
1223,b_1G7411G7yS_clip_047.mp4,1,0
1242,b_1d4411K7t9_clip_024.mp4,1,3
1246,b_18J411H7we_clip_013.mp4,3,0
1258,b_14a4y147uG_clip_033.mp4,0,2
1259,b_1Fk4y1z7d6_clip_018.mp4,3,0
1270,b_16J411t7DB_clip_004.mp4,1,0
1279,b_1H441157JJ_clip_010.mp4,1,3
1280,b_1qt411H7kH_clip_032.mp4,2,3
1288,b_127411s7T7_clip_009.mp4,1,2
1289,b_1Wa4y1t7y7_clip_035.mp4,1,2
1300,b_1hJ411R79J_clip_006.mp4,2,3
1306,b_1aW411s7AU_part1_clip_021.mp4,3,0
1308,b_134411N7af_clip_010.mp4,3,1
1312,b_1xV411f74o_clip_009.mp4,1,2
1319,b_1H7411C7jf_clip_001.mp4,3,0
1326,b_1NE411w7WB_clip_051.mp4,0,1
1328,b_1N441147kT_clip_010.mp4,3,1
1335,b_12J41147hT_clip_002.mp4,3,0
1337,b_13t411F7iD_clip_030.mp4,1,0
1339,b_19J411H7pW_clip_027.mp4,1,2
1340,b_1k7411y72r_clip_005.mp4,3,0
1342,b_1Ws411F7MQ_clip_006.mp4,3,0
1345,b_154411v7Jh_clip_012.mp4,2,1
1352,b_1Nk4y1k7nk_clip_030.mp4,1,0
1363,y_dPbipg5_kqM_clip_11.mp4,0,1
1364,b_1G7411G7yS_clip_082.mp4,2,1
1365,b_1P4411B7oe_clip_035.mp4,3,2
1376,b_1a7411L7PC_clip_019.mp4,1,0
1389,b_1HT4y1g7E3_clip_027.mp4,0,3
1394,b_1PJ411v7n1_clip_007.mp4,3,0
1401,b_1ZA411i7Li_clip_020.mp4,1,0
1402,c_sunp1693_18.mp4,2,1
1406,y_uNZiDOiorz4_clip_12.mp4,0,2
1414,b_197411y7eX_clip_012.mp4,3,0
1418,b_1Ht411X7Qn_clip_020.mp4,0,1
1423,b_19E411b7WH_clip_011.mp4,1,0
1433,b_1Z4411H7pb_clip_016.mp4,0,2
1443,b_1KK41157yS_clip_029.mp4,2,3
1444,b_1NE411w7WB_clip_052.mp4,2,0
1452,y_0gdy9L5whEs_clip_14.mp4,0,1
1454,b_1bW411B7qV_part1_clip_015.mp4,2,1
1457,b_1yx411C77W_part1_clip_004.mp4,3,0
1462,b_1Bf4y1U7Ft_clip_001.mp4,1,3
1467,b_1Mx411Z7ve_clip_010.mp4,1,3
1470,b_12J41147hT_clip_002.mp4,2,3
1474,b_15z411z7Rs_clip_003.mp4,0,1
1479,c_movi7940_5.mp4,2,1
1480,b_1Et411s72c_clip_015.mp4,3,1
1490,b_1Kx411k71e_clip_011.mp4,1,3
1498,b_1ut411a7RZ_clip_023.mp4,2,0
1501,b_1Z64y1u7vw_clip_005.mp4,2,3
1504,b_1Q4411o76G_clip_024.mp4,1,0
1505,c_sunp1671_6.mp4,1,3
1507,b_1Tt411F7W7_clip_006.mp4,2,0
1515,c_movi7917_13.mp4,0,3
1518,b_1DT4y137h7_clip_006.mp4,0,3
1530,b_197411y7eX_clip_022.mp4,1,3
1537,y_AC2R889a-LI_clip_24.mp4,3,0
1539,b_16x411u7Up_part1_clip_001.mp4,1,0
1541,b_1JE41147LF_clip_058.mp4,1,0
1545,b_1ya4y1e7Tn_clip_051.mp4,2,3
1546,b_1mt411e7s2_clip_017.mp4,2,1
1556,b_1Px411g7pT_part1_clip_007.mp4,3,1
1558,b_1Qt411K7JU_clip_015.mp4,3,2
1565,b_1cx411i7YV_part1_clip_005.mp4,3,0
1567,b_1EJ411i7jU_clip_033.mp4,1,0
1568,b_1y4411Z7Xb_clip_009.mp4,2,0
1570,b_1V441187rn_clip_026.mp4,1,0
1578,b_1PE411X762_clip_005.mp4,2,3
1579,b_1Xt411V7CT_clip_016.mp4,0,1
1582,b_1LW411v7Tv_part1_clip_001.mp4,2,3
1585,b_1YJ411x78w_clip_015.mp4,3,2
1588,y_VtINM2qjf-o_clip_5.mp4,3,1
1596,b_1u4411p7uk_clip_099.mp4,0,1
1610,b_1Cb411b7BW_clip_014.mp4,0,1
1614,b_1Ht411P7eg_clip_010.mp4,0,2
1618,b_1LA411t7mT_clip_018.mp4,3,1
1620,b_1bt411z7Ps_clip_007.mp4,2,1
1624,b_1yt411k7va_clip_013.mp4,2,1
1630,b_15b411P7tY_clip_041.mp4,1,3
1638,b_1CW411h7oK_part2_clip_010.mp4,3,1
1642,b_1sx411f7Ck_clip_018.mp4,0,1
1644,b_1bt411z7Ps_clip_019.mp4,2,1
1647,b_1UK411L7wa_clip_006.mp4,2,3
1653,b_1ex411G7zY_part1_clip_011.mp4,2,3
1654,b_1cx41167NE_part2_clip_004.mp4,0,2
1655,b_1kJ411e7qf_clip_019.mp4,0,2
1658,b_1KK41157yS_clip_010.mp4,2,0
1662,c_movi7925_1.mp4,3,1
1666,j_3269.mp4,0,1
1676,b_13t411F7iD_clip_037.mp4,0,3
1678,b_15x411d7uX_clip_004.mp4,2,0
1683,b_1zs411t7nk_part2_clip_008.mp4,2,3
1688,b_1Zx411Q7mv_clip_015.mp4,2,3
1689,b_1Ht41137f7_clip_018.mp4,1,2
1692,b_1PZ4y1477R_clip_013.mp4,2,1
1698,b_1U4411L75y_clip_027.mp4,3,0
1703,b_BV1PC4y1p7K9_clip_003.mp4,1,3
1706,b_1a4411B7sb_clip_006.mp4,2,0
1716,b_1Mt41177QG_clip_012.mp4,3,2
1720,b_15x411f7Tk_clip_039.mp4,3,2
1723,b_1s7411J7yN_clip_015.mp4,2,0
1728,b_1Gt411y7Xe_clip_012.mp4,0,3
1729,b_1gt411G7uR_clip_007.mp4,1,2
1730,b_1J7411377C_clip_072.mp4,2,3
1740,b_1Ht41137f7_clip_005.mp4,3,0
1747,c_movi7952_5.mp4,3,1
1754,y_qLstTC3D5dI_clip_2.mp4,0,2
1758,y_qLstTC3D5dI_clip_14.mp4,0,1
1759,b_1yt411k7va_clip_039.mp4,3,0
1760,b_1k441167ec_clip_026.mp4,3,0
1766,b_1vs411w7a9_clip_004.mp4,0,1
1770,c_sunp1668_10.mp4,3,0
1781,b_1hE411k7re_clip_019.mp4,0,3
1784,y_NliNOzuoeeg_clip_13.mp4,0,2
1799,b_194411p7Ho_clip_013.mp4,2,3
1807,b_17x411X7hm_clip_016.mp4,1,2
1808,b_12K4y1C7ak_clip_022.mp4,0,2
1809,y_PT6KvPI6UNU_clip_5.mp4,2,0
1814,b_1yV411d7fP_clip_010.mp4,0,1
1817,b_1u4411p7uk_clip_089.mp4,2,3
1819,b_1Sx41197oS_clip_026.mp4,0,1
1821,b_1BC4y147Da_clip_034.mp4,1,3
1830,b_1F4411d7Um_clip_017.mp4,3,0
1833,b_1cx411f7u7_clip_023.mp4,0,2
1835,b_1J7411377C_clip_018.mp4,0,3
1857,c_movi7952_13.mp4,1,3
1858,b_1cx411f7u7_clip_009.mp4,2,1
1861,b_1DW411b7Xp_clip_009.mp4,1,3
1863,c_sunp1648_3.mp4,2,0
1867,b_174411Z7eo_clip_020.mp4,0,2
1871,y_LPTSJ_-_JRU_clip_21.mp4,0,2
1876,y_A4NxVXfqt64_clip_14.mp4,3,1
1877,b_1LW411v7Tv_part1_clip_010.mp4,0,2
1878,y_qLstTC3D5dI_clip_2.mp4,2,1
1882,b_1U4411V7fj_clip_006.mp4,2,0
1887,b_1yE411j7KU_clip_061.mp4,0,2
1890,b_1xz411z7b5_clip_051.mp4,1,0
1892,b_1j741157BM_clip_117.mp4,2,3
1893,b_1Bf4y1U7Ft_clip_029.mp4,2,0
1894,b_1yE411j7KU_clip_080.mp4,3,0
1895,b_1cW411z7HJ_part2_clip_001.mp4,2,3
1905,b_1hE411k7re_clip_009.mp4,1,3
1909,b_127411s7T7_clip_009.mp4,2,1
1911,c_movi7930_2.mp4,2,1
1915,b_1Ra4y1e7wT_clip_003.mp4,1,0
1918,b_184411c7bt_clip_001.mp4,0,1
1921,b_184411F7DJ_clip_001.mp4,1,2
1927,b_1kJ411e7qf_clip_010.mp4,2,3
1931,b_1Ht41137f7_clip_003.mp4,3,2
1954,c_movi7941_12.mp4,3,1
1957,b_1JE41147LF_clip_069.mp4,2,0
1958,b_1bW411B7qV_part1_clip_003.mp4,0,3
1962,b_1iT4y1u721_clip_002.mp4,2,3
1966,j_3260.mp4,1,0
1968,c_sunp1650_9.mp4,0,3
1976,b_1NJ411q7pd_clip_039.mp4,2,0
1986,b_1Ht411x7sF_clip_008.mp4,2,0
1987,b_194411u7wN_clip_015.mp4,1,3
1988,b_187411V7WG_clip_076.mp4,0,2
1993,b_1RJ411C7yS_clip_004.mp4,0,1
2005,b_1Lt411T7LT_clip_001.mp4,3,1
2006,b_1Zx411Q7mv_clip_007.mp4,1,3
2012,b_1KW411W7Kb_clip_005.mp4,0,2
2023,y_CzrWKnJ95Q4_clip_2.mp4,0,2
2031,b_1gt411G7gi_clip_023.mp4,1,0
2032,b_1Dt411e7Lu_clip_018.mp4,3,1
2048,b_1yE411j7Vo_clip_019.mp4,3,0
2052,b_1bt411Q7qe_clip_006.mp4,1,0
2054,b_1yJ411k7Yo_clip_015.mp4,0,3
2057,b_1yg4y187PF_clip_005.mp4,3,0
2065,b_1AW41137RZ_part2_clip_013.mp4,2,3
2066,b_19441187Lt_clip_006.mp4,2,3
2068,b_18W411y7ka_clip_045.mp4,1,3
2073,b_1XW411h7eW_clip_015.mp4,2,0
2078,b_15b411e766_clip_022.mp4,2,0
2081,b_1QJ411M7wR_clip_016.mp4,2,0
2083,b_1J7411377C_clip_028.mp4,2,0
2093,b_1r4411W7un_clip_015.mp4,3,1
2097,b_1Gz411z7zB_clip_010.mp4,3,2
2102,y_eh5uVEEyV9A_clip_3.mp4,3,0
2106,b_14K41177wQ_clip_003.mp4,0,2
2112,b_1wx411D7Na_part1_clip_006.mp4,3,2
2116,b_194411p7Ho_clip_022.mp4,3,2
2124,b_1z741177kN_clip_119.mp4,0,3
2127,b_19t411q7rr_clip_028.mp4,0,1
2129,b_1Sp4y1C7DJ_clip_004.mp4,1,3
2131,y_4XSxGWZEzaE_clip_5.mp4,3,1
2138,b_1PJ411v7n1_clip_026.mp4,3,2
2146,b_1U7411u7uy_clip_006.mp4,3,2
2147,b_134411x7kc_clip_017.mp4,1,2
2152,y_r5LeXZiuplQ_clip_15.mp4,3,2
2155,b_1i741177YW_clip_059.mp4,1,0
2157,y_j8_c7fDzUbU_clip_6.mp4,3,1
2159,b_144411U7gM_clip_020.mp4,2,1
2163,b_1Ft411E7zW_clip_010.mp4,1,2
2164,c_movi7952_23.mp4,1,2
2167,c_sunp1648_19.mp4,3,0
2169,y_w8oNl1D20Hs_clip_10.mp4,1,0
2173,b_1Jt411v7ZN_clip_017.mp4,1,2
2180,b_1a4411o7DJ_clip_001.mp4,2,0
2186,b_1FW411h7P3_clip_017.mp4,3,1
2190,y_23ZW80OBD9g_clip_11.mp4,3,0
2193,b_19W411Y7k2_part1_clip_011.mp4,0,1
2207,c_sunp1668_18.mp4,1,3
2220,b_1PJ411v7n1_clip_029.mp4,0,2
2225,b_1cx411f7Pw_clip_043.mp4,3,1
2228,b_17x411X7hm_clip_013.mp4,2,1
2230,b_1Bt411n7Zk_clip_031.mp4,1,3
2245,b_1N4411J7oN_clip_004.mp4,0,3
2258,b_1V441187rn_clip_020.mp4,0,1
2261,b_1ct411w7UH_clip_002.mp4,2,0
2268,c_movi7919_22.mp4,2,1
2273,b_18441187uH_clip_001.mp4,0,2
2274,b_1Qt411K7JU_clip_002.mp4,3,0
2280,b_1TK411j7u2_clip_010.mp4,2,3
2286,b_13b411V7L9_clip_030.mp4,1,3
2287,b_1kb41137Wh_clip_039.mp4,1,3
2290,b_194411y72B_clip_037.mp4,3,2
2302,b_1et411v7TQ_clip_007.mp4,1,3
2320,b_1XJ411G77m_clip_015.mp4,1,3
2321,b_1bt411Q7qe_clip_019.mp4,0,2
2328,b_15J41177di_clip_006.mp4,2,0
2335,b_1fg4y1B7cA_clip_026.mp4,2,0
2344,b_1kJ411e7qf_clip_023.mp4,3,1
2354,b_1NJ411q7pd_clip_010.mp4,1,3
2355,b_1F7411Z74z_clip_076.mp4,2,3
2366,b_1Px411g7pT_part1_clip_010.mp4,2,0
2367,b_1Ht411X7Qn_clip_004.mp4,2,0
2388,b_1GJ411L7iJ_clip_026.mp4,1,2
2402,b_1BJ411N7hE_clip_023.mp4,0,1
2411,b_1CE411w7VN_clip_034.mp4,3,2
2416,b_18441187uH_clip_005.mp4,3,0
2430,b_1ct4y127JJ_clip_047.mp4,0,3
2446,b_1B7411s7t1_clip_010.mp4,3,0
2451,b_1TJ411s7yy_clip_028.mp4,2,1
2466,b_13t411F7iD_clip_016.mp4,3,2
2471,b_13t411g7Z3_clip_010.mp4,3,2
2478,b_1Jt411v7ZN_clip_011.mp4,3,1
2479,b_1uK411L7sS_clip_015.mp4,2,0
2490,b_1at411y7Eo_clip_050.mp4,0,1
2491,b_17W411B7wM_clip_005.mp4,0,3
2495,b_184411c7bt_clip_011.mp4,2,1
2497,b_1dx411R7KU_clip_014.mp4,2,1
2507,b_18f4y1U73n_clip_004.mp4,0,3
2510,b_1gW411q771_part2_clip_023.mp4,0,2
2511,b_15b411V7pZ_clip_031.mp4,3,0
2515,b_15b411b7DL_clip_020.mp4,2,0
2543,b_1yE411f7j5_clip_008.mp4,2,3
2551,b_1wK41157Pp_clip_028.mp4,3,0
2561,b_1Yt411Y7VQ_clip_020.mp4,1,3
2569,b_1GJ411L7iJ_clip_018.mp4,1,3
2580,b_1BJ411u7Sn_clip_023.mp4,3,2
2586,b_1y4411Z7Xb_clip_018.mp4,0,2
2603,b_1LW411s7qq_clip_012.mp4,2,3
2614,b_1xQ4y1T7cR_clip_026.mp4,3,0
2616,b_1j7411h7kb_clip_018.mp4,1,3
2621,b_1d54y1Q71E_clip_009.mp4,1,3
2622,b_1YE411R7Rk_clip_018.mp4,3,0
2635,b_1z441137JK_clip_026.mp4,0,3
2636,b_1HT4y1g7E3_clip_022.mp4,2,0
2637,b_1ix411Q7BZ_part1_clip_011.mp4,0,2
2641,b_1nt411E76Z_clip_002.mp4,3,1
2651,b_1TJ411s7yy_clip_037.mp4,1,2
2652,y_eU7f30XxvBI_clip_2.mp4,1,3
2654,b_1cJ411k7vv_clip_032.mp4,3,2
2656,b_1XJ411G77m_clip_005.mp4,0,3
2659,y_23ZW80OBD9g_clip_13.mp4,2,3
2667,b_1XJ411G77m_clip_011.mp4,3,1
2674,y_dPbipg5_kqM_clip_13.mp4,2,1
2686,b_1vt411E74g_clip_011.mp4,1,2
2695,b_184411F7DJ_clip_012.mp4,1,2
2699,b_11E411n7y2_clip_054.mp4,0,2
2700,b_1qK4y1t79B_clip_001.mp4,2,3
2701,b_1Fk4y1z7d6_clip_022.mp4,1,3
2707,b_1GW411p7LU_part2_clip_013.mp4,2,3
2708,b_1hE411p7Th_clip_099.mp4,1,3
2715,b_12a4y1i7Nk_clip_015.mp4,0,3
2735,b_1Ex411s7tN_clip_020.mp4,2,1
2741,b_1rk4y1k7F9_clip_014.mp4,0,1
2744,b_1RA411q7vt_clip_026.mp4,2,0
2749,b_1dA411471P_clip_021.mp4,2,1
2750,b_1Gx411G7fz_part1_clip_006.mp4,0,2
2757,b_1s7411J7yN_clip_112.mp4,1,3
2762,b_1ut4y117xD_clip_020.mp4,2,3
2772,b_1et411v7TQ_clip_034.mp4,2,3
2777,b_14t41177Xw_clip_006.mp4,3,0
2779,b_19E411b7WH_clip_042.mp4,0,3
2783,b_154411v7Jh_clip_008.mp4,1,2
2790,b_1rt411q7vk_clip_031.mp4,1,0
2797,b_1VZ4y1j7C2_clip_045.mp4,2,0
2799,b_1x4411c7p3_clip_005.mp4,2,0
2807,b_1Bk4y1R7MR_clip_003.mp4,0,1
2819,b_1wt411u7QM_clip_018.mp4,2,0
2825,b_1R7411u769_clip_079.mp4,1,2
2832,b_1c54y1R7Tb_clip_019.mp4,2,3
2833,c_sunp1651_15.mp4,0,1
2835,b_1ix411Z7U6_clip_025.mp4,2,1
2842,b_1j54y1X7cr_clip_043.mp4,2,3
2845,y_eGJg0u9pD_s_clip_4.mp4,1,2
2848,b_12t411o7c5_clip_011.mp4,0,3
2859,b_1Sx41197oS_clip_035.mp4,1,3
2861,b_1qK4y1r7G5_clip_004.mp4,2,1
2877,b_1TW411e7yg_part1_clip_014.mp4,1,3
2895,b_1a4411B7sb_clip_006.mp4,2,1
2896,b_1a7411L7PC_clip_014.mp4,3,2
2899,b_1yE411f7j5_clip_020.mp4,2,0
2909,b_11t411D7rC_clip_001.mp4,1,2
2910,c_movi7928_15.mp4,3,0
2923,b_1J7411377C_clip_018.mp4,2,0
2929,b_1j7411h7kb_clip_002.mp4,0,2
2931,b_1LA411t7mT_clip_007.mp4,2,1
2936,b_1B4411M7a6_clip_021.mp4,0,2
2940,b_12t411R75D_clip_038.mp4,3,1
2941,b_1Sp4y1C7DJ_clip_013.mp4,0,3
2945,b_16W411i7GR_part1_clip_011.mp4,3,2
2946,y_gTUcziYS1lk_clip_26.mp4,3,1
2948,b_1DT4y137h7_clip_010.mp4,0,3
2955,b_1Sx411r7DS_clip_003.mp4,2,1
2956,b_13E411B76K_clip_004.mp4,2,3
2957,b_1qK4y1t79B_clip_002.mp4,1,0
2961,b_1h7411v7mp_clip_048.mp4,2,1
2963,y_eSWXU3rZcK8_clip_6.mp4,0,1
2964,b_1J7411377C_clip_006.mp4,2,3
2974,b_1iT4y1u721_clip_021.mp4,3,2
2975,b_1UZ4y1x7w2_clip_016.mp4,2,0
2979,b_1D7411n76Y_clip_017.mp4,1,3
2981,b_1hx411k7JU_clip_004.mp4,1,2
2983,b_1V441187rn_clip_018.mp4,1,0
2987,b_16W411t7ht_part1_clip_006.mp4,1,3
2990,b_13t411F7iD_clip_018.mp4,2,0
2992,c_sunp1650_8.mp4,1,3
2999,b_1F7411Z74z_clip_025.mp4,2,1
3001,b_1Et411b7Jm_clip_053.mp4,2,3
3004,b_1Cb411b7ix_clip_026.mp4,1,2
3006,b_1xz4y197zH_clip_018.mp4,1,3
3014,b_1ek4y19747_clip_051.mp4,3,2
3017,y_IFconGvJ86o_clip_2.mp4,2,1
3024,b_1DT4y137h7_clip_054.mp4,1,3
3026,b_1gT4y1V7xS_clip_017.mp4,3,2
3030,b_1Vs411c765_clip_010.mp4,3,0
3031,b_1DT4y137h7_clip_024.mp4,1,0
3036,b_1bJ411x7an_clip_002.mp4,2,0
3046,b_14E411D7YA_clip_027.mp4,1,0
3050,b_1B4411j7Wo_clip_005.mp4,3,0
3053,b_1Kz411b7vS_clip_004.mp4,1,3
3054,b_1Ht411X7Qn_clip_007.mp4,0,1
3063,b_1U7411u7uy_clip_032.mp4,0,3
3071,y_xjhHM0ilzZ8_clip_18.mp4,3,2
3074,b_1bJ411J78u_clip_003.mp4,1,0
3077,b_1j7411h7kb_clip_016.mp4,3,1
3088,y_n8S0it3v0pg_clip_14.mp4,3,0
3098,b_1xa4y1t7dP_clip_001.mp4,0,1
3099,y_w8oNl1D20Hs_clip_7.mp4,0,1
3101,c_sunp1691_15.mp4,1,2
3106,b_1sa4y1e7PF_clip_017.mp4,1,2
3107,y_4NLhC5nvRYk_clip_3.mp4,2,3
3110,b_1kJ411e7qf_clip_025.mp4,2,3
3120,b_1yV411d7fP_clip_007.mp4,1,3
3135,b_1B4411D7Ak_clip_005.mp4,1,3
3136,b_1bt411z7Ps_clip_002.mp4,0,3
3137,b_1ds411H7Zq_clip_011.mp4,3,0
3144,b_13t411k7ib_clip_033.mp4,0,2
3145,y_cLIurgN2TWM_clip_11.mp4,1,3
3147,b_1C441157dQ_clip_010.mp4,2,0
3150,b_17x411D7y6_part1_clip_004.mp4,2,3
3156,b_1TW411e7yg_part1_clip_016.mp4,2,0
3157,b_1hx411r7Hs_clip_006.mp4,1,0
3161,b_1rJ411j7mc_clip_027.mp4,0,2
3168,b_1Ez411q7MR_clip_014.mp4,3,0
3169,b_1YJ411x78w_clip_013.mp4,0,2
3174,b_1Ux411D7av_clip_011.mp4,3,0
3175,b_1yt411k7va_clip_005.mp4,2,0
3176,b_1zt411G7Sx_clip_023.mp4,1,2
3177,b_1Gk4y1r7HT_clip_004.mp4,3,1
3180,b_1Sx41197oS_clip_025.mp4,1,0
3193,b_1xz4y197zH_clip_010.mp4,1,0
3210,b_1EE411d7hM_clip_014.mp4,1,0
3216,b_12x411D72J_part2_clip_002.mp4,3,2
3227,b_12a4y1i7Nk_clip_042.mp4,0,3
3242,b_1BJ411u7Sn_clip_032.mp4,1,0
3243,b_1Jv41167zm_clip_021.mp4,1,2
3259,y_grI4X4CiD8o_clip_18.mp4,3,0
3267,b_1SJ411S7Hb_clip_013.mp4,2,3
3270,b_1Yt411Y7VQ_clip_012.mp4,2,3
3280,b_17J411a7tz_clip_033.mp4,0,1
3283,b_11t411D7rC_clip_014.mp4,1,2
3284,b_1Vs411c765_clip_012.mp4,2,1
3287,b_1XJ411G77m_clip_011.mp4,0,3
3295,b_1cJ411X74E_clip_011.mp4,2,0
3303,b_1Gt411y7Xe_clip_004.mp4,3,0
3304,b_13t411Z7s6_clip_018.mp4,0,1
3307,b_1yE41187A9_clip_027.mp4,0,3
3316,c_sunp1648_1.mp4,3,0
3317,b_1DE411P71Y_clip_016.mp4,1,3
3321,b_17J411a7tz_clip_013.mp4,3,2
3328,c_sunp1671_4.mp4,1,0
3330,b_1nb411m7ro_clip_045.mp4,2,0
3334,b_1Qx411G7Qa_clip_012.mp4,3,0
3351,b_1dt411N7Vb_clip_024.mp4,3,1
3358,b_1F7411Z74z_clip_052.mp4,3,1
3359,b_1z741177kN_clip_063.mp4,2,3
3364,b_1PE411X762_clip_015.mp4,0,2
3371,b_1Cx411q7pz_part1_clip_012.mp4,0,1
3377,y_f2e6E-RQOCI_clip_8.mp4,1,3
3394,b_1hE411p7Th_clip_010.mp4,1,3
3399,y_tP19WuyY3IY_clip_22.mp4,0,1
3415,y_r5LeXZiuplQ_clip_15.mp4,0,1
3419,b_1nW41187Ch_part1_clip_018.mp4,1,0
3420,b_1hE411p7Th_clip_086.mp4,2,1
3425,b_1Yt411Y7VQ_clip_027.mp4,0,3
3435,b_1Ht41137f7_clip_018.mp4,0,1
3439,b_1CW411h7oK_part1_clip_010.mp4,3,0
3453,c_movi7916_10.mp4,1,3
3456,b_1mt411e7s2_clip_020.mp4,1,0
3464,b_1XW411h7eW_clip_004.mp4,2,1
3467,b_1KJ411T7Jo_clip_019.mp4,2,0
3470,b_1LA411t7mT_clip_007.mp4,3,1
3473,b_1Yx411r7as_clip_012.mp4,0,2
3481,b_14K41177wQ_clip_003.mp4,2,3
3502,b_1Q5411s7Lb_clip_017.mp4,3,2
3504,b_157411V7Rt_clip_057.mp4,2,0
3507,b_1yt411k7va_clip_037.mp4,0,3
3509,b_1rt411q7vk_clip_003.mp4,1,3
3512,b_1kJ411B7Xc_clip_002.mp4,3,2
3518,b_1aZ4y1s7BV_clip_014.mp4,0,3
3520,b_1n4411K7Np_clip_030.mp4,0,1
3531,b_12s411N7wZ_clip_011.mp4,1,2
3543,b_1z4411b7KS_clip_011.mp4,0,2
3548,c_movi7952_17.mp4,0,3
3549,b_1z741177kN_clip_083.mp4,3,2
3552,b_187411V7WG_clip_102.mp4,0,2
3554,b_1YK4y1k7SF_clip_024.mp4,0,1
3558,b_1sx411f7Ck_clip_019.mp4,2,1
3561,b_1Na4y1i7jC_clip_018.mp4,1,3
3564,b_1G7411G7yS_clip_095.mp4,1,2
3570,b_1Px411b7of_part1_clip_002.mp4,1,2
3574,b_1hx411r7Hs_clip_003.mp4,1,0
3591,b_16Q4y1M7Gp_clip_020.mp4,0,1
3596,b_12J41147hT_clip_054.mp4,3,2
3601,b_1j54y1X7cr_clip_042.mp4,0,1
3607,b_18a4y14785_clip_009.mp4,2,3
3610,y_bShdVgAByxs_clip_1.mp4,2,3
3611,b_157411V7Rt_clip_063.mp4,2,0
3634,b_1E741117ZY_clip_002.mp4,2,3
3639,b_16b411C7Y7_clip_021.mp4,1,0
3640,b_1n741157ss_clip_096.mp4,2,0
3643,b_17J411a7tz_clip_022.mp4,3,2
3646,b_1yE411j7Vo_clip_009.mp4,1,0
3650,b_1kx411f751_clip_034.mp4,1,2
3656,b_1Px411g7pT_part1_clip_008.mp4,1,3
3660,b_174411Z7eo_clip_017.mp4,2,1
3661,b_1764y1M7zr_clip_031.mp4,3,0
3666,b_1X7411m71Z_clip_020.mp4,3,1
3667,b_1PE411X762_clip_028.mp4,2,1
3668,y_tjXukxZzsg8_clip_21.mp4,0,2
3670,b_1Ei4y1t7VC_clip_003.mp4,2,0
3671,b_1Nx411x7Qw_part1_clip_003.mp4,3,0
3675,b_13t411K7i7_clip_015.mp4,0,1
3678,y_D3e9OhvRSDo_clip_10.mp4,3,1
3680,b_1ek4y19747_clip_016.mp4,0,1
3684,b_1KJ411T7Jo_clip_005.mp4,1,2
3694,b_1gt411G7gi_clip_039.mp4,2,0
3702,b_1SZ4y1p75f_clip_002.mp4,3,0
3704,b_1EJ411i7jU_clip_006.mp4,0,1
3711,b_1EE411d7hM_clip_001.mp4,0,3
3715,b_1Ez411q7MR_clip_045.mp4,1,2
3717,b_1KK41157yS_clip_040.mp4,0,1
3721,b_16s41167pP_clip_008.mp4,1,0
3727,b_16Q4y1M7Gp_clip_017.mp4,0,3
3731,b_1DE411i7bK_clip_007.mp4,0,3
3734,b_1a7411L7PC_clip_015.mp4,2,1
3740,b_1B4411d7Pv_clip_018.mp4,0,3
3746,b_12J41147hT_clip_046.mp4,1,2
3757,c_movi7941_5.mp4,0,2
3785,b_1G7411G7yS_clip_047.mp4,3,0
3805,b_1ya4y1e7Tn_clip_032.mp4,0,1
3807,y_bCLiL-kCwho_clip_14.mp4,2,3
3810,b_1a7411L7PC_clip_018.mp4,1,3
3814,b_1uK411L7sS_clip_001.mp4,0,1
3819,b_1AW411H7j9_part2_clip_030.mp4,0,2
3826,b_1Jx411f7Vv_clip_021.mp4,1,2
3830,b_1LW411v7Tv_part1_clip_009.mp4,1,2
3843,b_1Va4y147PH_clip_006.mp4,0,3
3849,b_1uE411s7Cf_clip_003.mp4,1,2
3862,b_1c54y1R7Tb_clip_027.mp4,3,0
3864,b_1Px411g7pT_part1_clip_003.mp4,1,3
3866,b_1XJ411m7H5_clip_021.mp4,3,1
3868,b_16b411P7Uu_clip_043.mp4,1,2
3872,b_1a4411o7DJ_clip_034.mp4,0,1
3873,b_1H7411C7jf_clip_019.mp4,1,0
3882,b_1Qx411C7FR_part1_clip_004.mp4,0,1
3887,b_1wx411o7oW_clip_014.mp4,0,3
3900,b_12a4y1i7Nk_clip_020.mp4,0,2
3905,b_1wx41117fG_clip_001.mp4,2,3
3912,b_1nt411E76Z_clip_001.mp4,3,1
3916,b_18W411J75e_clip_022.mp4,3,2
3918,b_1ix411Z7U6_clip_038.mp4,0,2
3926,b_1Tt411E7T8_clip_016.mp4,2,0
3930,b_1vs411w7a9_clip_012.mp4,0,3
3934,y_tP19WuyY3IY_clip_17.mp4,3,2
3936,b_1R7411u769_clip_024.mp4,3,2
3938,b_1DT4y137h7_clip_048.mp4,1,0
3943,y_7lxAIWxwIKs_clip_3.mp4,3,1
3944,b_1Bt411g7mi_clip_020.mp4,2,1
3947,b_1U4411V7fj_clip_007.mp4,0,2
3949,b_1MW411J7Br_clip_005.mp4,3,2
3951,b_1j741157BM_clip_045.mp4,2,3
3956,b_1dJ411F7W2_clip_020.mp4,2,3
3957,b_184411c7bt_clip_001.mp4,2,3
3967,b_1b7411y7Kg_clip_002.mp4,3,2
3968,b_1j54y1X7cr_clip_031.mp4,2,0
3971,b_1J7411377C_clip_098.mp4,1,2
3972,b_15b411V7pZ_clip_029.mp4,3,1
3975,b_1et411q7Pj_clip_032.mp4,2,3
3981,b_1S54y1R7o3_clip_009.mp4,1,3
3983,b_14x411z7Qu_part2_clip_006.mp4,0,3
3986,b_147411W7AT_clip_034.mp4,0,1
3988,b_1QJ411M7wR_clip_031.mp4,0,1
4006,b_18t41147ht_clip_006.mp4,2,1
4010,y_t86Q2WNsmCE_clip_10.mp4,1,0
4021,b_13t411Z7s6_clip_005.mp4,0,2
4022,b_1F4411d7Um_clip_006.mp4,2,1
4023,b_1Et411b7Jm_clip_053.mp4,0,3
4040,b_1zs411t7nk_part1_clip_003.mp4,1,2
4048,b_1Yt411T7w2_clip_026.mp4,1,2
4063,b_1SE411g7EW_clip_016.mp4,3,1
4068,b_1zs411t7AF_part2_clip_014.mp4,3,0
4070,y_rKFyUXXfLkY_clip_5.mp4,2,1
4071,b_17W411B7wM_clip_008.mp4,2,1
4072,b_1Yk4y1R7hE_clip_027.mp4,0,1
4095,b_1BQ4y1M7Lx_clip_006.mp4,1,2
4102,b_17E41127dn_clip_019.mp4,0,1
4107,b_1j7411h7kb_clip_016.mp4,3,0
4108,b_194411u7wN_clip_011.mp4,0,2
4111,b_1Cb411b7BW_clip_057.mp4,0,3
4119,b_1tT4y157Mo_clip_041.mp4,3,1
4120,j_3608.mp4,2,1
4126,b_1Bb411A74A_clip_013.mp4,0,1
4131,b_1wT4y1V7iy_clip_013.mp4,1,3
4133,b_1G7411G7yS_clip_057.mp4,1,2
4137,b_1LA411t7mT_clip_007.mp4,2,3
4141,b_134411N7af_clip_016.mp4,1,0
4158,b_1Ai4y1t7Rj_clip_030.mp4,3,0
4172,b_1KK41157yS_clip_001.mp4,3,1
4176,b_1Tx411V7HU_part2_clip_005.mp4,1,0
4182,b_1Ex411r7RL_part2_clip_004.mp4,0,1
4183,y_-M6K6QKYfg0_clip_11.mp4,0,3
4188,b_157411V7Rt_clip_026.mp4,3,2
4191,b_1Qx411C7FR_part1_clip_002.mp4,1,0
4199,b_18a4y14785_clip_009.mp4,0,1
4205,b_1gE411L7oE_clip_024.mp4,3,0
4210,b_1gE411L7oE_clip_024.mp4,3,2
4222,b_1B4411j7Wo_clip_021.mp4,3,0
4226,b_1Jt411v7ZN_clip_008.mp4,2,3
4232,b_1c54y1R7Tb_clip_046.mp4,3,0
4236,b_12a4y1i7Nk_clip_037.mp4,2,3
4249,b_1tJ411Q7Yq_clip_013.mp4,0,1
4252,y_uNZiDOiorz4_clip_12.mp4,1,0
4261,b_11x411i7ms_part2_clip_006.mp4,0,1
4266,b_1xa4y1t7dP_clip_002.mp4,3,0
4277,b_1d64y1M71U_clip_033.mp4,1,3
4279,b_1xp4y1Q7WJ_clip_004.mp4,2,0
4281,b_1Tx411V7HU_part1_clip_006.mp4,3,2
4282,b_194411y72B_clip_017.mp4,3,1
4297,b_13s411V72j_part2_clip_008.mp4,1,0
4303,y_A4NxVXfqt64_clip_12.mp4,2,1
4306,b_1b4411R7AX_clip_056.mp4,1,0
4309,b_18t411w7Q8_clip_001.mp4,1,0
4310,b_1Yk4y1R7hE_clip_008.mp4,0,3
4312,b_1ux411r7SG_part1_clip_010.mp4,0,2
4319,b_1k4411T7Nf_clip_004.mp4,0,2
4323,b_114411z7Z1_clip_015.mp4,0,3
4324,b_1BJ411N7hE_clip_009.mp4,0,2
4325,c_sunp1715_2.mp4,2,0
4327,b_1SE411g7EW_clip_041.mp4,0,3
4328,b_1J7411377C_clip_120.mp4,1,0
4334,b_1N4411J7oN_clip_019.mp4,1,2
4336,b_1DE411P71Y_clip_042.mp4,0,1
4343,b_1H441157JJ_clip_022.mp4,2,3
4348,b_1a7411L7PC_clip_094.mp4,1,0
4357,b_1YE411R7Rk_clip_002.mp4,3,0
4358,b_1hE411J77d_clip_002.mp4,0,3
4361,b_1At4y1U7Xt_clip_035.mp4,3,2
4365,b_1hJ411R79J_clip_006.mp4,0,1
4372,b_1xa4y1t7dP_clip_017.mp4,3,0
4376,b_16s41167pP_clip_008.mp4,3,0
4381,b_1z741177kN_clip_086.mp4,2,0
4383,b_1wt411h72Q_clip_001.mp4,2,3
4385,y_0gdy9L5whEs_clip_24.mp4,1,2
4399,y_iCmT5PXwy08_clip_1.mp4,0,3
4403,b_194411C7mL_clip_022.mp4,2,1
4407,b_1YJ411x78w_clip_015.mp4,3,0
4415,b_1Sp4y1C7DJ_clip_004.mp4,0,1
4424,c_movi7940_30.mp4,3,1
4429,b_17W411B7wM_clip_007.mp4,0,1
4439,b_16J411t7DB_clip_014.mp4,1,3
4440,b_154411H7Nb_clip_010.mp4,0,2
4445,b_134411N7af_clip_005.mp4,3,2
4448,b_1xQ4y1T7cR_clip_001.mp4,0,1
4467,b_1J7411377C_clip_091.mp4,3,1
4477,y_yJ9T1NnlTY8_clip_2.mp4,1,2
4482,b_1Xt411s7y5_clip_017.mp4,2,1
4487,b_1j741157BM_clip_035.mp4,2,1
4489,b_1St411N77p_clip_032.mp4,1,3
4509,b_1jJ411V7xT_clip_001.mp4,3,1
4520,b_1yE41187A9_clip_009.mp4,2,3
4526,b_1a4411o7DJ_clip_013.mp4,2,1
4534,b_1Lx41117sr_part2_clip_008.mp4,2,0
4535,b_1j7411h7kb_clip_046.mp4,1,2
4539,y_ghHBwCu5hiU_clip_3.mp4,2,1
4540,y_0c_HeeoJ05E_clip_5.mp4,1,0
4552,b_1X7411i7Ph_clip_012.mp4,1,3
4553,y_PT6KvPI6UNU_clip_5.mp4,3,0
4554,b_1TW411e7yg_part1_clip_002.mp4,2,3
4557,b_144411Q75M_clip_025.mp4,0,3
4584,c_movi7923_12.mp4,2,3
4586,b_1UW41187q3_part1_clip_002.mp4,0,2
4587,b_1tT4y157Mo_clip_056.mp4,0,1
4592,b_1s7411J7yN_clip_106.mp4,2,1
4599,y_h-IRCOaRMpQ_clip_6.mp4,3,0
4602,b_1mt411p7xH_clip_002.mp4,3,0
4609,c_movi7916_27.mp4,3,2
4613,y_A4NxVXfqt64_clip_14.mp4,3,2
4614,b_15x41147fc_part1_clip_003.mp4,3,2
4618,b_1Yk4y1R7hE_clip_009.mp4,2,1
4620,b_1bs41137JZ_clip_004.mp4,3,1
4621,b_1p4411U7m1_clip_024.mp4,2,1
4624,b_1d64y1M71U_clip_025.mp4,3,1
4629,b_1AW411d7h4_clip_006.mp4,2,1
4642,b_1Bf4y1U7Ft_clip_019.mp4,2,1
4644,b_18t41147ht_clip_005.mp4,3,2
4659,b_1VZ4y1j7C2_clip_042.mp4,0,3
4669,b_11x411i7ms_part1_clip_002.mp4,3,0
4672,b_1jJ41137F7_clip_022.mp4,3,2
4681,b_1ix411Z7U6_clip_004.mp4,2,3
4683,y_-Y1hqEi5_7M_clip_5.mp4,2,3
4688,b_1c54y1R7Tb_clip_039.mp4,3,0
4697,b_15x411f7Tk_clip_030.mp4,3,0
4706,b_1DE411P71Y_clip_039.mp4,0,3
4718,b_1z741177kN_clip_008.mp4,0,1
4721,b_1xa4y1t7dP_clip_001.mp4,3,1
4722,b_1U4411V7fj_clip_004.mp4,3,0
4724,b_1Vx411x7PP_part1_clip_002.mp4,2,1
4731,b_1B4411M7a6_clip_028.mp4,2,3
4738,b_18t41147ht_clip_002.mp4,1,2
4741,b_1bt41197FJ_clip_014.mp4,3,1
4748,c_movi7926_28.mp4,3,0
4750,b_14s411r7mP_part1_clip_006.mp4,0,1
4753,b_1cx411V7vf_part1_clip_004.mp4,3,1
4754,b_1hW411e7WB_clip_006.mp4,1,0
4771,y_W6oBvuX5O98_clip_24.mp4,3,0
4773,y_Gdm0JP8Egyc_clip_3.mp4,1,0
4775,b_1bE411s7kk_clip_002.mp4,1,2
4784,b_1yE41187A9_clip_008.mp4,0,2
4785,b_17b411H7b9_clip_003.mp4,3,1
4793,b_1S7411P7yB_clip_038.mp4,3,0
4804,b_1tt41157jk_clip_007.mp4,2,3
4810,b_1b4411B7zM_clip_015.mp4,2,1
4811,b_18441187uH_clip_006.mp4,0,2
4817,b_1Rt411n7CX_clip_001.mp4,1,0
4819,b_1ya4y1e7Tn_clip_045.mp4,2,0
4844,b_1bQ4y1A7FW_clip_006.mp4,3,1
4846,b_1z741177kN_clip_042.mp4,1,2
4848,b_1Fk4y1z7d6_clip_027.mp4,1,0
4856,b_1Bf4y1U7Ft_clip_029.mp4,1,0
4867,b_1rt411q7vk_clip_038.mp4,2,0
4877,b_1xz411z7b5_clip_046.mp4,1,3
4887,b_1n741157ss_clip_055.mp4,1,0
4890,b_1hE411J77d_clip_022.mp4,1,3
4914,b_1Nk4y1k7nk_clip_035.mp4,0,3
4916,b_1z741177kN_clip_063.mp4,3,2
4922,b_1hJ41127mG_clip_015.mp4,0,1
4930,b_18C4y147hP_clip_004.mp4,1,2
4933,b_1h441147Vc_clip_030.mp4,3,1
4944,b_14s411r7Qj_clip_011.mp4,2,0
4946,b_184411c7bt_clip_004.mp4,3,0
4948,b_13t411F7iD_clip_004.mp4,1,0
4954,j_2971.mp4,3,0
4967,b_1Ab411k7qb_clip_001.mp4,1,0
4973,b_1B4411j7Wo_clip_033.mp4,2,1
4974,b_1Z64y1u7vw_clip_004.mp4,2,0
4978,b_1rk4y1k7F9_clip_026.mp4,0,1
4982,b_1et411g7t5_clip_035.mp4,3,1
4999,b_1b4411B7zM_clip_015.mp4,1,0
5005,b_1m7411P7Fe_clip_006.mp4,2,3
5007,b_1j741157BM_clip_126.mp4,2,3
5008,b_1nJ411W7Ar_clip_001.mp4,2,1
5009,b_1CW411h7oK_part2_clip_010.mp4,3,1
5011,b_1MK411j7XB_clip_003.mp4,2,0
5014,b_157411V7Rt_clip_011.mp4,1,3
5018,b_12J41147hT_clip_005.mp4,0,3
5023,b_1z741177kN_clip_002.mp4,0,1
5025,b_1a4411o7DJ_clip_005.mp4,2,0
5038,b_1BQ4y1M7Lx_clip_002.mp4,1,2
5059,b_1Mt41177QG_clip_025.mp4,3,2
5062,b_1TW411Y7kk_clip_004.mp4,0,1
5066,b_1h5411t7Z5_clip_029.mp4,1,3
5069,b_1ix411Z7U6_clip_038.mp4,1,0
5070,b_1qK4y1r7G5_clip_007.mp4,2,0
5073,b_1Ht411X7Qn_clip_016.mp4,3,1
5079,b_1Wk4y167ox_clip_040.mp4,3,0
5080,y_23ZW80OBD9g_clip_11.mp4,1,3
5096,y_ljEdPecAbwA_clip_12.mp4,3,0
5103,b_1Ez411q7MR_clip_001.mp4,3,2
5105,b_19441187Lt_clip_004.mp4,3,1
5115,b_1wx411D7Na_part1_clip_018.mp4,0,3
5127,b_1fW411t7Hw_clip_022.mp4,2,0
5134,b_15x411d7uX_clip_006.mp4,0,2
5136,b_19J411z7or_clip_011.mp4,2,1
5143,b_1Gb411G7XZ_clip_009.mp4,3,2
5144,b_1JE41147LF_clip_083.mp4,3,0
5148,c_movi7922_31.mp4,2,3
5153,b_12a4y1i7Nk_clip_007.mp4,3,0
5158,b_1yg4y187PF_clip_025.mp4,2,3
5159,b_1wx411D7Na_part1_clip_014.mp4,0,2
5174,b_157411V7Rt_clip_020.mp4,3,2
5183,b_14s411r7Qj_clip_015.mp4,2,3
5187,b_184411N734_clip_015.mp4,1,3
5188,b_1Q4411o76G_clip_024.mp4,2,0
5194,b_1xz4y197zH_clip_020.mp4,1,0
5196,b_1KE411J715_clip_005.mp4,0,1
5198,y_lnPHcf_W7x4_clip_13.mp4,3,2
5203,b_1Ft411Q7Em_clip_058.mp4,2,1
5213,b_1et411q7Pj_clip_044.mp4,3,1
5231,b_13t411Z7s6_clip_018.mp4,1,0
5241,b_1et411v7TQ_clip_003.mp4,0,2
5243,b_1xa4y1t7dP_clip_002.mp4,2,0
5252,b_1Ei4y1t7VC_clip_007.mp4,2,3
5257,b_1Qa4y1i7Rn_clip_016.mp4,2,3
5258,b_1JW411b7Vn_part1_clip_005.mp4,0,3
5263,b_1J7411377C_clip_026.mp4,0,1
5272,b_11t411D7rC_clip_001.mp4,0,3
5275,b_1yJ411k7Yo_clip_018.mp4,3,2
5277,b_1Q5411s7Lb_clip_031.mp4,0,3
5279,b_1R7411u769_clip_031.mp4,3,0
5289,b_1Yt411Y7VQ_clip_009.mp4,1,3
5291,b_1KJ411T7Jo_clip_009.mp4,2,3
5300,b_1rE411f7Rf_clip_048.mp4,1,0
5301,b_1R7411u769_clip_094.mp4,0,1
5303,b_1bt411Q7qe_clip_026.mp4,1,0
5304,b_1cx41167NE_part1_clip_010.mp4,3,2
5310,b_1CW411h7oK_part2_clip_012.mp4,1,0
5311,b_1UK411L7wa_clip_005.mp4,0,2
5313,b_1Ws411F7MQ_clip_001.mp4,2,0
5317,y_DUX_IhauRlI_clip_2.mp4,2,1
5327,b_1k7411m7Fp_clip_010.mp4,3,1
5331,b_17x411k7Vz_part1_clip_004.mp4,0,1
5336,c_movi7925_30.mp4,3,1
5340,b_1Et411b7Jm_clip_043.mp4,0,1
5342,y_qLstTC3D5dI_clip_14.mp4,2,3
5351,b_1Ez411b7Y5_clip_029.mp4,0,2
5353,b_1Px411g7pT_part1_clip_008.mp4,2,3
5358,y_qLstTC3D5dI_clip_2.mp4,1,3
5365,b_1aZ4y1s7BV_clip_001.mp4,2,3
5368,b_1c54y1R7Tb_clip_036.mp4,2,1
5373,b_1ys411G77L_clip_011.mp4,3,0
5383,b_1y441137Qm_clip_004.mp4,2,0
5384,b_1Ws411F7MQ_clip_017.mp4,0,3
5389,b_1X7411i7Ph_clip_038.mp4,3,2
5390,b_1Ws411F7MQ_clip_012.mp4,1,0
5397,b_144411U7gM_clip_011.mp4,1,2
5401,b_13b411V7L9_clip_025.mp4,2,3
5415,b_1wt411u7QM_clip_018.mp4,0,3
5419,b_18x411D7vv_part2_clip_009.mp4,1,0
5422,b_1X7411m71Z_clip_008.mp4,1,0
5425,y_tjXukxZzsg8_clip_21.mp4,3,2
5441,b_1b4411q75A_clip_023.mp4,3,1
5443,b_1Dx41167Vx_part1_clip_001.mp4,0,2
5452,b_1j54y1X7cr_clip_011.mp4,1,0
5456,b_1G7411G7yS_clip_008.mp4,2,1
5460,b_1P4411S7BR_clip_019.mp4,2,1
5463,b_1Ax411k7uu_clip_002.mp4,0,3
5489,b_1wt411u7QM_clip_018.mp4,2,0
5492,b_1n741157ss_clip_059.mp4,1,2
5494,b_15x411f7Tk_clip_020.mp4,3,1
5497,b_1B4411d7Pv_clip_024.mp4,2,3
5501,b_1Gt411y7Xe_clip_013.mp4,1,3
5510,b_1vt411E74g_clip_011.mp4,1,0
5514,b_1X7411m71Z_clip_005.mp4,1,0
5516,b_19t411q7rr_clip_030.mp4,3,1
5520,b_1MJ411A7ND_clip_003.mp4,3,0
5527,b_1ya4y1e7Tn_clip_025.mp4,3,0
5528,b_1UZ4y1x7w2_clip_005.mp4,3,1
5531,b_1rt411q7vk_clip_027.mp4,1,0
5533,b_1s7411J7yN_clip_015.mp4,3,1
5534,b_19E411q721_clip_013.mp4,1,0
5536,b_1xz411z7b5_clip_043.mp4,0,1
5541,b_114411z7Z1_clip_006.mp4,2,3
5542,b_1h7411v7mp_clip_046.mp4,1,3
5545,b_1a7411L7PC_clip_133.mp4,3,0
5553,b_1Fk4y1z7d6_clip_022.mp4,0,2
5569,b_1X5411x75n_clip_023.mp4,2,3
5583,y_ftNChGZqDBQ_clip_8.mp4,3,1
5586,b_1i7411f7Jc_clip_054.mp4,3,1
5591,y_Gdm0JP8Egyc_clip_24.mp4,0,2
5593,b_1G7411G7yS_clip_034.mp4,2,3
5596,b_184411m7DP_clip_015.mp4,2,1
5601,y_UVtl1cSSC3M_clip_7.mp4,0,2
5610,b_1wx411D7Na_part1_clip_007.mp4,2,3
5627,b_1RE411H7di_clip_048.mp4,1,3
5630,y_rKFyUXXfLkY_clip_16.mp4,2,1
5634,b_16b411C7Y7_clip_001.mp4,1,0
5639,b_1DE411P71Y_clip_042.mp4,1,0
5646,b_1U7411u7uy_clip_036.mp4,3,1
5648,c_sunp1690_15.mp4,1,3
5650,b_1i741177YW_clip_025.mp4,3,0
5656,b_1XW411h7eW_clip_004.mp4,0,1
5659,b_1ix411R7tt_clip_040.mp4,3,2
5662,b_1L7411x7nm_clip_006.mp4,0,3
5665,b_184411c7bt_clip_011.mp4,0,1
5668,b_11x411z7ee_part1_clip_008.mp4,0,1
5669,b_1xz411z7b5_clip_038.mp4,2,0
5687,b_197411y7eX_clip_010.mp4,1,0
5688,b_1GE411B7aV_clip_015.mp4,1,2
5693,b_19W411Y7k2_part1_clip_006.mp4,2,3
5701,b_1Ft411E7zW_clip_008.mp4,0,3
5702,b_1jJ411V7xT_clip_017.mp4,2,1
5704,b_1kk4y1d7Xu_clip_002.mp4,1,3
5707,b_19b41127Fv_clip_012.mp4,0,2
5709,b_1Yt411T7w2_clip_013.mp4,0,2
5712,y_BoaWexJjHa8_clip_14.mp4,0,1
5715,b_1Gg4y1a7Ef_clip_038.mp4,2,1
5717,b_1bJ411J78u_clip_042.mp4,1,2
5728,b_1hE411p7Th_clip_109.mp4,1,3
5730,b_157411V7Rt_clip_020.mp4,3,0
5734,b_1Vs411g7A4_clip_010.mp4,1,2
5742,b_1q7411W7jb_clip_014.mp4,2,0
5752,b_1B4411j7Wo_clip_024.mp4,0,1
5782,b_1dt4y1C7f5_clip_001.mp4,3,0
5787,b_1Kz411b7vS_clip_016.mp4,2,3
5792,b_1nt411E76Z_clip_020.mp4,0,2
5794,c_movi7951_2.mp4,1,0
5799,b_1xz411z7b5_clip_021.mp4,1,3
5803,b_1i7411f7Jc_clip_044.mp4,1,2
5805,b_1rt411q7vk_clip_018.mp4,1,2
5807,b_1NE411w7WB_clip_023.mp4,0,3
5809,b_1z4411b7KS_clip_003.mp4,0,2
5828,b_12x411D72J_part1_clip_009.mp4,1,0
5835,b_1bt41197FJ_clip_016.mp4,3,1
5846,b_1Jt411q7Nh_clip_012.mp4,0,2
5850,y_grI4X4CiD8o_clip_26.mp4,0,3
5852,b_1Ws411F7MQ_clip_001.mp4,2,1
5858,b_1Cb411b7BW_clip_009.mp4,3,0
5864,b_1jW411x7tS_part2_clip_004.mp4,0,2
5867,b_1X5411x75n_clip_022.mp4,2,0
5878,b_1KT4y157KK_clip_039.mp4,2,1
5879,b_1wx411D7Na_part1_clip_014.mp4,0,3
5882,b_194411Z7Nh_clip_019.mp4,2,3
5897,b_1JE41147LF_clip_035.mp4,1,2
5914,b_1R7411p7qA_clip_015.mp4,1,3
5916,b_1XJ411m7H5_clip_009.mp4,1,0
5918,b_19W411Y7k2_part2_clip_007.mp4,1,3
5926,b_1dz4y1R7gY_clip_022.mp4,2,0
5927,b_16b411C7Y7_clip_022.mp4,0,1
5933,b_1kJ411B7Xc_clip_017.mp4,1,0
5934,b_1At411V7X9_clip_005.mp4,3,1
5936,b_1Ht411x7sF_clip_016.mp4,1,3
5937,y_CzrWKnJ95Q4_clip_5.mp4,1,2
5939,b_1At411V7X9_clip_016.mp4,2,0
5954,b_1Ht411P7eg_clip_013.mp4,2,1
5955,b_1MJ411y74s_clip_002.mp4,3,1
5958,b_1xW411a7GX_part1_clip_007.mp4,2,3
5959,b_1Va4y147PH_clip_016.mp4,2,3
5960,b_1at411y7Eo_clip_042.mp4,2,3
5970,b_17x411X7hm_clip_017.mp4,0,2
5989,b_14s411r72D_part1_clip_013.mp4,2,0
6000,b_1764y1M7zr_clip_032.mp4,1,0
6001,b_1U4411V7fj_clip_007.mp4,0,1
6002,b_1mt411p7xH_clip_019.mp4,3,1
6003,b_19t411B7A4_clip_005.mp4,0,1
6014,b_1yE41187A9_clip_016.mp4,2,0
6017,b_1at411y7Eo_clip_050.mp4,1,2
6019,b_1QJ411M7wR_clip_011.mp4,1,0
6020,b_1mt411e7s2_clip_031.mp4,3,1
6021,b_14b411y79D_clip_015.mp4,3,1
6022,b_1Yk4y1R7hE_clip_011.mp4,0,2
6026,b_1n4411K7Np_clip_025.mp4,0,2
6034,b_1F4411e7qF_clip_027.mp4,0,2
6039,b_1c54y1R7Tb_clip_019.mp4,2,3
6047,b_1mx411S7tx_clip_007.mp4,3,1
6048,b_1s5411x7CW_clip_011.mp4,3,1
6058,b_1bt411z7Ps_clip_030.mp4,2,1
6060,b_1k4411T7Nf_clip_025.mp4,3,2
6064,b_1Et411s72c_clip_047.mp4,1,2
6068,b_1hE411k7re_clip_002.mp4,0,2
6072,b_1ya4y1e7Tn_clip_047.mp4,0,1
6073,b_11E411n7y2_clip_024.mp4,2,3
6085,b_1j441137me_clip_010.mp4,0,3
6097,b_1Sx41197oS_clip_015.mp4,1,3
6102,b_1XW411B7eY_part1_clip_012.mp4,3,1
6105,b_1Ht41137f7_clip_005.mp4,1,0
6111,y_eSWXU3rZcK8_clip_6.mp4,1,3
6114,b_1Xt411s7y5_clip_011.mp4,2,1
6122,b_1EJ41117Tu_clip_002.mp4,3,2
6125,b_1zs411t7nk_part2_clip_015.mp4,2,3
6128,b_1Px411Q7hu_part1_clip_002.mp4,1,0
6131,b_1YE411R7Rk_clip_006.mp4,2,3
6135,b_1NJ411F7Y6_clip_012.mp4,1,2
6140,b_1f4411p7oB_clip_033.mp4,2,0
6141,b_1z4411b7KS_clip_024.mp4,2,3
6142,b_1px411S7Mr_part1_clip_007.mp4,2,1
6147,b_1k7411y72r_clip_052.mp4,2,0
6149,c_sunp1651_5.mp4,2,1
6157,b_1N4411J7oN_clip_013.mp4,3,1
6162,b_1a7411L7PC_clip_018.mp4,3,1
6167,b_184411c7bt_clip_005.mp4,3,1
6175,b_1aE411k771_clip_020.mp4,0,3
6181,b_1ct411w7UH_clip_012.mp4,2,3
6183,b_144411U7gM_clip_014.mp4,2,1
6186,b_1rJ411875j_clip_001.mp4,1,0
6188,y_0gdy9L5whEs_clip_24.mp4,1,2
6200,b_1a7411L7PC_clip_120.mp4,1,2
6212,b_1d4411H7st_clip_019.mp4,1,0
6215,b_1kJ411e7qf_clip_022.mp4,3,2
6218,b_1mx411B7Z1_part1_clip_003.mp4,0,2
6222,b_13t411K7i7_clip_015.mp4,3,1
6231,b_1zs411t7nk_part2_clip_007.mp4,1,3
6232,b_134411N7af_clip_017.mp4,2,0
6236,y_dPbipg5_kqM_clip_4.mp4,1,3
6239,b_1px411C7rE_clip_001.mp4,1,2
6240,c_movi7951_24.mp4,0,2
6246,y_Gdm0JP8Egyc_clip_24.mp4,3,2
6252,b_16Q4y1M7Gp_clip_022.mp4,0,2
6254,b_1gJ411U7nb_clip_002.mp4,0,1
6257,b_1Mt41177QG_clip_008.mp4,3,1
6258,b_1Gb411G7XZ_clip_014.mp4,3,0
6268,b_1yV411d7fP_clip_013.mp4,2,0
6271,b_1Jx411f7Vv_clip_015.mp4,0,2
6272,b_1NJ411q7pd_clip_025.mp4,0,2
6273,b_1F7411Z74z_clip_080.mp4,0,3
6278,c_movi7929_26.mp4,1,3
6279,y_rKFyUXXfLkY_clip_12.mp4,2,1
6284,b_1r4411W7un_clip_014.mp4,0,1
6290,b_194411y72B_clip_035.mp4,0,2
6294,c_movi7931_19.mp4,2,1
6304,b_1n4411K7Np_clip_008.mp4,1,2
6306,b_1u4411p7uk_clip_089.mp4,2,0
6313,b_1ix411Z7U6_clip_025.mp4,1,3
6316,b_15z411z7Rs_clip_012.mp4,0,1
6326,b_1R7411u769_clip_039.mp4,2,1
6330,b_1k4411T7Nf_clip_025.mp4,1,2
6337,b_1pa4y1v7d7_clip_008.mp4,0,3
6340,b_1Px411g7pT_part1_clip_019.mp4,3,1
6350,b_1Qx411G7Qa_clip_014.mp4,3,0
6362,b_1JW411b7Vn_part1_clip_009.mp4,3,0
6363,b_1JE41147LF_clip_062.mp4,1,2
6366,b_14E411D7YA_clip_018.mp4,2,3
6370,b_1HT4y1g7E3_clip_008.mp4,0,3
6371,b_1AJ411579g_clip_020.mp4,0,2
6373,b_1Tt411E7T8_clip_016.mp4,2,0
6388,b_1Gt411p7rv_clip_019.mp4,0,3
6394,b_1Vs411g7A4_clip_018.mp4,0,2
6399,b_1DK411W72b_clip_001.mp4,3,1
6409,b_1Q5411s7Lb_clip_020.mp4,1,0
6412,b_1d4411K7t9_clip_050.mp4,0,1
6413,b_14K41177wQ_clip_011.mp4,3,1
6422,y_AC2R889a-LI_clip_11.mp4,1,2
6425,b_1jJ411V7xT_clip_042.mp4,0,1
6432,b_1X7411i7Ph_clip_045.mp4,2,3
6441,b_1j54y1X7cr_clip_022.mp4,2,3
6444,b_1ut4y117xD_clip_041.mp4,1,3
6453,b_15Z4y1471U_clip_011.mp4,0,2
6459,b_1Ei4y1t7VC_clip_031.mp4,1,3
6465,b_11E41127kV_clip_021.mp4,2,1
6466,b_12s411V71w_clip_008.mp4,3,1
6467,y_lnPHcf_W7x4_clip_16.mp4,2,1
6468,b_1at411b7Yw_clip_045.mp4,1,2
6469,b_16J411t7DB_clip_021.mp4,0,2
6470,b_1yt411k7va_clip_036.mp4,1,3
6473,b_1Et411J7jq_clip_029.mp4,3,0
6474,b_15Z4y1471U_clip_011.mp4,2,3
6477,b_184411F7DJ_clip_008.mp4,0,1
6478,b_1JE41147LF_clip_062.mp4,3,0
6479,b_1UK41157MY_clip_024.mp4,3,2
6505,b_1RJ411T7Hh_clip_038.mp4,1,0
6510,b_1i741177YW_clip_044.mp4,0,3
6512,b_1xz4y197zH_clip_004.mp4,3,1
6517,b_17x411D7y6_part1_clip_007.mp4,1,3
6564,b_11E411n7y2_clip_025.mp4,3,1
6573,b_1Dt41157CX_clip_030.mp4,1,3
6578,y_grI4X4CiD8o_clip_36.mp4,2,1
6597,y_8n805p23z1I_clip_3.mp4,2,3
6606,b_1d7411a7sR_clip_029.mp4,3,0
6607,b_1XE411Z7rX_clip_006.mp4,2,1
6645,b_1wZ4y1j729_clip_013.mp4,2,3
6646,b_1mW411979K_clip_015.mp4,1,2
6649,b_1DT4y137h7_clip_024.mp4,2,3
6651,b_147411W7AT_clip_039.mp4,2,0
6663,c_movi7928_18.mp4,1,2
6665,y_GBAW2vhPk60_clip_3.mp4,1,0
6671,b_1h441147Vc_clip_009.mp4,1,0
6675,b_1Ct41147rV_clip_027.mp4,2,1
6679,b_1p7411W74B_clip_025.mp4,2,3
6680,b_1Px411b7of_part1_clip_016.mp4,1,2
6691,b_1qJ411Y7Rf_clip_042.mp4,2,0
6708,y_GBAW2vhPk60_clip_3.mp4,1,2
6711,b_1Q4411o76G_clip_045.mp4,3,0
6713,b_1bE411v7CP_clip_003.mp4,3,2
6718,b_1ys411G77L_clip_010.mp4,0,1
6722,b_19E411q721_clip_003.mp4,2,1
6729,b_1U7411u7uy_clip_017.mp4,1,2
6742,b_194411y72B_clip_002.mp4,3,0
6752,b_1oE411d7zf_clip_011.mp4,1,0
6758,b_1bW411B7qV_part1_clip_002.mp4,1,3
6759,b_15x411f7Tk_clip_018.mp4,3,1
6762,b_1n441187Ew_clip_004.mp4,3,0
6769,b_1uK411L7sS_clip_011.mp4,1,2
6773,b_1Z4411H7pb_clip_012.mp4,1,0
6774,b_1ft411t7zd_clip_001.mp4,3,1
6776,b_134411N7af_clip_014.mp4,3,0
6779,b_1ys411G77L_clip_008.mp4,3,1
6783,b_1VZ4y1j7C2_clip_012.mp4,1,3
6784,b_1cJ411k7vv_clip_010.mp4,0,2
6785,c_movi7928_15.mp4,1,0
6789,b_16b411C7Y7_clip_016.mp4,2,3
6803,b_1Wk4y167ox_clip_026.mp4,1,2
6807,y_23ZW80OBD9g_clip_4.mp4,2,3
6809,b_124411F77k_clip_028.mp4,2,3
6814,y__ZPuALATxEo_clip_6.mp4,1,3
6822,b_1F4411e7qF_clip_032.mp4,0,3
6826,b_1KJ411T7Jo_clip_010.mp4,3,2
6827,b_1H5411s7ho_clip_014.mp4,2,3
6828,b_1R7411p7qA_clip_031.mp4,2,1
6832,b_1F5411t7i4_clip_023.mp4,1,0
6843,b_1d54y1R7sy_clip_057.mp4,1,2
6870,b_1Jt411v7ZN_clip_012.mp4,2,1
6882,b_1St411N77p_clip_022.mp4,2,3
6884,b_1P4411B7oe_clip_031.mp4,3,2
6886,b_1a7411L7PC_clip_065.mp4,3,1
6887,b_12a4y1i7Nk_clip_023.mp4,1,2
6890,b_1E4411k7A6_clip_033.mp4,1,0
6900,c_sunp1671_3.mp4,3,2
6902,b_1XJ411m7H5_clip_017.mp4,1,0
6914,b_1hx411o7vo_clip_025.mp4,3,0
6924,b_1J7411377C_clip_090.mp4,2,0
6925,y_LZe6ujj48bo_clip_10.mp4,2,1
6926,b_1bt411P7h4_clip_004.mp4,2,0
6932,b_1hJ411R79J_clip_021.mp4,1,2
6933,b_1LW411v7Tv_part1_clip_011.mp4,0,3
6940,b_14s411r7Qj_clip_007.mp4,1,3
6959,c_sunp1693_16.mp4,3,2
6961,b_1Va4y147PH_clip_020.mp4,0,1
6967,b_157411V7Rt_clip_011.mp4,0,2
6969,b_17b411H7b9_clip_019.mp4,0,1
6975,y_NliNOzuoeeg_clip_18.mp4,0,1
6979,b_1jW411H7pd_part2_clip_018.mp4,2,0
6988,y_V55gacAEnfI_clip_18.mp4,0,1
6991,b_187411V7WG_clip_099.mp4,1,0
6992,b_14b411y79D_clip_015.mp4,3,1
6999,b_1Yk4y1R7hE_clip_042.mp4,0,2
7003,b_1sA411h7A2_clip_022.mp4,1,2
7004,b_1YJ411x78w_clip_013.mp4,2,3
7014,b_1F7411x7Xw_clip_009.mp4,3,2
7016,b_1KW411W7Kb_clip_010.mp4,3,1
7026,b_1Gt411y7Xe_clip_023.mp4,3,2
7031,b_17E411W7bc_clip_031.mp4,1,3
7032,b_1Sx41197oS_clip_010.mp4,3,2
7036,b_134411N7af_clip_016.mp4,3,2
7038,c_movi7952_3.mp4,2,1
7047,b_1B4411d7Pv_clip_016.mp4,0,3
7049,b_15J411n7bA_clip_011.mp4,1,2
7051,b_1Cb411b7BW_clip_032.mp4,3,2
7054,b_1hE411p7Th_clip_089.mp4,3,2
7055,b_1Bs411T7QD_clip_009.mp4,3,2
7059,b_1gt411G7gi_clip_023.mp4,1,2
7068,b_16W411i7GR_part2_clip_002.mp4,2,3
7072,b_1at411b7Yw_clip_074.mp4,0,1
7082,b_1RJ411y7df_clip_001.mp4,1,3
7088,b_134411x7kc_clip_014.mp4,2,1
7095,b_19E411b7hY_clip_013.mp4,2,0
7097,b_16b411C7Y7_clip_019.mp4,2,0
7102,c_movi7924_12.mp4,1,2
7103,b_1wT4y1V7iy_clip_032.mp4,2,3
7105,b_1Gx411D7q3_clip_013.mp4,3,2
7107,b_1rt411q7vk_clip_018.mp4,2,0
7114,b_1F4411d7Um_clip_025.mp4,3,0
7115,b_11E41127kV_clip_026.mp4,1,3
7117,y_0gdy9L5whEs_clip_23.mp4,2,0
7131,b_1H5411s7ho_clip_004.mp4,1,2
7132,b_1764y1M7zr_clip_037.mp4,2,3
7138,b_19E411P7RL_clip_015.mp4,2,3
7157,b_12a4y1i7Nk_clip_015.mp4,0,3
7158,c_movi7926_33.mp4,2,0
7164,c_sunp1691_14.mp4,0,3
7171,b_1Yt411Y7VQ_clip_012.mp4,1,2
7173,b_1kt411174V_clip_007.mp4,3,0
7178,b_19x411q7pB_part2_clip_016.mp4,3,0
7179,b_1LA411t7mT_clip_005.mp4,3,2
7183,b_1j54y1X7cr_clip_045.mp4,2,1
7188,b_1wK41157Pp_clip_009.mp4,0,3
7195,b_1kk4y1d7Xu_clip_016.mp4,2,1
7203,b_1d4411P7ss_clip_014.mp4,3,1
7208,b_1n741157ss_clip_079.mp4,1,3
7213,b_1Q5411s7Lb_clip_044.mp4,2,3
7220,b_1X7411m71Z_clip_010.mp4,3,1
7226,b_14b411y79D_clip_004.mp4,1,2
7227,b_1b4411e7cX_clip_009.mp4,0,2
7233,b_1Ts411N7oe_clip_015.mp4,0,1
7247,b_1hW411e7WB_clip_006.mp4,0,2
7252,c_sunp1714_1.mp4,1,2
7257,c_sunp1650_7.mp4,2,1
7258,b_1Gx411D7q3_clip_009.mp4,3,2
7263,b_1TK411j7u2_clip_013.mp4,2,1
7270,b_1YE411R7Rk_clip_006.mp4,1,2
7271,b_1GJ411L7iJ_clip_026.mp4,0,1
7272,b_1GW411p7LU_part2_clip_017.mp4,3,2
7273,y_GBAW2vhPk60_clip_12.mp4,3,2
7279,b_1QJ411M7wR_clip_003.mp4,0,2
7280,b_1KJ411T7Jo_clip_019.mp4,0,2
7281,b_1bJ411x7an_clip_041.mp4,2,1
7284,b_1PA411h72w_clip_033.mp4,3,0
7285,b_1rE411A7HG_clip_033.mp4,1,0
7298,b_1VZ4y1j7C2_clip_012.mp4,3,2
7301,b_1Tx411D7hK_part1_clip_003.mp4,1,2
7304,b_1yV411d7fP_clip_010.mp4,2,1
7305,y_Gdm0JP8Egyc_clip_10.mp4,3,0
7310,b_1p7411W74B_clip_046.mp4,0,1
7313,b_1C441157dQ_clip_011.mp4,0,1
7314,b_13t41157Kn_clip_004.mp4,1,2
7319,b_12a4y1i7Nk_clip_040.mp4,3,1
7320,y_6_L5tcEvGUw_clip_14.mp4,2,3
7325,b_1Tx411z79U_part1_clip_001.mp4,3,1
7333,b_1YE411R7Rk_clip_002.mp4,3,0
7337,b_17x411D7y6_part1_clip_005.mp4,2,1
7343,b_1bt41197FJ_clip_025.mp4,0,1
7344,b_1Ft411E7zW_clip_014.mp4,3,0
7349,j_2941.mp4,1,0
7358,b_1PJ411v7n1_clip_011.mp4,2,1
7361,b_1DT4y137h7_clip_010.mp4,3,0
7365,b_1JE41147LF_clip_070.mp4,3,1
7366,b_1Us411c7xo_clip_007.mp4,2,3
7367,b_1Gt411p7rv_clip_024.mp4,2,0
7368,j_3677.mp4,3,0
7369,b_1Q5411s7Lb_clip_044.mp4,3,1
7375,b_1jT4y1G7K7_clip_039.mp4,0,3
7386,b_1wt411M7K4_clip_029.mp4,0,1
7389,b_1Jt411v7ZN_clip_012.mp4,0,2
7398,b_1X4411r71e_clip_024.mp4,0,1
7402,b_1b7411y7Kg_clip_002.mp4,2,0
7403,b_1TW411e7yg_part1_clip_011.mp4,3,2
7408,b_1j54y1X7cr_clip_045.mp4,3,1
7415,b_1Dx411Q7BP_clip_002.mp4,1,0
7423,b_11t411D7rC_clip_001.mp4,0,3
7450,b_1Z64y1u7vw_clip_014.mp4,1,3
7455,b_1LW411s7qq_clip_012.mp4,3,1
7467,b_1Gk4y1r7HT_clip_001.mp4,1,0
7471,b_1Ez411b7Y5_clip_029.mp4,0,1
7473,b_1YE411R7Rk_clip_003.mp4,0,3
7480,b_1uE411s7Cf_clip_059.mp4,3,2
7486,y_rKFyUXXfLkY_clip_6.mp4,3,1
7489,b_1ix411R7tt_clip_041.mp4,1,2
7493,b_1WJ411e72Y_clip_026.mp4,2,1
7500,b_1Gt411p7rv_clip_027.mp4,1,0
7505,y_4NLhC5nvRYk_clip_13.mp4,3,0
7517,b_1d4411K7t9_clip_040.mp4,1,2
7519,b_19W411Y7k2_part1_clip_010.mp4,0,1
7521,b_154411S7ue_clip_012.mp4,1,3
7524,b_1S7411P7yB_clip_040.mp4,2,3
7533,b_1U4411V7fj_clip_009.mp4,1,3
7535,c_sunp1692_11.mp4,1,0
7539,c_movi7924_21.mp4,2,1
7542,b_194411y72B_clip_002.mp4,0,2
7543,b_1R7411p7qA_clip_010.mp4,3,1
7546,b_1kx411f751_clip_035.mp4,1,2
7548,b_1JE41147LF_clip_021.mp4,1,3
7551,b_1RE411n7zq_clip_001.mp4,0,1
7564,b_14t41137kU_clip_006.mp4,3,0
7575,b_1PE411X762_clip_018.mp4,1,2
7577,b_1ek4y19747_clip_012.mp4,0,1
7581,b_1ek4y19747_clip_005.mp4,2,1
7586,b_1f4411S7Ty_clip_025.mp4,2,1
7623,b_1GT4y157PR_clip_008.mp4,0,3
7626,b_1mt411e7s2_clip_020.mp4,2,0
7628,b_1i741177YW_clip_015.mp4,3,2
7629,b_1kx411f751_clip_012.mp4,0,3
7638,b_1ix411Z7U6_clip_004.mp4,2,0
7640,b_1k7411m7Fp_clip_001.mp4,2,0
7641,b_1fx41167CQ_part2_clip_002.mp4,0,1
7645,b_1PJ411v7n1_clip_035.mp4,1,0
7649,b_13k4y167fM_clip_017.mp4,1,2
7652,b_1WE411j7JR_clip_002.mp4,0,1
7656,b_1hE411K7bz_clip_007.mp4,3,0
7658,b_1nt411E76Z_clip_005.mp4,0,3
7660,b_1Ex411s7tN_clip_020.mp4,2,1
7661,b_1Bb411A74A_clip_002.mp4,0,2
7663,y_4nhnMZLDfe0_clip_9.mp4,2,3
7669,b_16b411C7Y7_clip_031.mp4,1,3
7687,b_1sx41167tG_part2_clip_008.mp4,1,0
7688,b_1L7411R73G_clip_042.mp4,1,3
7689,b_194411u7wN_clip_001.mp4,0,2
7691,b_124411F77k_clip_028.mp4,2,3
7694,b_12a4y1i7Nk_clip_032.mp4,3,0
7696,b_13k4y167fM_clip_015.mp4,0,2
7697,b_1E4411k7A6_clip_033.mp4,2,1
7703,b_1a7411L7PC_clip_108.mp4,2,0
7710,b_15b411b7DL_clip_010.mp4,1,3
7711,b_1kJ411e7qf_clip_023.mp4,3,0
7715,b_1v441117X7_clip_018.mp4,2,0
7721,b_1GW411p7LU_part1_clip_014.mp4,3,1
7722,b_1Ht41137f7_clip_010.mp4,0,1
7724,b_1DK411W72b_clip_014.mp4,3,1
7728,b_1G7411G7yS_clip_021.mp4,2,0
7734,b_1s7411J7yN_clip_106.mp4,3,2
7742,b_1dE411d7D7_clip_012.mp4,3,1
7743,b_1F7411Z74z_clip_006.mp4,2,3
7745,j_3607.mp4,0,2
7746,b_1ft411t7zd_clip_010.mp4,1,3
7747,b_1Qt411K7JU_clip_015.mp4,1,2
7763,b_1z741177kN_clip_116.mp4,3,2
7765,b_124411F77k_clip_007.mp4,2,3
7775,b_1SJ41167QX_clip_026.mp4,0,2
7776,b_1aE411k771_clip_013.mp4,1,3
7786,b_1Fk4y1z7d6_clip_036.mp4,0,1
7809,b_1ox411B7yE_part2_clip_004.mp4,1,3
7815,b_1Ax411q7kH_part2_clip_001.mp4,2,3
7819,b_1Q4411o76G_clip_010.mp4,2,0
7833,b_1J7411377C_clip_028.mp4,1,0
7835,b_1PZ4y1477R_clip_035.mp4,0,2
7847,j_2954.mp4,0,2
7853,b_1yE41187A9_clip_001.mp4,2,1
7855,b_1bt411q7fm_clip_007.mp4,2,1
7860,b_1Nk4y1k7nk_clip_026.mp4,2,0
7868,b_12a4y1i7Nk_clip_030.mp4,2,3
7872,b_1n741157ss_clip_058.mp4,2,3
7873,b_1dz4y1R7gY_clip_029.mp4,0,2
7875,b_14z411q7qJ_clip_013.mp4,3,2
7881,b_1CJ411b7ru_clip_040.mp4,1,3
7884,b_1dE411d7D7_clip_025.mp4,0,3
7888,b_13t411g7Z3_clip_009.mp4,0,3
7893,b_1PJ411v7n1_clip_015.mp4,1,2
7898,b_19441127r4_clip_038.mp4,0,3
7900,b_1YE411R7Rk_clip_002.mp4,0,3
7916,y_Rp4IpAoz5kA_clip_9.mp4,3,0
7930,b_1Wk4y167ox_clip_010.mp4,1,3
7937,b_16A411b7pN_clip_022.mp4,2,1
7946,b_13t411K7i7_clip_008.mp4,2,3
7949,b_187411V7WG_clip_070.mp4,0,1
7960,b_1ex411G7zY_part1_clip_009.mp4,0,3
7973,y_uNZiDOiorz4_clip_17.mp4,1,0
7974,b_1d64y1M71U_clip_001.mp4,3,0
7988,b_1RJ411T7Hh_clip_032.mp4,1,3
7989,b_187411V7WG_clip_050.mp4,2,1
7991,b_1Rt411n7CX_clip_013.mp4,0,2
7993,b_1LW411v7Tv_part1_clip_015.mp4,3,1
7996,y_ts7lKdhojGY_clip_41.mp4,3,2
8002,y_GG3DUj4RTI4_clip_9.mp4,1,0
8007,b_1z4411b7KS_clip_008.mp4,2,1
8011,b_1DK411W72b_clip_009.mp4,1,3
8012,b_11E41127kV_clip_015.mp4,2,0
8017,b_1z741177kN_clip_120.mp4,0,3
8020,b_1Jt411Y7H9_clip_029.mp4,3,0
8021,b_1Q5411s7Lb_clip_020.mp4,2,0
8029,y_ljEdPecAbwA_clip_11.mp4,0,1
8030,b_1xz411z7b5_clip_026.mp4,0,3
8031,b_15x411f7Tk_clip_030.mp4,1,3
8033,b_1DE411P71Y_clip_033.mp4,0,3
8058,b_1B4411j7Wo_clip_040.mp4,0,3
8060,b_18t411w7Q8_clip_015.mp4,1,3
8062,b_11E41127kV_clip_020.mp4,3,1
8083,b_1f4411S7Ty_clip_028.mp4,0,3
8097,b_1YE411R7Rk_clip_007.mp4,1,0
8102,b_18441187uH_clip_003.mp4,1,0
8109,b_1MW411J7Br_clip_026.mp4,1,0
8110,b_1MK411j7XB_clip_030.mp4,3,1
8116,b_1Rt411n7CX_clip_007.mp4,0,3
8119,b_13t41157Kn_clip_004.mp4,0,2
8122,b_1Rt411j7yx_clip_002.mp4,2,1
8126,b_1Et411K7EN_clip_008.mp4,1,0
8127,c_movi7952_14.mp4,1,2
8134,b_1wt411M7K4_clip_029.mp4,0,2
8137,b_1rE411A7HG_clip_012.mp4,3,2
8138,b_1rt411q7vk_clip_003.mp4,0,1
8146,b_1R7411u769_clip_039.mp4,2,3
8147,b_16t411r7Go_clip_026.mp4,1,0
8151,y_eSWXU3rZcK8_clip_15.mp4,0,3
8161,b_1G7411G7yS_clip_066.mp4,2,3
8164,y_0gdy9L5whEs_clip_19.mp4,1,2
8182,b_1gE411L7oE_clip_010.mp4,3,1
8185,b_1M4411P73G_clip_028.mp4,2,1
8192,b_184411c7bt_clip_011.mp4,2,3
8196,b_1v4411g7cH_clip_026.mp4,2,0
8203,b_1yE411j7KU_clip_051.mp4,1,2
8204,b_144411Q75M_clip_018.mp4,0,1
8205,b_1at411y7Eo_clip_007.mp4,0,1
8209,b_14E411D7YA_clip_012.mp4,1,2
8210,b_1xt411L72b_clip_005.mp4,3,0
8223,b_1a4411o7DJ_clip_038.mp4,2,3
8225,b_1rJ411K7pL_clip_017.mp4,1,2
8231,b_1j741157BM_clip_107.mp4,0,1
8232,b_1Bb411A74A_clip_006.mp4,1,2
8234,b_1ut411a7RZ_clip_019.mp4,2,0
8240,b_18f4y1U73n_clip_044.mp4,2,0
8247,b_1XW411h7eW_clip_006.mp4,3,2
8248,b_1BJ411u7Sn_clip_016.mp4,3,2
8251,b_1Tt411d7LE_clip_012.mp4,2,1
8254,b_1Ws411F7MQ_clip_025.mp4,3,2
8260,b_1RJ411C7yS_clip_040.mp4,3,1
8271,b_1vJ411B7BH_clip_002.mp4,2,0
8282,b_1Px411B7ZM_part1_clip_016.mp4,1,2
8283,b_13E411B76K_clip_004.mp4,1,2
8285,b_19441187Lt_clip_001.mp4,3,0
8288,b_1Vs41157A6_part1_clip_003.mp4,3,2
8295,b_1kt411C7cs_clip_009.mp4,1,0
8296,b_19J411H7pW_clip_002.mp4,1,0
8297,b_1i441117ec_clip_028.mp4,2,3
8299,b_1Gk4y1r7HT_clip_003.mp4,1,2
8311,b_1y441137Qm_clip_011.mp4,3,0
8315,b_1DT4y137h7_clip_024.mp4,3,0
8318,b_14E411C7j1_clip_010.mp4,3,1
8319,b_1VZ4y1j7C2_clip_034.mp4,3,2
8322,b_1Gz411z7zB_clip_011.mp4,1,0
8329,b_19J411z7or_clip_011.mp4,0,3
8330,b_1h7411v7mp_clip_038.mp4,0,2
8339,y_TRpDI-LdkDI_clip_25.mp4,0,1
8346,b_1LW411s7qq_clip_037.mp4,3,0
8348,b_19E411b7WH_clip_042.mp4,3,2
8350,b_18W411t7xG_clip_004.mp4,1,2
8353,b_18f4y1U73n_clip_004.mp4,3,2
8360,j_3286.mp4,2,1
8364,b_1v4411g7cH_clip_018.mp4,0,2
8369,b_1gt411G7gi_clip_027.mp4,0,2
8379,y_1iK4mwXxgOc_clip_6.mp4,0,3
8392,b_1bt411z7Ps_clip_001.mp4,2,0
8395,b_11t411D7rC_clip_016.mp4,2,1
8396,y_gTUcziYS1lk_clip_6.mp4,3,0
8402,b_1at411y7Eo_clip_016.mp4,1,3
8404,b_1At411g7Sm_clip_008.mp4,2,1
8406,b_1EJ41117Tu_clip_022.mp4,1,2
8408,y_4YwRDwe5Bd8_clip_8.mp4,1,0
8416,b_14E411C7j1_clip_026.mp4,1,2
8420,b_1jJ411V7xT_clip_005.mp4,1,2
8444,b_1Zx411G7Zb_part2_clip_002.mp4,1,0
8445,b_1RE411H7di_clip_020.mp4,3,1
8446,c_sunp1651_6.mp4,0,2
8450,b_1F7411Z74z_clip_066.mp4,2,0
8451,b_157411V7Rt_clip_043.mp4,1,0
8457,b_1UK411L7wa_clip_026.mp4,1,2
8459,b_184411c7bt_clip_007.mp4,1,2
8463,b_1c54y1R7Tb_clip_016.mp4,3,2
8466,b_1kk4y1d7Xu_clip_020.mp4,0,3
8483,b_144411Q75M_clip_003.mp4,3,1
8487,b_12K4y1C7ak_clip_018.mp4,2,0
8488,b_187411V7WG_clip_026.mp4,1,0
8492,b_11J411C7Hj_clip_023.mp4,1,2
8514,b_1MJ411A7ND_clip_026.mp4,0,3
8517,y_6LUTxzXfQW0_clip_13.mp4,2,3
8521,b_1j741157BM_clip_010.mp4,0,1
8523,b_1PC4y1p7sq_clip_008.mp4,3,2
8525,b_1YK4y1k7SF_clip_035.mp4,0,3
8532,b_1bJ411x7an_clip_002.mp4,2,1
8535,b_1Da4y1e7jc_clip_021.mp4,0,1
8537,y_GG3DUj4RTI4_clip_3.mp4,1,3
8539,b_1NJ411q7pd_clip_017.mp4,1,2
8552,b_1MK411j7XB_clip_032.mp4,3,2
8553,b_1Fx411172G_part1_clip_021.mp4,2,1
8558,b_1j7411h7kb_clip_044.mp4,2,3
8566,b_1fg4y1B7cA_clip_029.mp4,2,1
8596,b_1Tx411V7HU_part2_clip_008.mp4,1,3
8597,b_1PE411X762_clip_019.mp4,1,2
8599,b_1Q5411s7Lb_clip_045.mp4,3,0
8600,b_1i7411f7Jc_clip_033.mp4,1,3
8609,b_18W411t7xG_clip_008.mp4,0,2
8615,b_1J7411377C_clip_137.mp4,2,1
8618,b_1SE411Z7mT_clip_021.mp4,3,0
8619,y_VtINM2qjf-o_clip_2.mp4,3,0
8642,b_1uE41117E5_clip_015.mp4,2,0
8644,y_I9Y114i6YSE_clip_2.mp4,2,3
8646,b_1f7411R7ab_clip_036.mp4,3,1
8652,b_1a4411e7sC_clip_034.mp4,3,2
8659,c_sunp1715_15.mp4,0,1
8661,b_1GW411p7LU_part2_clip_013.mp4,2,0
8662,b_1a7411L7PC_clip_098.mp4,1,0
8663,b_16b411C7Y7_clip_016.mp4,2,1
8671,b_1a7411L7PC_clip_137.mp4,1,0
8675,y_Qo_y-6rCrJk_clip_4.mp4,1,0
8685,b_15b411e766_clip_009.mp4,0,3
8700,b_1gJ411U7nb_clip_002.mp4,0,1
8702,y_cLIurgN2TWM_clip_14.mp4,3,0
8706,b_1et411q7Pj_clip_044.mp4,0,3
8707,b_1bt411z7Ps_clip_024.mp4,1,2
8712,j_3670.mp4,2,0
8724,b_1h4411d7Mi_clip_018.mp4,1,3
8729,b_1X7411i7Ph_clip_053.mp4,3,1
8733,b_1NJ411q7pd_clip_006.mp4,1,2
8736,c_movi7924_16.mp4,3,1
8738,b_18J411H7we_clip_036.mp4,3,0
8744,b_1iJ411t7VY_clip_005.mp4,2,0
8749,b_12a4y1i7Nk_clip_017.mp4,2,1
8753,b_1s7411J7yN_clip_105.mp4,3,1
8754,c_movi7931_28.mp4,1,0
8757,b_1R7411u769_clip_040.mp4,2,0
8763,b_1RJ411T7Hh_clip_010.mp4,1,0
8773,b_1XW411h7eW_clip_004.mp4,3,2
8777,b_1vt411E74g_clip_011.mp4,2,0
8780,b_13t411F7iD_clip_029.mp4,3,0
8789,b_12a4y1i7Nk_clip_009.mp4,2,0
8790,b_144411U7gM_clip_001.mp4,2,0
8791,b_1764y1M7zr_clip_001.mp4,3,2
8804,b_1f4411p7oB_clip_033.mp4,2,1
8806,b_1ix411R7tt_clip_040.mp4,2,0
8810,b_1Ft411E7zW_clip_014.mp4,2,0
8811,b_1NE411w7WB_clip_052.mp4,0,1
8812,b_1kk4y1d7Xu_clip_003.mp4,0,3
8813,b_1wT4y1V7iy_clip_030.mp4,1,3
8818,b_18W411J75e_clip_025.mp4,2,0
8821,b_1Cb411b7BW_clip_047.mp4,1,2
8827,b_11E41127kV_clip_005.mp4,2,3
8837,b_1Bs411T7QD_clip_004.mp4,1,2
8839,b_19J411z7or_clip_009.mp4,2,1
8840,y_0hhLZtjyZhA_clip_6.mp4,0,2
8850,b_1St411F7zW_clip_018.mp4,3,2
8858,b_1hE411K7bz_clip_010.mp4,3,2
8877,b_1cx411f7Pw_clip_043.mp4,3,0
8879,b_1k4411T7Nf_clip_027.mp4,3,0
8881,b_194411y72B_clip_033.mp4,2,1
8893,y_twUbbA9OElY_clip_5.mp4,2,0
8895,b_1UW41187q3_part1_clip_001.mp4,3,2
8897,b_1G7411G7yS_clip_001.mp4,1,2
8906,y_TKIL_9wuF1Q_clip_17.mp4,3,0
8908,b_1f4411p7oB_clip_033.mp4,2,3
8909,b_16W411t7ht_part1_clip_004.mp4,1,3
8914,b_14E411C7j1_clip_043.mp4,1,3
8919,b_1DT4y137h7_clip_010.mp4,3,1
8925,y_ljEdPecAbwA_clip_12.mp4,0,1
8928,b_1Sx41197oS_clip_010.mp4,0,2
8936,b_14b411y79D_clip_001.mp4,2,1
8943,b_1TK411j7u2_clip_013.mp4,2,0
8948,b_1d4411K7t9_clip_026.mp4,3,1
8956,b_12a4y1i7Nk_clip_005.mp4,2,1
8959,b_12J41147hT_clip_018.mp4,3,0
8964,b_1Px411Q7hu_part2_clip_004.mp4,0,1
8986,b_17x411k7Vz_part2_clip_006.mp4,2,1
9000,b_1TK411j7u2_clip_010.mp4,0,3
9005,b_1jW411H7pd_part2_clip_007.mp4,3,0
9006,b_1ix411Q7BZ_part1_clip_005.mp4,2,3
9009,b_1zs411t7AF_part1_clip_007.mp4,2,3
9016,b_13t411Z7s6_clip_017.mp4,1,2
9017,b_1MJ411y74s_clip_009.mp4,0,3
9020,b_1X7411L7P7_clip_038.mp4,3,0
9027,b_1wJ411P7Hd_clip_040.mp4,0,2
9028,b_1S54y1R7o3_clip_001.mp4,0,1
9029,b_11x411S7GS_part1_clip_015.mp4,1,3
9033,b_1zJ411x7dw_clip_036.mp4,2,1
9035,b_1MJ411y74s_clip_006.mp4,1,3
9036,b_1B4411r7M7_clip_002.mp4,3,2
9039,b_1NJ411q7pd_clip_017.mp4,0,2
9046,b_12s411V71w_clip_003.mp4,3,0
9048,b_157411V7Rt_clip_057.mp4,3,0
9055,b_12x411D72J_part1_clip_009.mp4,1,0
9059,b_13k4y167fM_clip_004.mp4,2,3
9065,y_4YwRDwe5Bd8_clip_7.mp4,0,2
9070,b_1Ez411b7Y5_clip_016.mp4,0,3
9081,b_1YE411R7Rk_clip_012.mp4,1,3
9082,b_1D4411n7J6_clip_030.mp4,1,0
9101,b_1GT4y157PR_clip_030.mp4,1,2
9103,y_RHKFbr4wRTY_clip_1.mp4,2,1
9106,b_1Mx411Z7ve_clip_002.mp4,2,0
9108,b_1Nt41127AL_clip_012.mp4,1,2
9109,b_1Gt411p7rv_clip_003.mp4,3,1
9112,j_3611.mp4,3,2
9115,b_1B4411j7Wo_clip_006.mp4,0,2
9116,b_1Gk4y1r7HT_clip_001.mp4,1,2
9122,b_194411p7Ho_clip_022.mp4,2,1
9126,b_1XJ411m7H5_clip_005.mp4,0,3
9127,b_1St411N77p_clip_018.mp4,1,0
9131,b_144411U7gM_clip_011.mp4,3,2
9144,b_13s411V72j_part2_clip_006.mp4,1,3
9158,b_1DT4y137h7_clip_023.mp4,2,1
9160,b_1aW411s7AU_part1_clip_021.mp4,1,0
9178,y_HF3YvZB6NuM_clip_10.mp4,3,2
9186,y_xjhHM0ilzZ8_clip_14.mp4,3,2
9196,b_1EW411v73M_part2_clip_022.mp4,1,2
9202,b_1hE411p7Th_clip_010.mp4,2,1
9206,b_1aZ4y1s7BV_clip_008.mp4,1,3
9214,b_1Ht41137f7_clip_008.mp4,0,1
9220,b_1Da4y1e7jc_clip_024.mp4,2,3
9223,b_1at411b7Yw_clip_074.mp4,0,2
9224,b_114411z7Z1_clip_026.mp4,0,1
9226,b_1B4411d7Pv_clip_013.mp4,1,3
9228,b_1jJ411V7xT_clip_027.mp4,2,3
9239,b_1X7411L7P7_clip_038.mp4,2,3
9244,b_1aZ4y1s7BV_clip_010.mp4,3,2
9251,b_1G7411G7yS_clip_014.mp4,1,0
9253,b_157411V7Rt_clip_011.mp4,3,1
9262,b_1wJ411P7Hd_clip_034.mp4,0,3
9265,b_1KK41157yS_clip_008.mp4,0,2
9273,b_1Us411c7xo_clip_002.mp4,2,1
9281,b_1Wk4y167ox_clip_003.mp4,1,3
9284,b_1ZA411i7Li_clip_031.mp4,0,2
9285,b_1cW411D7TA_clip_010.mp4,3,2
9288,b_1YC4y1s7kS_clip_014.mp4,3,1
9290,b_1bJ411x7an_clip_041.mp4,0,3
9294,b_1gJ411U7nb_clip_006.mp4,1,2
9299,b_1NQ4y1N7N3_clip_012.mp4,2,0
9318,b_12s411V71w_clip_001.mp4,2,1
9325,b_1wt411M7K4_clip_031.mp4,0,3
9332,b_18f4y1U73n_clip_023.mp4,1,2
9337,b_1f7411R7ab_clip_004.mp4,2,0
9344,b_18W411i74f_part1_clip_008.mp4,0,1
9351,b_1ek4y19747_clip_051.mp4,1,2
9359,b_1wt411u7QM_clip_009.mp4,2,0
9368,c_sunp1712_13.mp4,2,1
9374,b_1Z64y1u7vw_clip_006.mp4,1,2
9378,b_184411c7bt_clip_003.mp4,3,1
9388,b_1a4411B7sb_clip_005.mp4,3,2
9391,b_1YE411r7e1_clip_008.mp4,2,3
9400,y_eGJg0u9pD_s_clip_4.mp4,3,1
9402,y_V55gacAEnfI_clip_5.mp4,2,3
9409,b_1yE411j7KU_clip_077.mp4,1,3
9417,b_1zs411t7AF_part2_clip_003.mp4,0,3
9426,b_13s411V72j_part2_clip_002.mp4,0,3
9431,y_tjXukxZzsg8_clip_15.mp4,1,3
9433,b_1H441157JJ_clip_015.mp4,1,2
9434,b_1F7411x7Xw_clip_041.mp4,3,2
9436,b_1Yt411Y7VQ_clip_007.mp4,3,1
9443,b_1iT4y1u721_clip_001.mp4,1,3
9445,b_1RA411q7vt_clip_026.mp4,2,0
9446,b_17b411H7b9_clip_009.mp4,1,3
9451,b_1At411g7Sm_clip_027.mp4,2,0
9459,b_1ds411H7Zq_clip_014.mp4,2,3
9474,y_grI4X4CiD8o_clip_20.mp4,3,2
9476,b_1b4411B7zM_clip_015.mp4,3,1
9486,b_1Yi4y1s7Ex_clip_050.mp4,2,1
9490,b_1Ei4y1t7VC_clip_024.mp4,0,3
9491,b_12t411R75D_clip_039.mp4,2,3
9501,j_3668.mp4,3,0
9513,b_1fW411J79x_part1_clip_001.mp4,3,0
9514,b_1d64y1M71U_clip_015.mp4,3,1
9516,b_1hW411e7WB_clip_009.mp4,0,2
9524,b_1rf4y127sM_clip_027.mp4,0,2
9525,b_1FW411h7P3_clip_006.mp4,0,2
9536,b_1DE411i7bK_clip_001.mp4,3,1
9554,b_1hE411k7re_clip_024.mp4,1,2
9561,b_1RE411H7di_clip_006.mp4,1,0
9563,b_1u741147Pe_clip_014.mp4,2,1
9566,b_1Xt411s7y5_clip_012.mp4,0,1
9568,b_1gJ411U7nb_clip_009.mp4,2,3
9574,b_13E411B76K_clip_023.mp4,1,0
9587,b_1rf4y127sM_clip_024.mp4,0,2
9598,b_1Bf4y1U7Ft_clip_031.mp4,3,1
9617,b_1Gk4y1r7HT_clip_002.mp4,0,3
9622,b_1Gx411i7XG_part1_clip_001.mp4,1,2
9627,b_1a7411L7PC_clip_019.mp4,1,0
9640,b_1Lz411B7zd_clip_002.mp4,3,2
9643,b_1ya4y1e7Tn_clip_007.mp4,3,2
9651,b_1AW411d7h4_clip_002.mp4,1,2
9653,b_1LW411s7qq_clip_017.mp4,0,2
9658,c_movi7924_19.mp4,1,3
9659,b_1JE411r7ba_clip_027.mp4,1,0
9660,b_1h5411t7Z5_clip_035.mp4,1,2
9665,b_1yE41187A9_clip_018.mp4,2,0
9675,b_12s411V71w_clip_006.mp4,1,3
9688,b_1z4411b7KS_clip_034.mp4,3,0
9691,b_1X7411p7ZA_clip_044.mp4,2,3
9706,b_12a4y1i7Nk_clip_026.mp4,1,3
9707,b_1Gt411p7rv_clip_015.mp4,1,2
9712,b_1NJ411F7Y6_clip_006.mp4,2,1
9713,b_1U7411u7uy_clip_023.mp4,1,3
9722,b_1Mt411P7iF_clip_040.mp4,3,0
9724,b_1F4411d7Um_clip_009.mp4,0,2
9728,b_164411C7Ai_clip_012.mp4,0,3
9732,b_12s411V71w_clip_003.mp4,1,2
9735,b_1uK411L7sS_clip_001.mp4,0,3
9738,b_1B4411d7Pv_clip_028.mp4,0,1
9751,b_1bt411q7fm_clip_020.mp4,2,3
9756,b_1at411y7Eo_clip_045.mp4,3,0
9766,b_1ut4y117xD_clip_029.mp4,0,2
9768,y_grI4X4CiD8o_clip_10.mp4,2,0
9769,b_1GW411q7Wi_clip_009.mp4,3,0
9771,b_15b411V7pZ_clip_006.mp4,0,1
9783,b_1bt411Q7qe_clip_011.mp4,3,0
9805,y_lnPHcf_W7x4_clip_2.mp4,1,2
9808,b_194411Z7Nh_clip_029.mp4,0,1
9813,b_1PJ41147iD_clip_026.mp4,2,0
9823,y_23ZW80OBD9g_clip_13.mp4,3,0
9828,b_1Kt411c7wF_clip_013.mp4,2,1
9833,b_18W411J75e_clip_031.mp4,2,1
9834,b_1yt411k7va_clip_039.mp4,1,2
9839,b_1yE411j7KU_clip_079.mp4,0,2
9842,b_1H441117w9_clip_029.mp4,0,3
9852,b_1Yt411T7w2_clip_016.mp4,0,3
9863,b_1A4411H7RU_clip_014.mp4,3,2
9870,b_194411Z7Nh_clip_019.mp4,0,1
9875,b_1ZV411k741_clip_023.mp4,1,0
9877,b_1DK411W72b_clip_004.mp4,0,2
9881,b_1xz411z7b5_clip_042.mp4,2,1
9883,b_1Px411Q7hu_part2_clip_007.mp4,0,2
9888,b_1Nt41127AL_clip_012.mp4,1,2
9901,b_1XJ411m7H5_clip_012.mp4,0,1
9904,b_1d4411H7st_clip_044.mp4,1,3
9905,b_13t411F7iD_clip_029.mp4,0,2
9910,b_1nJ411q7Nw_clip_035.mp4,2,0
9923,b_1XW411B7eY_part1_clip_012.mp4,0,3
9926,b_1X7411i7Ph_clip_034.mp4,1,2
9938,b_1yt411k7va_clip_026.mp4,2,1
9939,b_1LW411s7qq_clip_012.mp4,2,3
9947,b_1Jv41167zm_clip_027.mp4,0,1
9951,b_19t411B7A4_clip_014.mp4,2,0
9953,b_1G7411G7yS_clip_020.mp4,1,2
9961,b_11x411i7ms_part2_clip_002.mp4,1,0
9963,b_1GT4y157PR_clip_019.mp4,2,1
9976,b_1jJ411V7xT_clip_036.mp4,2,3
9997,b_1s7411J7yN_clip_066.mp4,3,1
9998,b_1dJ411F7W2_clip_027.mp4,2,0
9999,b_1KJ411T7Jo_clip_021.mp4,2,1
10003,b_1EE411d7hM_clip_003.mp4,0,2
10008,b_1AW411d7h4_clip_012.mp4,1,2
10017,b_18a4y14785_clip_025.mp4,1,0
10024,c_movi7925_19.mp4,0,2
10025,b_1z4411b7KS_clip_003.mp4,3,1
10032,b_1L4411y7eN_clip_023.mp4,0,2
10039,b_1PZ4y1477R_clip_015.mp4,3,1
10057,b_1Ht411X7Qn_clip_008.mp4,1,2
10058,b_1Q4411o76G_clip_018.mp4,1,2
10067,b_17E41127dn_clip_001.mp4,3,1
10075,b_187411V7WG_clip_012.mp4,1,2
10083,b_1Bf4y1U7Ft_clip_009.mp4,3,0
10098,b_12J41147hT_clip_015.mp4,0,1
10099,c_movi7924_25.mp4,1,0
10106,b_1yE411f7j5_clip_020.mp4,2,0
10119,b_19E411b7hY_clip_007.mp4,2,3
10125,b_1Mi4y1b7GK_clip_004.mp4,2,1
10126,b_1dx411R7KU_clip_027.mp4,3,2
10143,b_1qK4y1t79B_clip_009.mp4,1,2
10167,b_194411p7Ho_clip_019.mp4,3,2
10202,b_19E411q721_clip_003.mp4,0,2
10212,b_1hE411p7Th_clip_022.mp4,1,2
10219,b_1DE411i7bK_clip_004.mp4,3,1
10225,b_1L7411R73G_clip_042.mp4,3,1
10237,b_1JE41147LF_clip_048.mp4,1,2
10245,b_1H5411s7ho_clip_003.mp4,2,0
10256,b_1kJ411B7Xc_clip_020.mp4,0,1
10262,b_1G7411G7yS_clip_009.mp4,0,2
10266,b_19J411p7Ck_clip_001.mp4,1,3
10267,b_1Mt41177QG_clip_040.mp4,2,3
10270,b_1J7411377C_clip_028.mp4,0,1
10287,b_1a4411B7sb_clip_006.mp4,3,1
10295,b_1ix411Z7U6_clip_039.mp4,0,3
10297,b_1Ct41147rV_clip_042.mp4,1,0
10302,b_1vs411w7a9_clip_003.mp4,3,1
10318,b_1LW411s7qq_clip_012.mp4,1,0
10331,b_194411C7mL_clip_022.mp4,3,2
10336,b_1ZA411i7Li_clip_032.mp4,3,0
10344,b_1Sx411r7DS_clip_005.mp4,0,3
10345,y_dPbipg5_kqM_clip_15.mp4,1,0
10351,b_1E4411t7de_clip_007.mp4,1,0
10375,b_14s411r72D_part1_clip_009.mp4,1,2
10382,b_18W411t7xG_clip_004.mp4,2,1
10383,b_1cW411z7HJ_part2_clip_010.mp4,1,3
10388,b_1vJ411B7BH_clip_046.mp4,0,3
10389,b_1QJ411M7wR_clip_030.mp4,2,3
10391,b_1Mb41157pm_clip_024.mp4,1,0
10392,b_1L7411x7nm_clip_001.mp4,2,3
10398,b_1xt411L72b_clip_009.mp4,1,3
10405,b_1f7411R7ab_clip_011.mp4,1,2
10406,b_1Wk4y167ox_clip_014.mp4,0,3
10424,b_1XJ411G77m_clip_009.mp4,1,0
10430,b_1Wx411k7Hb_clip_010.mp4,2,1
10438,b_18a4y14785_clip_028.mp4,0,1
10439,y_f2e6E-RQOCI_clip_9.mp4,3,1
10458,b_1Sx411u7Ey_part2_clip_002.mp4,1,3
10461,b_1cJ41167TW_clip_001.mp4,1,2
10462,b_1YK4y1k7SF_clip_017.mp4,3,2
10471,b_1G7411K7oi_clip_006.mp4,3,2
10472,b_1MW411J7Br_clip_017.mp4,0,3
10495,b_1PE411X762_clip_012.mp4,3,2
10503,b_1zE411o7Ga_clip_025.mp4,0,2
10508,c_sunp1669_18.mp4,2,3
10516,b_19t411q7rr_clip_030.mp4,0,1
10519,b_1G7411G7yS_clip_036.mp4,1,0
10521,b_1Da4y1e7jc_clip_017.mp4,0,2
10522,b_1at411b7Yw_clip_004.mp4,0,3
10527,b_1at411y7Eo_clip_050.mp4,1,0
10538,c_sunp1648_1.mp4,1,3
10543,b_1DT4y137h7_clip_030.mp4,3,2
10555,b_1ys411G77L_clip_010.mp4,2,1
10556,b_1cW411U71Y_clip_014.mp4,1,0
10565,b_1ix41167dQ_part1_clip_005.mp4,1,2
10566,b_1e4411o7SA_clip_024.mp4,0,1
10576,b_1j54y1X7cr_clip_012.mp4,0,3
10579,b_1Vs411g7A4_clip_008.mp4,3,2
10582,b_1Yk4y1R7hE_clip_030.mp4,3,1
10594,b_1U7411u7uy_clip_029.mp4,1,2
10596,b_1NE411w7WB_clip_052.mp4,1,3
10618,b_1f4411p7oB_clip_033.mp4,2,1
10624,b_1M4411P73G_clip_029.mp4,1,3
10637,b_1pa4y1v7d7_clip_015.mp4,0,1
10642,b_1jt411e7vy_clip_013.mp4,2,1
10643,b_1i7411f7Jc_clip_033.mp4,1,0
10644,b_1rt411q7vk_clip_025.mp4,1,0
10645,b_1s5411x7CW_clip_011.mp4,0,3
10646,b_1S7411P7yB_clip_029.mp4,0,3
10650,b_1gJ411U7nb_clip_006.mp4,0,2
10655,b_1JW411b7Vn_part1_clip_018.mp4,3,1
10659,b_1X7411i7Ph_clip_050.mp4,3,0
10663,b_1RJ411T7Hh_clip_034.mp4,1,2
10665,b_1Dx41167Vx_part1_clip_008.mp4,2,1
10670,b_1H441117Hi_clip_030.mp4,0,2
10675,y_ts7lKdhojGY_clip_55.mp4,3,1
10677,b_1Mx411Z7ve_clip_015.mp4,1,2
10681,b_1aZ4y1s7BV_clip_008.mp4,2,0
10683,b_1Xt411s7y5_clip_017.mp4,0,1
10686,b_1hE411k7re_clip_008.mp4,3,2
10707,b_1gE411L7oE_clip_010.mp4,1,0
10741,b_1at411b7Yw_clip_035.mp4,2,3
10745,y_DUX_IhauRlI_clip_7.mp4,1,0
10760,b_1ft411t7zd_clip_022.mp4,1,3
10763,b_1h441147Vc_clip_009.mp4,2,1
10778,b_1fg4y1B7cA_clip_007.mp4,3,2
10782,b_11J411C7Hj_clip_018.mp4,0,3
10783,b_1fg4y1B7cA_clip_029.mp4,1,3
10787,b_1JE411r7ba_clip_027.mp4,0,3
10788,b_1Cb411b7BW_clip_015.mp4,0,2
10798,b_1vJ411B7BH_clip_002.mp4,1,3
10807,y_iCmT5PXwy08_clip_14.mp4,2,0
10813,b_1bt411Q7qe_clip_010.mp4,1,0
10817,b_1JE41147LF_clip_094.mp4,3,2
10818,b_1sa4y1e7PF_clip_025.mp4,3,2
10822,b_1Px411g7pT_part2_clip_002.mp4,3,0
10828,b_17W411B7wM_clip_002.mp4,1,2
10830,b_1Qi4y1x7Ht_clip_002.mp4,1,0
10838,b_1DT4y137h7_clip_016.mp4,1,2
10848,b_1jW411H7pd_part2_clip_007.mp4,2,3
10859,b_1DK411W72b_clip_040.mp4,1,2
10866,b_1pZ4y1s7ma_clip_005.mp4,1,3
10868,y_grI4X4CiD8o_clip_35.mp4,1,3
10869,b_1Jx411Q79o_clip_014.mp4,0,2
10878,b_1Z4411H7pb_clip_014.mp4,1,3
10886,b_1R7411p7qA_clip_013.mp4,1,2
10894,b_1Ei4y1t7VC_clip_031.mp4,1,2
10896,b_1BJ411N7hE_clip_009.mp4,0,1
10901,b_1a7411L7PC_clip_014.mp4,1,2
10903,b_1xt411L72b_clip_010.mp4,3,0
10905,b_1GJ411h7Mb_clip_027.mp4,1,2
10912,y_k3kpcKkQCmA_clip_9.mp4,1,2
10915,b_1a4411B7sb_clip_011.mp4,1,3
10925,b_1yg4y187PF_clip_005.mp4,3,2
10931,b_1B4411r7M7_clip_043.mp4,3,0
10943,b_1wJ411P7Hd_clip_026.mp4,3,0
10947,b_16J411t7DB_clip_014.mp4,2,0
10949,b_1Us411c7xo_clip_006.mp4,2,0
10954,b_1hE411p7Th_clip_071.mp4,3,1
10957,b_1zJ411x7dw_clip_036.mp4,1,2
10962,b_1sC4y1s7oK_clip_009.mp4,1,3
10965,b_13t411K7i7_clip_013.mp4,2,0
10967,b_1ix411Q7BZ_part1_clip_004.mp4,2,1
10969,b_1PA411h72w_clip_038.mp4,0,2
10972,b_1Yi4y1s7Ex_clip_054.mp4,3,2
10975,b_1gE411L7oE_clip_024.mp4,2,3
10980,b_1At411W7d8_clip_004.mp4,1,3
11005,b_14K41157xw_clip_018.mp4,3,2
11009,b_18a4y14785_clip_004.mp4,3,1
11013,b_1Q5411s7Lb_clip_020.mp4,1,0
11015,b_1rE411A7HG_clip_041.mp4,0,1
11019,b_1Bt411n7Zk_clip_012.mp4,2,3
11031,b_14s411r7Qj_clip_015.mp4,0,1
11032,b_1B4411j7Wo_clip_006.mp4,0,1
11037,b_1bt41197FJ_clip_030.mp4,2,3
11042,b_1Yt411T7w2_clip_023.mp4,1,0
11043,b_1X7411p7ZA_clip_022.mp4,3,0
11054,b_1Rt411c7FC_clip_022.mp4,0,3
11063,b_18a4y14785_clip_028.mp4,2,3
11069,b_1B4411d7Pv_clip_026.mp4,2,1
11081,b_1yx411C77W_part1_clip_004.mp4,2,3
11085,b_1Tb411L7yU_clip_017.mp4,0,1
11086,y_rKFyUXXfLkY_clip_5.mp4,3,0
11091,b_1Ez411q7MR_clip_006.mp4,0,3
11093,b_17E411W7bc_clip_040.mp4,3,2
11095,b_1KJ411T7Jo_clip_015.mp4,2,3
11097,b_1kt411C7cs_clip_004.mp4,0,2
11098,y_A4NxVXfqt64_clip_18.mp4,1,3
11102,b_1bJ411J78u_clip_012.mp4,1,0
11104,b_1d54y1Q71E_clip_010.mp4,0,3
11105,b_1A4411H7RU_clip_007.mp4,3,0
11108,b_1p4411U7m1_clip_015.mp4,1,2
11115,b_1Bb411A74A_clip_008.mp4,3,2
11124,b_1Jx411f7Vv_clip_004.mp4,1,3
11129,b_1bb411y7Rh_clip_032.mp4,2,0
11137,y_xjhHM0ilzZ8_clip_2.mp4,1,2
11138,b_1G4411P77i_clip_037.mp4,1,0
11144,b_1vt411E74g_clip_011.mp4,0,2
11152,b_1d4411K7t9_clip_011.mp4,0,3
11153,b_1bt411z7Ps_clip_015.mp4,0,2
11155,b_1NQ4y1N7N3_clip_012.mp4,0,1
11157,b_1hx411o7vo_clip_001.mp4,1,2
11162,b_1zJ411x7dw_clip_029.mp4,3,2
11186,b_184411c7bt_clip_019.mp4,3,0
11198,b_1Cb411b7BW_clip_062.mp4,2,1
11205,b_12t411o7c5_clip_011.mp4,1,0
11206,b_1jE411f71G_clip_038.mp4,2,0
11209,b_1hE411p7Th_clip_010.mp4,3,2
11210,b_1yJ411k7Yo_clip_004.mp4,1,2
11212,b_1St411F7zW_clip_009.mp4,1,0
11224,y_4nhnMZLDfe0_clip_1.mp4,0,3
11228,b_1hJ41127mG_clip_009.mp4,3,1
11229,b_1R7411u769_clip_084.mp4,0,3
11234,b_16s41167pP_clip_007.mp4,0,2
11238,b_1xz4y197zH_clip_033.mp4,2,3
11239,b_1LW411v7Tv_part1_clip_007.mp4,0,3
11240,b_1Ht411x7sF_clip_007.mp4,3,1
11241,b_1b7411y7Kg_clip_013.mp4,0,1
11254,b_1TK411j7u2_clip_014.mp4,0,3
11260,b_1Jv41167zm_clip_027.mp4,0,3
11261,b_16x411o7wR_clip_002.mp4,1,0
11282,b_1CW411h7oK_part1_clip_011.mp4,3,2
11287,b_1bt411q7fm_clip_053.mp4,1,3
11290,b_1iJ411t7VY_clip_010.mp4,3,0
11293,b_1YE411R7Rk_clip_012.mp4,2,0
11297,y_k3kpcKkQCmA_clip_23.mp4,3,2
11298,b_1j741157BM_clip_049.mp4,2,1
11306,y_Rp4IpAoz5kA_clip_1.mp4,1,2
11308,b_1z441137JK_clip_027.mp4,2,0
11309,b_1XE411p73c_clip_011.mp4,2,1
11314,b_1RJ411y7df_clip_030.mp4,1,2
11317,b_1B4411j7Wo_clip_012.mp4,0,3
11318,b_1UW41117Hj_clip_006.mp4,1,2
11330,b_1AW411H7j9_part2_clip_030.mp4,2,1
11336,y_uNZiDOiorz4_clip_22.mp4,2,3
11338,b_19441187Lt_clip_007.mp4,0,2
11347,b_1q7411W7jb_clip_012.mp4,0,3
11352,c_movi7929_27.mp4,3,1
11353,y_qLstTC3D5dI_clip_14.mp4,2,0
11356,b_1ya4y1e7Tn_clip_054.mp4,0,1
11357,b_1yE411j7KU_clip_079.mp4,0,3
11360,b_1X7411m71Z_clip_001.mp4,2,1
11367,b_1mx411B7Z1_part1_clip_003.mp4,1,2
11372,b_1bJ411J78u_clip_018.mp4,2,0
11376,b_1SE411Z7mT_clip_023.mp4,3,2
11393,b_1LE411T7sZ_clip_041.mp4,2,3
11399,b_16W411i73r_part2_clip_003.mp4,2,1
11400,b_1rk4y1k7F9_clip_018.mp4,2,3
11406,b_1EJ41117Tu_clip_014.mp4,0,1
11412,b_1d7411a7sR_clip_041.mp4,0,2
11417,b_1RJ411T7Hh_clip_005.mp4,2,3
11423,b_1aW411a76g_clip_009.mp4,3,0
11425,y_MU5J_wlzh7A_clip_10.mp4,1,0
11427,b_1XJ411G77m_clip_029.mp4,3,0
11428,b_1Gk4y1r7HT_clip_039.mp4,0,1
11430,b_1JW411b7Vn_part1_clip_020.mp4,3,0
11433,b_124411F77k_clip_004.mp4,3,0
11441,b_1F7411Z74z_clip_036.mp4,0,2
11446,b_1yt411k7va_clip_037.mp4,3,1
11452,b_13t411F7iD_clip_020.mp4,0,2
11453,y_GsAu96gRA_s_clip_8.mp4,3,0
11458,b_1k7411y72r_clip_028.mp4,3,2
11463,b_17b411H7b9_clip_003.mp4,2,1
11465,y_4XSxGWZEzaE_clip_8.mp4,1,0
11469,b_1wx411D7Na_part1_clip_007.mp4,2,3
11475,y_6LUTxzXfQW0_clip_13.mp4,3,0
11494,y_eh5uVEEyV9A_clip_17.mp4,0,2
11501,b_15x411f7Tk_clip_030.mp4,1,2
11503,b_1KK41157yS_clip_014.mp4,0,2
11504,b_1gT4y1V7xS_clip_019.mp4,0,3
11510,b_1e4411a7Aw_clip_006.mp4,0,2
11517,b_1GW411p7LU_part2_clip_017.mp4,1,0
11519,b_15b411b7DL_clip_022.mp4,1,3
11520,b_1bt411z7Ps_clip_009.mp4,3,2
11531,b_1yJ411k7Yo_clip_039.mp4,2,0
11532,b_1n4411K7Np_clip_004.mp4,1,3
11539,y_xjhHM0ilzZ8_clip_21.mp4,2,3
11548,b_18f4y1U73n_clip_024.mp4,2,0
11553,b_1hE411p7Th_clip_003.mp4,2,0
11562,b_1fW411J79x_part2_clip_026.mp4,2,3
11570,c_movi7929_29.mp4,3,0
11574,b_1Gb411G7XZ_clip_024.mp4,0,2
11579,b_1YE411R7Rk_clip_017.mp4,3,2
11603,b_1Rt411c7FC_clip_022.mp4,0,3
11610,b_1hE411p7Th_clip_036.mp4,0,3
11615,b_1U4411L75y_clip_008.mp4,0,3
11618,b_1s7411e7XW_clip_036.mp4,1,0
11620,b_1qJ411Y7Rf_clip_032.mp4,1,3
11621,b_1hE411k7re_clip_021.mp4,1,0
11630,b_17b411H7b9_clip_019.mp4,3,1
11634,b_1UK41157MY_clip_008.mp4,0,2
11649,b_1J7411377C_clip_086.mp4,1,3
11655,b_1FW41177m2_part2_clip_022.mp4,1,2
11663,b_1a7411L7PC_clip_108.mp4,3,0
11670,b_19E411q721_clip_011.mp4,2,1
11674,b_1B7411s7t1_clip_032.mp4,2,0
11679,b_13x41117xV_clip_006.mp4,0,2
11692,b_1Tx411D7hK_part2_clip_003.mp4,0,2
11696,c_movi7916_19.mp4,1,3
11700,c_sunp1650_14.mp4,2,0
11705,b_1X7411m71Z_clip_006.mp4,0,1
11717,y_AC2R889a-LI_clip_1.mp4,0,1
11718,c_movi7951_9.mp4,0,1
11720,b_1bt411q7fm_clip_044.mp4,3,2
11723,b_154411v7Jh_clip_021.mp4,2,3
11728,b_1gJ411U7nb_clip_020.mp4,1,3
11739,b_1Px411g7pT_part1_clip_012.mp4,0,1
11749,b_1vt411E74g_clip_011.mp4,3,0
11752,b_1j741157BM_clip_117.mp4,0,2
11753,b_1G7411G7yS_clip_111.mp4,1,3
11756,b_1mJ41167XC_clip_025.mp4,2,1
11759,b_14z411q7qJ_clip_013.mp4,1,3
11760,b_1AJ411579g_clip_032.mp4,2,1
11765,y_BoaWexJjHa8_clip_13.mp4,0,2
11770,b_1XE411p73c_clip_022.mp4,0,2
11775,b_1X7411i7Ph_clip_031.mp4,1,2
11791,b_1jJ411V7xT_clip_033.mp4,0,3
11800,b_1d64y1M71U_clip_021.mp4,0,1
11803,b_1D4411n7J6_clip_030.mp4,0,1
11815,b_1qE411o7GU_clip_007.mp4,1,0
11823,b_1et411v7TQ_clip_027.mp4,0,2
11827,b_17x411D7y6_part1_clip_007.mp4,2,3
11830,b_1kk4y1d7Xu_clip_003.mp4,3,0
11848,b_1C441157dQ_clip_014.mp4,3,1
11858,y_RHKFbr4wRTY_clip_6.mp4,0,2
11870,b_1Jx411Q79o_clip_001.mp4,1,3
11873,b_1F7411Z74z_clip_006.mp4,1,2
11883,b_1NJ411q7pd_clip_035.mp4,0,1
11884,b_1Yx411B7QX_part3_clip_001.mp4,2,0
11905,b_19t411B7A4_clip_020.mp4,1,3
11909,b_1N441147kT_clip_041.mp4,0,2
11911,b_15Z4y1471U_clip_019.mp4,1,3
11917,b_1TW411B7YC_clip_016.mp4,1,0
11944,b_1Bb411A74A_clip_026.mp4,0,2
11953,b_1Us411c7xo_clip_007.mp4,0,1
11954,b_1Lt411G7XD_clip_001.mp4,1,3
11959,y_IWX3CxTzGN4_clip_2.mp4,3,0
11964,b_1NJ411q7pd_clip_025.mp4,2,1
11968,b_1hE411p7Th_clip_057.mp4,1,0
11969,b_1G4411P77i_clip_033.mp4,0,3
11970,b_1DW411i7a2_part2_clip_001.mp4,3,1
11985,b_1LW411s7qq_clip_034.mp4,2,0
12008,b_1iT4y1u721_clip_007.mp4,3,0
12023,b_1KK41157yS_clip_040.mp4,2,3
12028,b_1wZ4y1j729_clip_033.mp4,2,0
12044,b_1L4411M7kf_clip_043.mp4,2,1
12046,b_1Lt411G7XD_clip_014.mp4,0,3
12047,b_1k7411m7Fp_clip_040.mp4,3,2
12048,b_1B7411s7t1_clip_032.mp4,0,2
12080,b_1gJ411U7nb_clip_003.mp4,0,2
12087,b_1wZ4y1j729_clip_013.mp4,1,0
12095,b_1nW41187Ch_part1_clip_010.mp4,3,1
12107,b_1KK41157yS_clip_005.mp4,2,3
12109,b_1XE411p73c_clip_017.mp4,1,0
12111,b_1Px411Q7hu_part2_clip_006.mp4,0,1
12114,b_17x411X7hm_clip_017.mp4,0,2
12115,y_tP19WuyY3IY_clip_24.mp4,3,1
12116,b_1jE411f71G_clip_035.mp4,0,2
12137,b_18W411t7xG_clip_004.mp4,2,1
12139,b_1x4411c7p3_clip_002.mp4,0,3
12148,b_1CE411w7VN_clip_034.mp4,3,0
12166,b_1YJ411x78w_clip_016.mp4,1,0
12172,j_2790.mp4,2,0
12178,b_1Qc411h7aP_clip_001.mp4,2,1
12188,b_134411x7kc_clip_006.mp4,3,2
12191,b_18a4y14785_clip_013.mp4,2,1
12197,b_1j741157BM_clip_021.mp4,1,2
12204,b_1h7411v7mp_clip_038.mp4,0,1
12215,b_124411F77k_clip_010.mp4,3,0
12219,c_movi7919_11.mp4,0,3
12222,b_1JW411b7Vn_part1_clip_005.mp4,0,1
12228,b_16b411C7Y7_clip_023.mp4,2,0
12232,b_1bW411B7qV_part1_clip_015.mp4,3,0
12238,b_1Jt411v7ZN_clip_027.mp4,3,0
12242,b_1z741177kN_clip_076.mp4,0,1
12245,b_1MK411j7XB_clip_029.mp4,3,0
12264,b_1Gt411y7Xe_clip_015.mp4,0,2
12265,b_1bE411s7kk_clip_003.mp4,1,3
12266,b_1i7411f7Jc_clip_041.mp4,1,0
12307,b_1j741157BM_clip_006.mp4,0,1
12316,b_1j7411h7kb_clip_044.mp4,0,2
12317,b_1aE411k771_clip_008.mp4,3,0
12332,b_1zs411t7nk_part1_clip_003.mp4,0,3
12346,c_sunp1671_6.mp4,1,0
12351,b_1Wa4y1t7y7_clip_008.mp4,1,0
12352,b_1et411v7TQ_clip_007.mp4,2,1
12353,b_1WE411j7JR_clip_006.mp4,0,3
12356,b_1JW411b7Vn_part1_clip_015.mp4,2,0
12361,b_1X7411i7Ph_clip_028.mp4,1,2
12362,b_18t41147ht_clip_001.mp4,3,2
12394,b_1ix411R7tt_clip_041.mp4,0,1
12399,b_1F7411Z74z_clip_035.mp4,0,2
12405,b_1Fk4y1z7d6_clip_010.mp4,3,2
12417,b_114411z7Z1_clip_035.mp4,0,2
12423,y_gTUcziYS1lk_clip_26.mp4,0,1
12424,b_1kC4y14752_clip_033.mp4,3,0
12432,b_14E411D7YA_clip_007.mp4,2,3
12439,b_1KK41157yS_clip_013.mp4,3,2
12440,b_11E41127kV_clip_005.mp4,1,2
12453,b_1LW411s7qq_clip_008.mp4,2,0
12470,b_1tZ4y1p7wh_clip_008.mp4,1,0
12471,b_1Us411c7xo_clip_012.mp4,0,1
12477,c_sunp1715_12.mp4,2,0
12479,b_1jW411x7tS_part2_clip_007.mp4,3,0
12480,b_1c5411t7X7_clip_019.mp4,3,1
12496,b_1Gk4y1r7HT_clip_039.mp4,1,0
12519,b_1rJ411875j_clip_021.mp4,3,1
12542,b_1XJ411G77m_clip_045.mp4,1,0
12544,b_1jT4y1G7K7_clip_032.mp4,1,0
12552,b_1X7411i7Ph_clip_020.mp4,1,3
12555,b_194411u7wN_clip_004.mp4,1,2
12558,b_1u741147Pe_clip_113.mp4,1,2
12559,b_1LA411t7mT_clip_005.mp4,3,2
12564,y_NliNOzuoeeg_clip_8.mp4,0,3
12570,b_1Yt411Y7VQ_clip_004.mp4,2,3
12584,b_1a4411e7sC_clip_013.mp4,0,3
12591,b_1rE411A7HG_clip_006.mp4,2,3
12592,y_t86Q2WNsmCE_clip_10.mp4,3,1
12596,b_1B7411s7t1_clip_003.mp4,3,0
12604,b_15x411f7Tk_clip_002.mp4,2,0
12614,b_1Jv41167zm_clip_029.mp4,0,2
12617,b_14K41157xw_clip_025.mp4,0,3
12632,b_1G7411G7yS_clip_066.mp4,1,3
12635,b_1DT4y137h7_clip_049.mp4,1,3
12637,b_1UZ4y1x7w2_clip_004.mp4,0,3
12641,b_1Ht41137f7_clip_005.mp4,0,1
12642,b_1Kt411c7wF_clip_020.mp4,1,3
12655,b_1j7411h7kb_clip_010.mp4,1,3
12663,b_1Dx411Q7BP_clip_002.mp4,2,0
12675,b_1St411F7zW_clip_012.mp4,3,2
12685,b_1Zt411F75e_clip_041.mp4,3,1
12687,b_18W411t7xG_clip_005.mp4,0,2
12701,b_1Jv41167zm_clip_020.mp4,3,2
12702,b_1Yi4y1s7Ex_clip_024.mp4,0,1
12705,b_1j741157BM_clip_128.mp4,1,3
12733,b_18x411D7vv_part1_clip_011.mp4,0,1
12734,b_1EJ411i7jU_clip_033.mp4,1,2
12736,b_1gT4y1V7xS_clip_006.mp4,3,2
12737,y_ts7lKdhojGY_clip_45.mp4,0,3
12750,b_1Vs411c765_clip_018.mp4,2,0
12751,b_1Gt411y7Xe_clip_008.mp4,0,3
12753,b_1ix411Q7BZ_part1_clip_008.mp4,3,1
12762,y_xjhHM0ilzZ8_clip_2.mp4,0,3
12765,b_1KT4y157KK_clip_037.mp4,3,1
12774,b_18f4y1U73n_clip_004.mp4,0,3
12779,b_1St411F7zW_clip_001.mp4,1,3
12795,b_147411W7AT_clip_026.mp4,2,1
12799,c_movi7923_16.mp4,3,2
12800,b_1j741157BM_clip_101.mp4,1,2
12802,b_1it41197M2_clip_038.mp4,3,1
12804,b_1xz411z7b5_clip_034.mp4,2,3
12810,b_1kb41137Wh_clip_037.mp4,2,1
12813,b_1ft411V7Ua_clip_029.mp4,1,0
12824,b_1XE411p73c_clip_004.mp4,2,3
12826,b_1DT4y137h7_clip_048.mp4,2,1
12832,b_13E411B76K_clip_009.mp4,0,2
12835,b_1ex411q7R9_part2_clip_002.mp4,3,0
12846,b_14s411r7Qj_clip_007.mp4,3,2
12847,b_1gJ411U7nb_clip_021.mp4,1,0
12853,b_1rk4y1k7F9_clip_006.mp4,1,2
12868,c_movi7951_13.mp4,2,3
12876,b_1WE411j7JR_clip_014.mp4,2,1
12878,b_1XJ411G77m_clip_005.mp4,3,0
12883,b_1s5411x75d_clip_014.mp4,1,3
12889,b_1s5411x75d_clip_015.mp4,2,1
12898,b_1xz411z7b5_clip_022.mp4,0,3
12899,y__ZPuALATxEo_clip_6.mp4,3,0
12901,y_rKFyUXXfLkY_clip_1.mp4,3,2
12903,b_1Kt411c7wF_clip_017.mp4,3,2
12905,b_1bt411q7fm_clip_060.mp4,0,3
12913,y_D3e9OhvRSDo_clip_14.mp4,3,1
12922,b_1h5411t7Z5_clip_029.mp4,1,3
12928,b_1ut4y117xD_clip_029.mp4,0,2
12936,b_1bt411Q7qe_clip_003.mp4,3,2
12944,b_1dx411R7KU_clip_026.mp4,0,3
12948,b_1JE41147LF_clip_062.mp4,1,0
12949,b_1yE41187A9_clip_001.mp4,1,2
12950,y_6_L5tcEvGUw_clip_13.mp4,1,0
12960,b_11E41127kV_clip_033.mp4,2,1
12965,b_1Lt411j7s5_clip_036.mp4,0,2
12973,b_1Jt411R7tD_clip_022.mp4,1,0
12974,b_1Wk4y167ox_clip_026.mp4,3,0
12976,b_1at411b7Yw_clip_042.mp4,2,1
12977,b_15x411d7uX_clip_006.mp4,0,1
12982,b_1dz4y1R7gY_clip_008.mp4,1,3
12985,b_1RJ411T7Hh_clip_039.mp4,0,1
12999,b_1Yk4y1R7hE_clip_030.mp4,0,3
13005,b_1Qi4y1x7Ht_clip_021.mp4,3,1
13014,b_1Tt411E7T8_clip_014.mp4,2,1
13020,b_16W411t7ht_part1_clip_016.mp4,2,3
13029,b_1jE411f71G_clip_012.mp4,2,1
13034,b_1Lt411G7XD_clip_014.mp4,2,3
13047,b_1N4411J7oN_clip_004.mp4,0,1
13053,b_1At411g7Sm_clip_019.mp4,0,3
13066,b_1Gg4y1a7Ef_clip_038.mp4,1,0
13067,b_1G7411G7yS_clip_103.mp4,3,2
13069,y_HF3YvZB6NuM_clip_2.mp4,0,1
13074,b_1xz411z7b5_clip_041.mp4,2,1
13082,b_1KJ411T7Jo_clip_015.mp4,0,1
13083,b_1i4411g74f_clip_011.mp4,1,0
13086,b_1R7411p7qA_clip_029.mp4,1,2
13088,b_1i441117ec_clip_016.mp4,3,2
13102,b_1Yt411T7w2_clip_010.mp4,0,1
13103,b_1ut4y117xD_clip_028.mp4,3,2
13112,b_187411V7WG_clip_009.mp4,2,0
13114,b_1xQ4y1T7cR_clip_022.mp4,0,2
13119,b_1zs411t7AF_part2_clip_017.mp4,0,1
13126,b_1y4411Z7Xb_clip_026.mp4,1,3
13134,b_1xW41127ux_clip_041.mp4,3,1
13136,b_1ix411Z7U6_clip_015.mp4,2,0
13138,b_1Jx411Q79o_clip_015.mp4,1,2
13154,b_1hE411p7Th_clip_111.mp4,3,1
13156,b_1wZ4y1j729_clip_013.mp4,2,3
13170,b_1CJ411b7ru_clip_025.mp4,0,3
13180,b_1h4411P7pd_clip_016.mp4,3,0
13183,b_1jJ411V7xT_clip_003.mp4,3,2
13191,b_1NJ411q7pd_clip_012.mp4,3,0
13199,b_1PA411h72w_clip_025.mp4,0,2
13214,b_1mW411979K_clip_008.mp4,3,2
13219,b_1yE41187A9_clip_011.mp4,2,0
13221,b_1hE411p7Th_clip_053.mp4,0,3
13231,b_18a4y14785_clip_025.mp4,1,2
13236,b_1ya4y1e7Tn_clip_032.mp4,2,3
13237,b_1p4411U7m1_clip_020.mp4,3,2
13242,b_157411V7Rt_clip_035.mp4,2,1
13243,b_1bW411B7qV_part1_clip_002.mp4,1,3
13257,b_1Px411g7pT_part1_clip_003.mp4,1,2
13259,b_1xa4y1t7dP_clip_018.mp4,1,2
13263,b_1h5411t7Z5_clip_023.mp4,3,1
13266,b_1b4411N78e_clip_004.mp4,2,1
13272,b_1KK41157yS_clip_007.mp4,3,1
13278,b_1Px411g7pT_part1_clip_009.mp4,2,1
13285,b_1Fx411172G_part1_clip_021.mp4,1,3
13297,b_1Jx411Q79o_clip_014.mp4,0,3
13303,b_1JE41147LF_clip_090.mp4,0,2
13314,b_1iT4y1u721_clip_020.mp4,3,1
13318,y_AC2R889a-LI_clip_25.mp4,0,3
13329,b_1mt411p7xH_clip_012.mp4,3,0
13335,b_1zJ411x7dw_clip_029.mp4,0,3
13354,b_1xz411z7b5_clip_015.mp4,2,3
13372,b_1UZ4y1x7w2_clip_016.mp4,3,2
13380,b_12J41147hT_clip_026.mp4,3,2
13394,b_1z4411b7KS_clip_035.mp4,1,2
13400,b_1Px411Q7hu_part2_clip_004.mp4,0,3
13408,b_1cJ41167TW_clip_043.mp4,0,2
13417,b_1Dx411Q7BP_clip_011.mp4,3,1
13419,b_1BW411m7YG_clip_001.mp4,0,1
13422,b_1Yk4y1R7hE_clip_009.mp4,1,0
13426,b_1bJ411J78u_clip_028.mp4,3,0
13430,b_1DK411W72b_clip_025.mp4,0,2
13438,b_1ya4y1e7Tn_clip_047.mp4,0,3
13445,b_1mW411979K_clip_016.mp4,1,2
13451,b_1H5411s7ho_clip_012.mp4,3,1
13459,b_1Rt411n7CX_clip_001.mp4,0,2
13467,b_1x4411N7yL_clip_006.mp4,2,0
13471,b_1X5411x75n_clip_037.mp4,2,1
13479,b_1DK411W72b_clip_001.mp4,0,3
13483,b_1bt41197FJ_clip_006.mp4,3,2
13488,b_1H5411s7ho_clip_022.mp4,1,3
13490,b_1ME411F7sz_clip_035.mp4,3,1
13493,b_12J41147hT_clip_026.mp4,1,3
13496,y_eSWXU3rZcK8_clip_3.mp4,3,1
13502,b_1H7411C7jf_clip_015.mp4,2,0
13505,b_14E411D7YA_clip_009.mp4,1,0
13513,b_1Yx411B7QX_part2_clip_011.mp4,1,0
13516,b_1RA411q7vt_clip_032.mp4,2,1
13518,b_1F7411Z74z_clip_018.mp4,0,1
13519,y_ghHBwCu5hiU_clip_15.mp4,2,0
13532,b_1Mt41177QG_clip_032.mp4,2,0
13533,b_13x41197oW_clip_012.mp4,2,0
13544,b_1a7411L7PC_clip_024.mp4,2,1
13558,b_1wx411D7Na_part1_clip_013.mp4,2,0
13572,b_1Mx411Z7ve_clip_018.mp4,2,0
13577,b_1jW411H7pd_part1_clip_006.mp4,2,3
13581,b_1ix411Z7U6_clip_002.mp4,1,0
13583,b_1H7411C7jf_clip_019.mp4,2,3
13586,b_1pa4y1v7d7_clip_024.mp4,0,3
13589,b_1Ht411X7Qn_clip_026.mp4,1,3
13591,b_1gE411L7oE_clip_007.mp4,2,1
13595,b_1yE411j7KU_clip_028.mp4,0,3
13602,b_114411w739_clip_014.mp4,2,1
13608,b_1G7411G7yS_clip_048.mp4,3,2
13615,b_1Gk4y1r7HT_clip_004.mp4,2,1
13616,c_movi7923_4.mp4,2,1
13623,b_1Ws411F7MQ_clip_007.mp4,1,3
13626,b_1vs411w7a9_clip_012.mp4,3,2
13628,b_1GW411p7LU_part1_clip_014.mp4,1,0
13635,y_n8S0it3v0pg_clip_4.mp4,2,3
13641,b_184411c7bt_clip_001.mp4,2,0
13649,b_1ix411Q7BZ_part1_clip_012.mp4,3,1
13655,b_1js411u7Er_clip_016.mp4,3,2
13658,b_1mx411B7Z1_part1_clip_003.mp4,1,0
13668,b_197411y7eX_clip_008.mp4,2,3
13672,b_19t411q7rr_clip_024.mp4,1,0
13674,b_1vt411E74g_clip_011.mp4,2,3
13685,b_1TW411e7yg_part1_clip_017.mp4,3,1
13688,b_1s7411e7XW_clip_014.mp4,2,0
13693,b_1wt411u7QM_clip_002.mp4,0,2
13716,y_0c_HeeoJ05E_clip_8.mp4,1,0
13719,b_1H441157JJ_clip_020.mp4,2,0
13721,b_1PC4y1p7sq_clip_015.mp4,3,1
13726,b_1NQ4y1N7N3_clip_016.mp4,2,3
13746,b_1f4411N7Zp_clip_048.mp4,1,0
13761,b_1ZA411i7Li_clip_041.mp4,2,3
13762,b_1Bb411A74A_clip_009.mp4,2,3
13765,b_1G7411G7yS_clip_095.mp4,1,3
13767,b_1Bb411r7JE_clip_031.mp4,1,2
13768,b_1mx411S7tx_clip_002.mp4,2,3
13782,b_1Mx411Z7ve_clip_010.mp4,2,0
13792,j_3723.mp4,0,1
13797,b_1et411q7Pj_clip_032.mp4,1,0
13803,b_1f4411N7Zp_clip_047.mp4,2,3
13805,b_1Wk4y167ox_clip_020.mp4,1,2
13811,b_1EE411d7hM_clip_019.mp4,0,1
13817,b_1aZ4y1s7BV_clip_005.mp4,0,3
13821,b_1NQ4y1N7N3_clip_004.mp4,2,3
13826,b_1Z4411H7pb_clip_021.mp4,1,3
13830,c_movi7929_1.mp4,3,2
13834,b_1GW411p7LU_part1_clip_014.mp4,2,0
13844,b_1tJ411C7sF_clip_023.mp4,1,3
13848,b_1Yk4y1R7hE_clip_028.mp4,3,2
13851,b_1gJ411U7nb_clip_005.mp4,3,2
13855,b_1YJ411x78w_clip_016.mp4,3,1
13858,b_1jT4y1G7K7_clip_002.mp4,3,2
13859,b_1yg4y187PF_clip_043.mp4,0,2
13862,b_1Zx411Q7mv_clip_015.mp4,1,3
13865,b_1jJ411V7xT_clip_033.mp4,1,2
13866,b_18f4y1U73n_clip_036.mp4,3,2
13869,b_1e4411a7Aw_clip_011.mp4,1,0
13878,y_n8S0it3v0pg_clip_3.mp4,2,1
13882,b_1ya4y1e7Tn_clip_032.mp4,3,0
13888,y_jRsR22p2i2U_clip_12.mp4,2,3
13891,b_1ya4y1e7Tn_clip_042.mp4,0,2
13894,b_1B7411s7t1_clip_030.mp4,2,1
13912,y_iCmT5PXwy08_clip_14.mp4,3,1
13916,b_1Ws411F7MQ_clip_021.mp4,0,3
13918,b_1VE411a7Aa_clip_019.mp4,2,1
13921,b_154411v7Jh_clip_023.mp4,1,2
13922,b_14E411D7YA_clip_018.mp4,0,1
13932,b_1FW41177m2_part2_clip_030.mp4,3,1
13954,b_1Ab411h7kK_clip_039.mp4,1,0
13957,b_1Yt411Y7VQ_clip_020.mp4,2,3
13958,b_12a4y1i7Nk_clip_042.mp4,3,2
13990,b_13t411k7ib_clip_028.mp4,0,2
13996,b_1JE41147LF_clip_044.mp4,2,3
14001,b_1SJ411S7Hb_clip_026.mp4,2,3
14003,b_1XJ411G77m_clip_012.mp4,1,2
14007,b_1Fx411x7ge_clip_003.mp4,3,1
14021,b_1nt411E76Z_clip_007.mp4,1,3
14036,b_1EJ41117Tu_clip_010.mp4,3,2
14038,b_19t411B7A4_clip_001.mp4,2,1
14039,b_1G7411G7yS_clip_047.mp4,2,1
14040,b_1s7411J7yN_clip_095.mp4,3,1
14043,b_16W411t7ht_part1_clip_011.mp4,1,0
14045,b_1Vs41157A6_part1_clip_010.mp4,2,0
14046,b_1xz411z7b5_clip_042.mp4,3,2
14048,c_movi7929_9.mp4,1,2
14056,b_1gT4y1V7xS_clip_019.mp4,1,0
14059,b_1bt411z7Ps_clip_038.mp4,3,1
14066,y_6LUTxzXfQW0_clip_17.mp4,3,1
14067,b_1ya4y1e7Tn_clip_007.mp4,0,2
14080,b_1Ab411k7qb_clip_044.mp4,3,0
14081,b_1wx411o7oW_clip_003.mp4,3,0
14082,y_uNZiDOiorz4_clip_12.mp4,2,0
14088,b_1RA411q7vt_clip_015.mp4,3,2
14089,b_11E41127kV_clip_008.mp4,1,2
14092,c_movi7951_7.mp4,1,2
14098,b_1iJ411t7VY_clip_007.mp4,2,1
14099,b_1Kx411k71e_clip_011.mp4,2,1
14100,c_sunp1672_2.mp4,2,0
14113,b_1c54y1R7Tb_clip_036.mp4,1,2
14114,b_1YK4y1k7SF_clip_001.mp4,0,2
14118,b_1D4411n7J6_clip_030.mp4,0,2
14122,b_1DK411W72b_clip_024.mp4,2,1
14126,y_eh5uVEEyV9A_clip_15.mp4,3,1
14132,b_1Gx411i7XG_part1_clip_001.mp4,2,1
14133,b_1i741177YW_clip_010.mp4,0,2
14134,b_1ix411Z7U6_clip_009.mp4,2,0
14145,b_1Sx411x7Zd_part1_clip_008.mp4,1,0
14148,y_RHKFbr4wRTY_clip_12.mp4,2,0
14149,b_1sk4y1R76V_clip_004.mp4,2,0
14155,b_1WJ411B7qY_clip_004.mp4,2,0
14157,b_1PJ41147iD_clip_011.mp4,1,0
14164,b_1m7411P7Fe_clip_025.mp4,0,3
14173,y_CzrWKnJ95Q4_clip_8.mp4,3,2
14177,b_16b411C7Y7_clip_026.mp4,0,2
14188,b_1cx411i7YV_part1_clip_008.mp4,2,3
14206,b_13E411B7zm_clip_007.mp4,1,0
14223,b_1UW41187q3_part1_clip_005.mp4,2,0
14229,b_1f7411R7ab_clip_036.mp4,2,0
14231,b_13s411V72j_part2_clip_008.mp4,0,1
14236,b_1kt411174V_clip_007.mp4,3,1
14239,b_1u4411p7uk_clip_101.mp4,3,0
14248,y_tjXukxZzsg8_clip_21.mp4,2,0
14258,b_194411Z7Nh_clip_002.mp4,3,1
14285,b_1h5411t7Z5_clip_009.mp4,1,0
14295,b_1uT4y1g7Bt_clip_014.mp4,1,3
14301,b_1z4411b7KS_clip_014.mp4,0,3
14311,b_1GJ411h7Mb_clip_032.mp4,0,2
14322,b_1hW411e7WB_clip_010.mp4,2,1
14326,b_1RA411q7vt_clip_014.mp4,3,2
14331,b_1et411v7TQ_clip_026.mp4,3,1
14340,b_1Ft411E7zW_clip_014.mp4,1,0
14369,b_13t411k7ib_clip_029.mp4,0,2
14374,b_1bt41197FJ_clip_016.mp4,3,0
14383,b_1SE411g7EW_clip_037.mp4,1,2
14384,b_1Tx411V7HU_part1_clip_002.mp4,3,1
14390,b_1ME411F7sz_clip_048.mp4,2,1
14396,y_0hhLZtjyZhA_clip_15.mp4,2,0
14400,y_6LUTxzXfQW0_clip_12.mp4,2,3
14404,c_sunp1669_11.mp4,2,0
14408,b_1i741177YW_clip_044.mp4,2,0
14413,b_17E411W7bc_clip_040.mp4,1,3
14417,b_1v4411g7cH_clip_026.mp4,2,0
14418,b_1tt41157jk_clip_044.mp4,1,0
14426,b_1HT4y1g7E3_clip_022.mp4,3,1
14427,b_1BJ411u7Sn_clip_002.mp4,0,1
14430,b_184411c7bt_clip_001.mp4,2,0
14434,b_1JW411b7Vn_part1_clip_002.mp4,2,0
14438,b_1G4411i7Xt_clip_045.mp4,2,1
14439,b_1WE411F7LD_clip_009.mp4,1,0
14445,b_1CJ411b7ru_clip_006.mp4,1,2
14448,b_1iJ41157oC_clip_012.mp4,1,3
14451,b_1yt411k7va_clip_036.mp4,1,0
14455,b_1RJ411T7Hh_clip_011.mp4,1,2
14458,b_1s5411x75d_clip_004.mp4,0,1
14469,b_1SE411Z7mT_clip_018.mp4,2,3
14491,b_14a4y147uG_clip_020.mp4,2,3
14499,b_1F7411Z74z_clip_001.mp4,2,0
14507,b_16Q4y1M7Gp_clip_018.mp4,3,1
14509,y_1iK4mwXxgOc_clip_6.mp4,3,1
14520,b_1gp411Z7uR_part2_clip_006.mp4,0,2
14534,b_1cf4y1U76Q_clip_049.mp4,1,3
14539,b_1xp4y1Q7WJ_clip_004.mp4,3,0
14554,b_1GW411p7LU_part1_clip_022.mp4,3,1
14560,b_1bt41197FJ_clip_030.mp4,3,1
14569,b_1SJ411S7Hb_clip_003.mp4,1,0
14590,b_1rJ411j7mc_clip_022.mp4,3,1
14597,y_4YwRDwe5Bd8_clip_12.mp4,0,2
14598,b_1ix411Q7BZ_part1_clip_009.mp4,2,0
14601,b_1jT4y1G7K7_clip_046.mp4,0,2
14609,b_15b411b7Zc_clip_010.mp4,1,3
14614,c_sunp1650_4.mp4,2,1
14622,b_1y4411Z7Xb_clip_018.mp4,0,2
14635,b_1vJ411B7BH_clip_001.mp4,2,3
14637,b_1AJ411579g_clip_020.mp4,3,1
14647,b_1Ht41137f7_clip_010.mp4,0,1
14661,c_movi7951_16.mp4,3,2
14668,b_1s5411x75d_clip_012.mp4,0,3
14684,b_1Et411K7EN_clip_029.mp4,3,2
14692,b_1F7411Z74z_clip_057.mp4,1,3
14695,b_1X5411x75n_clip_003.mp4,1,3
14722,b_1X7411m71Z_clip_005.mp4,1,2
14754,c_sunp1672_10.mp4,1,3
14765,b_1at411b7Yw_clip_015.mp4,1,2
14766,b_1vs411w7a9_clip_003.mp4,2,3
14778,b_1oE411d7zf_clip_012.mp4,3,2
14782,b_1Gt411p7rv_clip_015.mp4,2,1
14788,b_1MJ411A7ND_clip_026.mp4,3,0
14796,b_1GW411p7LU_part1_clip_019.mp4,2,1
14798,b_1DT4y137h7_clip_017.mp4,0,3
14800,b_1c54y1R7Tb_clip_029.mp4,1,0
14804,b_1CJ411b7ru_clip_012.mp4,2,0
14815,b_1Gt411y7Xe_clip_026.mp4,0,3
14820,b_1YK4y1k7SF_clip_030.mp4,3,0
14824,b_1bt41197FJ_clip_024.mp4,0,3
14826,b_1Gk4y1r7HT_clip_026.mp4,1,0
14831,b_1jJ411V7xT_clip_016.mp4,0,2
14834,b_1R7411u769_clip_052.mp4,3,2
14835,b_1c54y1R7Tb_clip_019.mp4,0,1
14836,b_1s7411J7yN_clip_094.mp4,2,0
14840,b_1et411v7TQ_clip_008.mp4,1,3
14841,b_1BJ411N7hE_clip_028.mp4,3,2
14842,b_1iT4y1u721_clip_017.mp4,3,2
14846,b_1vt411E74g_clip_009.mp4,2,0
14847,b_15x411d7uX_clip_008.mp4,2,0
14852,b_1Ws411F7MQ_clip_028.mp4,1,3
14856,b_1XJ411G77m_clip_017.mp4,3,1
14857,b_1c5411t7X7_clip_019.mp4,0,3
14862,c_sunp1652_10.mp4,1,3
14863,b_1qt411H7kH_clip_021.mp4,2,0
14873,b_1h5411t7Z5_clip_025.mp4,2,3
14875,b_1Va4y147PH_clip_031.mp4,0,2
14879,b_1MJ411A7ND_clip_026.mp4,3,0
14902,b_1Yt411T7w2_clip_008.mp4,1,2
14904,b_1xV411f74o_clip_033.mp4,0,2
14914,b_1yJ411k7Yo_clip_019.mp4,1,2
14918,b_1h5411t7Z5_clip_023.mp4,2,3
14937,b_1Xt411i7mN_clip_001.mp4,1,2
14941,b_1Lt411G7XD_clip_020.mp4,3,1
14955,b_1wx411D7Na_part2_clip_001.mp4,0,2
14962,b_1F7411Z74z_clip_040.mp4,2,1
14973,b_1j741157BM_clip_006.mp4,1,2
14975,b_1xp4y1Q7WJ_clip_021.mp4,1,2
14979,b_1m7411P7Fe_clip_018.mp4,2,1
14982,b_1Tx411D7hK_part2_clip_006.mp4,2,0
14986,b_1Qi4y1x7Ht_clip_003.mp4,2,3
14987,b_13b411V7L9_clip_008.mp4,2,0
15001,b_1Bf4y1U7Ft_clip_009.mp4,3,1
15014,b_1d7411a7sR_clip_015.mp4,3,1
15015,c_movi7922_18.mp4,0,1
15018,b_1ZA411i7Li_clip_029.mp4,1,0
15029,b_1yJ411k7Yo_clip_019.mp4,3,1
15036,b_1BJ411u7Sn_clip_006.mp4,1,2
15040,b_1YK4y1k7SF_clip_030.mp4,2,0
15047,y_uNZiDOiorz4_clip_18.mp4,3,1
15062,b_1ft411Q7uA_clip_002.mp4,1,3
15070,b_1B4411j7Wo_clip_037.mp4,0,1
15076,b_1PJ41147iD_clip_011.mp4,0,1
15081,b_1Mx411Z7ve_clip_010.mp4,0,3
15082,b_1Dx41167Vx_part1_clip_001.mp4,1,2
15092,b_1z4411b7KS_clip_003.mp4,1,3
15102,b_1ix411Z7U6_clip_034.mp4,3,1
15110,b_1hE411k7re_clip_011.mp4,3,2
15115,c_movi7932_26.mp4,1,0
15124,b_1TW411Y7kk_clip_011.mp4,1,3
15148,b_1B4411j7Wo_clip_030.mp4,0,1
15157,y_23ZW80OBD9g_clip_7.mp4,2,3
15173,b_1NJ411q7pd_clip_010.mp4,1,2
15175,b_1zs411t7AF_part2_clip_004.mp4,2,0
15182,b_1bt41197FJ_clip_029.mp4,1,2
15186,b_1Ei4y1t7VC_clip_023.mp4,0,2
15193,b_1xz4y197zH_clip_019.mp4,2,3
15201,b_1kQ4y1P78M_clip_021.mp4,0,2
15206,b_1PJ411v7n1_clip_015.mp4,3,0
15213,b_1P4411B7oe_clip_024.mp4,1,3
15216,b_1rJ411K7pL_clip_013.mp4,1,0
15219,b_1fg4y1B7cA_clip_007.mp4,3,0
15229,b_1NJ411F7Y6_clip_009.mp4,1,3
15235,b_1xz411z7b5_clip_022.mp4,3,1
15244,b_1cx411V7vf_part1_clip_005.mp4,1,0
15268,b_1m7411P7Fe_clip_010.mp4,3,2
15270,y_Rp4IpAoz5kA_clip_7.mp4,2,1
15279,b_1gJ411U7nb_clip_018.mp4,2,3
15286,b_1b4411R7AX_clip_011.mp4,1,0
15297,b_1KJ411T7Jo_clip_015.mp4,2,0
15301,b_1jJ41137F7_clip_028.mp4,2,1
15310,b_1rt411q7vk_clip_026.mp4,2,1
15315,b_1St411F7zW_clip_009.mp4,1,2
15319,b_1S54y1R7o3_clip_013.mp4,1,0
15323,c_sunp1713_12.mp4,3,1
15326,b_1yE41187A9_clip_002.mp4,1,3
15334,b_1DT4y137h7_clip_007.mp4,1,2
15339,b_1B4411r7M7_clip_041.mp4,0,2
15343,b_1DW411b7Xp_clip_011.mp4,3,1
15344,b_1PE411X762_clip_018.mp4,2,0
15345,b_1Ws411F7MQ_clip_018.mp4,0,3
15365,b_1kk4y1d7Xu_clip_003.mp4,2,1
15368,b_1yE41187A9_clip_012.mp4,3,1
15370,b_1i7411f7Jc_clip_002.mp4,3,1
15379,b_1rJ411K7pL_clip_028.mp4,0,2
15382,b_1XJ411G77m_clip_029.mp4,0,1
15383,b_16J411t7DB_clip_004.mp4,1,3
15391,b_1Dt41157CX_clip_035.mp4,2,3
15407,b_1mb411w7ei_clip_010.mp4,0,2
15414,b_1Ab411h7kK_clip_039.mp4,1,0
15419,b_194411C7mL_clip_011.mp4,3,2
15430,b_1rf4y127sM_clip_005.mp4,2,1
15435,b_1Ws411F7MQ_clip_015.mp4,1,2
15441,y_DoiBz_oa6XA_clip_6.mp4,3,0
15462,y_8n805p23z1I_clip_8.mp4,3,2
15464,b_1rk4y1k7F9_clip_008.mp4,1,2
15486,b_1G4411i7Xt_clip_033.mp4,0,2
15491,b_1L4411Y7ib_clip_028.mp4,0,1
15513,b_1LW411s7qq_clip_039.mp4,3,0
15514,b_1at411b7Yw_clip_003.mp4,0,2
15515,b_1Zt411F75e_clip_039.mp4,0,2
15517,b_194411y72B_clip_025.mp4,0,2
15523,b_1ft411B7pV_clip_017.mp4,3,1
15525,b_1uJ411h7tp_clip_034.mp4,2,1
15526,b_1Ht411X7Qn_clip_026.mp4,0,1
15533,b_1at411y7Eo_clip_010.mp4,2,1
15540,b_1ME411F7sz_clip_048.mp4,0,2
15542,b_18a4y14785_clip_025.mp4,2,0
15543,b_1Gg4y1z7gn_clip_011.mp4,0,2
15548,b_1X7411m71Z_clip_006.mp4,3,2
15554,b_1s7411J7yN_clip_002.mp4,1,0
15556,b_1JE41147LF_clip_001.mp4,3,1
15558,y_uNZiDOiorz4_clip_12.mp4,2,1
15561,b_1ct411D77a_clip_007.mp4,1,0
15578,b_15x411f7Tk_clip_015.mp4,2,3
15581,b_1LW411v7Tv_part1_clip_009.mp4,1,0
15587,b_1MW411J7Br_clip_034.mp4,3,1
15588,b_1iT4y1u721_clip_008.mp4,2,1
15590,b_1rt411q7vk_clip_014.mp4,1,3
15599,b_15x41147fc_part2_clip_001.mp4,3,2
15606,b_1Gt411p7rv_clip_012.mp4,3,0
15617,y_tP19WuyY3IY_clip_3.mp4,0,1
15639,b_18J411H7we_clip_028.mp4,2,1
15652,b_1DT4y137h7_clip_017.mp4,2,0
15656,b_1y4411Z7Xb_clip_029.mp4,0,2
15667,y_eGJg0u9pD_s_clip_4.mp4,1,3
15675,b_1zs411t7AF_part2_clip_004.mp4,3,2
15678,b_19J411p7Ck_clip_014.mp4,2,0
15686,b_1Nk4y1k7nk_clip_035.mp4,2,0
15703,b_1Lx41117sr_part1_clip_004.mp4,0,1
15709,b_1yE411j7KU_clip_077.mp4,3,0
15712,b_18J411H7we_clip_028.mp4,2,0
15737,y_w8oNl1D20Hs_clip_10.mp4,0,3
15742,c_movi7916_22.mp4,0,2
15750,b_1F7411Z74z_clip_039.mp4,2,3
15755,b_1jJ411V7xT_clip_024.mp4,3,1
15758,b_1bJ411J78u_clip_018.mp4,2,1
15761,b_124411F77k_clip_008.mp4,1,0
15766,b_1Yt411T7w2_clip_008.mp4,3,1
15767,b_1WE411F7LD_clip_011.mp4,2,1
15771,b_1At411i75B_clip_009.mp4,1,2
15797,b_1bt411Q7qe_clip_020.mp4,0,2
15803,y_0gdy9L5whEs_clip_14.mp4,3,0
15811,c_movi7925_3.mp4,0,3
15840,y_23ZW80OBD9g_clip_11.mp4,0,3
15851,b_1hW411e7WB_clip_017.mp4,3,2
15875,y_DoiBz_oa6XA_clip_7.mp4,2,3
15894,b_1uE411s7Cf_clip_005.mp4,2,1
15938,b_1cJ41167TW_clip_019.mp4,3,2
15950,b_1hE411p7Th_clip_099.mp4,0,1
15955,b_1qK4y1r7G5_clip_016.mp4,3,0
15969,b_1zs411t7AF_part2_clip_002.mp4,2,1
16012,b_1Sp4y1C7DJ_clip_004.mp4,1,3
16022,c_movi7924_1.mp4,1,0
16029,b_19b411i7a3_clip_014.mp4,0,2
16035,b_18441187uH_clip_004.mp4,1,2
16044,b_1nJ411W7Ar_clip_001.mp4,2,1
16045,b_14s411r7mP_part2_clip_003.mp4,2,0
16061,b_18f4y1U73n_clip_035.mp4,3,0
16071,b_1Bb411A74A_clip_002.mp4,3,2
16101,b_16W411i7GR_part1_clip_010.mp4,3,0
16102,b_1j7411h7kb_clip_016.mp4,3,1
16118,b_1ya4y1e7Tn_clip_033.mp4,3,1
16126,b_1Bb411A74A_clip_006.mp4,3,2
16127,b_19t411B7A4_clip_001.mp4,3,0
16128,b_19J411H7pW_clip_002.mp4,3,2
16137,y_IFconGvJ86o_clip_10.mp4,2,3
16142,c_movi7951_3.mp4,0,1
16146,b_1zt41197dG_clip_002.mp4,0,2
16163,b_1F7411Z74z_clip_052.mp4,2,0
16167,b_1xz411z7b5_clip_021.mp4,1,3
16175,b_1nJ411W7Ar_clip_030.mp4,3,2
16183,b_1b4411R7AX_clip_020.mp4,3,0
16189,b_1Yt411Y7VQ_clip_026.mp4,1,2
16190,b_16x411o7wR_clip_011.mp4,2,1
16194,b_1bJ411J78u_clip_018.mp4,1,2
16214,b_1zJ411x7dw_clip_035.mp4,1,2
16228,b_194411Z7Nh_clip_027.mp4,2,0
16280,b_1EJ411i7jU_clip_002.mp4,1,2
16287,b_11x411S7GS_part1_clip_019.mp4,0,2
16291,b_1L4411M7kf_clip_020.mp4,1,3
16312,b_1ZA411i7Li_clip_010.mp4,0,1
16313,b_1Gg4y1a7Ef_clip_037.mp4,3,1
16370,y_jsfgLt6jf_g_clip_12.mp4,0,3
16387,b_1rk4y1k7F9_clip_006.mp4,1,0
16390,b_1Px411b7of_part1_clip_012.mp4,1,0
16394,b_15b411V7pZ_clip_029.mp4,3,2
16402,b_1ut4y117xD_clip_049.mp4,3,2
16416,b_1yJ411s7Fw_clip_032.mp4,0,1
16425,b_1G7411G7yS_clip_052.mp4,1,3
16433,b_12s411N7wZ_clip_001.mp4,3,1
16444,b_1Dx411Q7BP_clip_002.mp4,0,3
16468,b_1B4411D7Ak_clip_021.mp4,2,0
16482,b_1dJ411F7W2_clip_020.mp4,1,2
16501,y_grI4X4CiD8o_clip_8.mp4,1,2
16513,b_1bt41197FJ_clip_006.mp4,1,3
16540,b_174411Z7eo_clip_026.mp4,1,3
16542,b_1SE411g7EW_clip_037.mp4,1,3
16580,b_1Vs411g7A4_clip_018.mp4,2,0
16614,b_1Tx411D7hK_part1_clip_003.mp4,3,0
16619,b_1Gt411y7Xe_clip_026.mp4,2,1
16621,b_1S7411P7yB_clip_008.mp4,3,1
16625,b_1N4411J7oN_clip_012.mp4,2,1
16646,b_1X5411x75n_clip_037.mp4,2,0
16670,b_1Wk4y167ox_clip_033.mp4,0,1
16671,b_1tJ411Q7Yq_clip_002.mp4,0,2
16676,b_1DT4y137h7_clip_021.mp4,2,3
16680,b_1j741157BM_clip_016.mp4,1,2
16684,b_1Xt411s7y5_clip_013.mp4,0,3
16690,b_1hJ41127mG_clip_015.mp4,1,2
16694,b_16J411t7DB_clip_021.mp4,2,0
16703,b_17J411a7tz_clip_042.mp4,2,3
16708,b_1J7411377C_clip_045.mp4,3,0
16721,b_17J411a7tz_clip_023.mp4,0,2
16741,b_1Bf4y1U7Ft_clip_027.mp4,0,2
16753,b_1BQ4y1M7Lx_clip_011.mp4,3,0
16754,b_1U7411u7uy_clip_033.mp4,1,3
16784,b_1RT4y1u7Hf_clip_005.mp4,0,2
16794,b_1UK41157MY_clip_023.mp4,2,0
16816,b_12s411N7wZ_clip_001.mp4,1,0
16834,b_14E411C7j1_clip_009.mp4,1,2
16846,b_1vJ411B7BH_clip_046.mp4,1,0
16852,b_18t41147ht_clip_010.mp4,0,1
16861,b_1J7411377C_clip_131.mp4,1,0
16881,b_1n4411K7Np_clip_003.mp4,1,0
16896,b_1ix411R7tt_clip_006.mp4,1,2
16898,j_2793.mp4,3,2
16902,c_sunp1668_17.mp4,3,0
16908,b_1Cb411b7BW_clip_019.mp4,0,2
16931,b_1RJ411T7Hh_clip_008.mp4,2,1
16951,b_1it41157YF_clip_017.mp4,3,2
16959,b_1xz411z7b5_clip_021.mp4,2,0
16982,b_1zs411t7AF_part2_clip_002.mp4,2,3
16991,b_194411Z7Nh_clip_002.mp4,1,0
17007,y_r5LeXZiuplQ_clip_1.mp4,1,3
17009,b_1Kt411c7wF_clip_017.mp4,1,2
17016,b_18a4y14785_clip_006.mp4,2,3
17018,b_1uE411C7sZ_clip_024.mp4,3,2
17020,b_19E411b7WH_clip_042.mp4,2,0
17040,b_1R7411u769_clip_089.mp4,1,0
17065,b_1jJ411V7xT_clip_043.mp4,0,2
17071,b_1kJ411e7qf_clip_020.mp4,1,3
17072,b_1at411b7Yw_clip_035.mp4,3,1
17073,b_1UK411L7wa_clip_024.mp4,2,1
17089,b_1Lx41117sr_part2_clip_004.mp4,2,1
17098,c_sunp1692_9.mp4,1,3
17122,b_1iJ411t7VY_clip_013.mp4,0,1
17139,b_1Qt411K7JU_clip_002.mp4,2,1
17149,b_1ZA411i7Li_clip_016.mp4,2,1
17180,b_11x411i7ms_part1_clip_002.mp4,1,0
17189,b_1gJ411U7nb_clip_013.mp4,3,0
17197,b_12t411o7c5_clip_011.mp4,0,1
17214,b_1Bs411T7QD_clip_002.mp4,1,0
17238,y_GBAW2vhPk60_clip_10.mp4,3,0
17258,b_1yJ411k7Yo_clip_019.mp4,1,0
17273,b_1YE411r7e1_clip_011.mp4,0,1
17298,b_1et411q7Pj_clip_044.mp4,3,1
17304,y_dPbipg5_kqM_clip_16.mp4,2,0
17319,b_1F7411x7Xw_clip_044.mp4,2,3
17324,b_194411p7Ho_clip_010.mp4,1,0
17370,b_1X5411x75n_clip_022.mp4,0,3
17373,b_1Gt411p7rv_clip_007.mp4,3,2
17376,b_1tJ411C7sF_clip_045.mp4,1,2
17390,b_1Rt411j7yx_clip_024.mp4,2,1
17393,b_15b411V7pZ_clip_021.mp4,0,2
17397,b_187411V7WG_clip_096.mp4,3,0
17407,b_1Ez411q7MR_clip_014.mp4,3,1
17423,b_1sC4y1s7oK_clip_006.mp4,0,3
17457,b_12K4y1C7ak_clip_020.mp4,2,1
17458,b_1d7411a7sR_clip_015.mp4,2,3
17483,b_1F4411d7Um_clip_007.mp4,1,3
17498,b_1d7411a7sR_clip_015.mp4,0,2
17512,b_1Qx411C7FR_part1_clip_003.mp4,0,2
17530,b_1Nt41127AL_clip_012.mp4,0,3
17535,b_1B4411d7Pv_clip_022.mp4,3,1
17548,b_1ft411V7Ua_clip_035.mp4,2,1
17571,j_3645.mp4,0,2
17573,b_184411c7bt_clip_007.mp4,3,2
17590,b_1JW411b7Vn_part2_clip_004.mp4,3,2
17667,b_1gJ411U7nb_clip_005.mp4,2,0
17687,y_dPbipg5_kqM_clip_15.mp4,3,1
17698,b_1d54y1Q71E_clip_009.mp4,1,0
17708,b_1Ra4y1e7wT_clip_013.mp4,1,0
17711,b_12s411V71w_clip_021.mp4,3,2
17716,b_16x411o7wR_clip_026.mp4,3,2
17732,b_11E41127kV_clip_020.mp4,1,0
17795,b_1GJ411Y7QB_clip_027.mp4,3,0
17798,y_jXS553HFNsY_clip_11.mp4,2,0
17817,b_11x411i7ms_part1_clip_008.mp4,3,0
17823,y_IFconGvJ86o_clip_10.mp4,3,1
17835,y_0gdy9L5whEs_clip_24.mp4,3,1
17844,b_1z741177kN_clip_114.mp4,0,2
17845,b_17E411W7bc_clip_039.mp4,3,0
17858,b_1ut4y117xD_clip_018.mp4,3,1
17875,b_1Bx411d7N7_clip_023.mp4,0,2
17886,b_1PE411X762_clip_016.mp4,1,3
17906,b_18a4y14785_clip_011.mp4,0,1
17912,b_1DK411W72b_clip_043.mp4,2,0
17920,b_1U7411u7uy_clip_028.mp4,2,0
17930,y_stMcp7RDGuA_clip_12.mp4,3,2
17942,b_1yE41187A9_clip_011.mp4,0,3
17946,b_17x411D7y6_part1_clip_014.mp4,1,2
17972,b_1H4411d7T9_clip_013.mp4,0,2
17981,b_1V441187rn_clip_018.mp4,1,3
17991,b_1B4411j7Wo_clip_040.mp4,1,2
18011,b_19W411Y7k2_part2_clip_010.mp4,2,1
18015,b_1HT4y1g7E3_clip_001.mp4,2,3
18040,b_1Px411g7pT_part2_clip_003.mp4,2,1
18041,b_1r4411W7un_clip_025.mp4,3,2
18043,b_18W411J75e_clip_003.mp4,0,3
18055,b_1764y1M7zr_clip_019.mp4,0,1
18097,b_1ZV411k741_clip_023.mp4,0,3
18125,b_1wZ4y1j729_clip_018.mp4,0,3
18142,b_1XJ411m7H5_clip_012.mp4,2,0
18161,b_1VZ4y1j7C2_clip_012.mp4,3,1
18163,b_1PJ41147iD_clip_011.mp4,0,2
18167,b_1Gt411y7Xe_clip_017.mp4,0,1
18191,b_1Gk4y1r7HT_clip_002.mp4,0,2
18208,b_1kt411174V_clip_002.mp4,1,2
18272,b_17E411W7bc_clip_040.mp4,0,1
18322,y_ts7lKdhojGY_clip_51.mp4,2,1
18335,b_1J7411377C_clip_029.mp4,2,0
18367,y_AC2R889a-LI_clip_24.mp4,0,1
18394,b_14b411y79D_clip_007.mp4,0,1
18475,b_1s7411J7yN_clip_050.mp4,0,1
18521,b_1VZ4y1j7C2_clip_037.mp4,1,0
18527,b_1Kz411b7vS_clip_013.mp4,2,3
18553,b_1yV411d7fP_clip_003.mp4,3,0
18554,b_1Yt411Y7VQ_clip_015.mp4,1,0
18595,b_1U7411u7uy_clip_033.mp4,3,1
18616,b_1Dx41167Vx_part1_clip_006.mp4,2,1
18652,b_1XJ411G77m_clip_022.mp4,3,2
18658,b_1WE411F7LD_clip_036.mp4,3,2
18674,b_1bJ411J78u_clip_038.mp4,2,3
18703,b_1JE41147LF_clip_018.mp4,3,2
18722,b_1FW41177m2_part2_clip_022.mp4,2,3
18726,b_157411V7Rt_clip_039.mp4,0,1
18731,y_n8S0it3v0pg_clip_11.mp4,2,1
18735,b_13W411S7hX_clip_020.mp4,1,0
18762,b_1b7411y7Kg_clip_002.mp4,3,2
18771,b_1a4411B7sb_clip_011.mp4,3,1
18794,b_1pZ4y1s7ma_clip_004.mp4,1,0
18798,b_1X7411p7ZA_clip_033.mp4,3,1
18827,b_1VZ4y1j7C2_clip_011.mp4,0,3
18837,b_1wT4y1V7iy_clip_030.mp4,3,0
18839,b_16s41167pP_clip_001.mp4,2,3
18907,b_1kt411C7cs_clip_009.mp4,1,0
18923,b_1X7411i7Ph_clip_050.mp4,2,3
18951,b_1Yt411Y7VQ_clip_013.mp4,0,1
18955,b_1F7411Z74z_clip_001.mp4,2,1
18983,b_14x411z7Qu_part1_clip_012.mp4,3,1
18999,b_1U4411L75y_clip_016.mp4,1,2
19022,b_18W411t7xG_clip_004.mp4,1,0
19027,b_1Bf4y1U7Ft_clip_035.mp4,1,2
19070,b_1uE411C7sZ_clip_013.mp4,2,3
19165,y_jXS553HFNsY_clip_13.mp4,1,2
19195,b_12s411V71w_clip_019.mp4,3,2
19217,b_1NQ4y1N7N3_clip_016.mp4,2,3
19244,b_1Nx411x7Qw_part1_clip_003.mp4,1,2
19268,b_1gJ411U7nb_clip_004.mp4,2,3
19286,y_LZe6ujj48bo_clip_5.mp4,2,3
19287,b_1Qa4y1i7Rn_clip_006.mp4,1,0
19299,b_1yV411d7fP_clip_013.mp4,3,0
19305,b_1Lt411G7XD_clip_020.mp4,3,2
19314,b_1Mt41177QG_clip_027.mp4,0,2
19329,b_14a4y147uG_clip_033.mp4,0,1
19354,b_1vx41147zm_clip_020.mp4,1,0
19370,y_cLIurgN2TWM_clip_12.mp4,0,2
19375,b_1Ux411D7av_clip_017.mp4,0,1
19391,y_diKJNf2OzBk_clip_4.mp4,3,0
19393,y_RHKFbr4wRTY_clip_9.mp4,1,2
19409,b_1zs411t7nk_part2_clip_007.mp4,0,2
19417,b_1Z4411H7pb_clip_014.mp4,0,2
19439,b_1jJ411V7xT_clip_009.mp4,0,1
19465,b_13t411F7iD_clip_037.mp4,3,2
19469,b_1Vs411c765_clip_010.mp4,0,3
19493,b_1xt411X79R_clip_003.mp4,0,2
19503,b_1U7411u7uy_clip_055.mp4,0,2
19518,b_16x411o7wR_clip_026.mp4,2,1
19526,b_13t411F7iD_clip_024.mp4,2,1
19540,b_1i7411f7Jc_clip_044.mp4,1,2
19565,b_1Sx411u7Ey_part2_clip_003.mp4,1,0
19567,b_1et411v7TQ_clip_010.mp4,3,2
19572,b_1Yt411n7yQ_clip_020.mp4,0,2
19593,b_1KJ411T7Jo_clip_004.mp4,3,2
19600,b_1a7411L7PC_clip_108.mp4,1,2
19601,b_1j741157BM_clip_018.mp4,1,3
19645,b_1X7411p7ZA_clip_009.mp4,0,3
19647,b_1Rt411n7CX_clip_013.mp4,1,3
19651,b_1Mt41177QG_clip_022.mp4,2,3
19661,b_1GW411p7LU_part2_clip_017.mp4,0,1
19668,b_194411Z7Nh_clip_017.mp4,0,3
19675,b_1Dt411e7Lu_clip_018.mp4,2,1
19721,b_1j741157BM_clip_101.mp4,3,2
19755,y_TRpDI-LdkDI_clip_2.mp4,1,0
19788,b_1Qx411G7Qa_clip_002.mp4,1,2
19860,b_194411p7Ho_clip_010.mp4,1,3
19869,b_1Ht41137f7_clip_014.mp4,3,0
19870,b_12J41147hT_clip_046.mp4,0,3
19872,b_1G7411K7oi_clip_020.mp4,2,0
19902,b_12J41147hT_clip_012.mp4,3,2
19923,b_1Z4411H7pb_clip_017.mp4,3,1
19932,b_12a4y1i7Nk_clip_012.mp4,1,2
19933,b_11E411n7y2_clip_048.mp4,3,1
19966,b_19t411q7rr_clip_030.mp4,2,1
19967,b_197411y7eX_clip_011.mp4,2,1
19987,b_1hE411p7Th_clip_049.mp4,1,0
20019,b_1V441187rn_clip_019.mp4,0,2
20037,b_1i7411f7Jc_clip_044.mp4,0,1
20048,b_1at411b7Yw_clip_014.mp4,2,3
20084,b_1BQ4y1M7Lx_clip_005.mp4,0,2
20097,b_1fW411J79x_part2_clip_010.mp4,3,2
20099,b_1YJ411x78w_clip_007.mp4,0,1
20135,b_13t41157Kn_clip_016.mp4,1,2
20174,b_1ek4y19747_clip_012.mp4,3,1
20194,b_184411F7DJ_clip_006.mp4,3,2
20203,b_1XJ411G77m_clip_018.mp4,3,2
20209,b_1Kx411k71e_clip_001.mp4,0,1
20222,b_1vt411E74g_clip_011.mp4,3,1
20270,b_1WE411j7JR_clip_002.mp4,0,3
20342,c_sunp1713_6.mp4,3,2
20363,b_1ex411G7zY_part2_clip_002.mp4,3,0
20395,b_1G7411G7yS_clip_001.mp4,2,3
20406,b_194411Z7Nh_clip_017.mp4,3,1
20429,b_1LE411i7jn_clip_022.mp4,2,0
20433,b_1Kt411c7wF_clip_017.mp4,3,0
20435,b_1Qi4y1x7Ht_clip_023.mp4,0,2
20442,b_1h5411t7Z5_clip_005.mp4,3,1
20449,b_144411Q75M_clip_018.mp4,0,2
20470,b_1xz4y197zH_clip_020.mp4,0,1
20517,b_19W41127pS_clip_002.mp4,2,0
20542,b_1Gt411p7rv_clip_027.mp4,2,3
20577,b_1FW41177m2_part1_clip_006.mp4,3,2
20588,b_1X7411m71Z_clip_006.mp4,1,3
20653,b_1RJ411C7yS_clip_024.mp4,1,2
20657,b_1Gz411z7zB_clip_005.mp4,1,3
20695,b_1At411V7X9_clip_016.mp4,0,1
20727,c_movi7916_5.mp4,1,0
20740,b_147411W7AT_clip_039.mp4,0,3
20747,b_1G7411G7yS_clip_052.mp4,1,3
20752,b_1bE411s7kk_clip_003.mp4,3,0
20754,b_1NJ411q7pd_clip_039.mp4,3,0
20757,b_1at411b7Yw_clip_015.mp4,1,0
20765,b_187411V7WG_clip_119.mp4,2,3
20773,b_1b4411R7AX_clip_046.mp4,1,2
20794,b_1s7411e7XW_clip_047.mp4,3,0
20798,b_1qJ411Y7Rf_clip_032.mp4,2,0
20801,b_1q64y1T7Qh_clip_028.mp4,3,0
20823,b_1ux411r7SG_part1_clip_004.mp4,3,0
20843,b_1Kt411c7wF_clip_017.mp4,3,2
20849,b_1a4411e7sC_clip_032.mp4,2,0
20861,b_1rt411q7vk_clip_028.mp4,3,0
20862,b_1Gk4y1r7HT_clip_009.mp4,0,3
20864,b_1YE411r7e1_clip_008.mp4,0,3
20870,b_1z741177kN_clip_086.mp4,1,3
20884,b_1j741157BM_clip_045.mp4,3,2
20908,b_1at411b7Yw_clip_035.mp4,0,1
20917,b_14s411r72D_part1_clip_013.mp4,0,3
20946,b_197411y7eX_clip_012.mp4,0,2
20947,b_1Gt411p7rv_clip_003.mp4,3,1
20983,b_1R64y1T7mj_clip_010.mp4,3,2
20991,b_1et411q7Pj_clip_032.mp4,2,3
20994,b_1Us411c7xo_clip_013.mp4,2,1
20997,b_1dJ411F7W2_clip_008.mp4,3,2
21035,b_1UK411L7wa_clip_005.mp4,2,3
21050,b_1B7411s7t1_clip_030.mp4,1,2
21064,b_1cJ411X74E_clip_015.mp4,3,2
21081,b_1jE41167bv_clip_042.mp4,2,3
21093,b_1a7411L7PC_clip_094.mp4,1,2
21110,b_1A4411H7RU_clip_003.mp4,3,2
21122,b_1JE41147LF_clip_059.mp4,0,1
21148,b_1x4411N7yL_clip_007.mp4,0,1
21157,b_18t41147ht_clip_003.mp4,1,2
21160,b_1it41197M2_clip_038.mp4,0,2
21167,b_1KE411J715_clip_005.mp4,0,3
21185,b_1Ab411k7qb_clip_044.mp4,1,3
21226,b_1GW411p7LU_part2_clip_015.mp4,0,1
21266,b_18b411F7hq_clip_007.mp4,3,2
21270,b_1St411F7zW_clip_017.mp4,1,0
21294,b_1aW411s7AU_part1_clip_005.mp4,1,0
21339,b_1Yk4y1R7hE_clip_030.mp4,0,3
21391,b_1DW411b7Xp_clip_013.mp4,3,1
21397,b_1Qx411G7Qa_clip_011.mp4,2,3
21426,b_17x411k7Vz_part2_clip_006.mp4,1,0
21436,b_1KK41157yS_clip_019.mp4,3,1
21476,b_1xa4y1t7dP_clip_018.mp4,1,3
21511,b_1Ax411472r_clip_003.mp4,2,0
21540,b_1x4411N7yL_clip_006.mp4,0,1
21542,b_1b7411y7Kg_clip_002.mp4,1,0
21546,b_1vJ411B7BH_clip_046.mp4,0,1
21576,b_1hE411J77d_clip_020.mp4,2,3
21584,b_1PZ4y1477R_clip_035.mp4,2,1
21598,b_157411V7Rt_clip_039.mp4,2,0
21640,b_1GJ411L7iJ_clip_035.mp4,2,1
21659,b_1L7411R73G_clip_038.mp4,0,3
21683,b_1a7411L7PC_clip_137.mp4,2,3
21723,b_1F7411Z74z_clip_006.mp4,3,2
21747,b_16W411i7GR_part1_clip_010.mp4,3,1
21758,b_1zJ411x7dw_clip_036.mp4,1,3
21759,b_1bt411q7fm_clip_060.mp4,2,3
21794,b_1Jv41167zm_clip_006.mp4,1,2
21818,b_1D4411n7J6_clip_030.mp4,0,1
21858,b_1ZA411i7Li_clip_016.mp4,2,0
21860,b_1yE411j7KU_clip_061.mp4,0,3
21864,b_1Mt41177QG_clip_019.mp4,1,0
21893,y_LPTSJ_-_JRU_clip_27.mp4,3,0
21928,c_movi7923_22.mp4,2,0
21930,b_1i4411g74f_clip_005.mp4,1,2
21963,b_1Gk4y1r7HT_clip_002.mp4,1,3
21965,y_RHKFbr4wRTY_clip_9.mp4,1,3
21966,b_1DT4y137h7_clip_024.mp4,2,3
21981,b_1q7411W7jb_clip_012.mp4,0,3
22008,c_movi7932_24.mp4,2,1
22067,b_1yV411d7fP_clip_013.mp4,0,3
22101,b_15b411e766_clip_013.mp4,1,0
22113,b_1PA411h72w_clip_038.mp4,2,1
22205,b_1i4411g74f_clip_011.mp4,1,2
22214,b_1jJ411V7xT_clip_010.mp4,0,3
22236,b_14s411r7QT_part1_clip_011.mp4,0,3
22265,b_1C441157dQ_clip_010.mp4,1,3
22292,b_1E4411t7de_clip_023.mp4,0,1
22337,b_1JW411b7Vn_part1_clip_020.mp4,2,3
22409,b_1Bk4y1R7MR_clip_020.mp4,3,0
22424,b_1gt411G7gi_clip_036.mp4,1,0
22429,b_1DE411P71Y_clip_037.mp4,2,1
22434,b_1Wk4y167ox_clip_011.mp4,2,3
22485,b_1ix411Q7BZ_part1_clip_011.mp4,1,0
22499,y_rKFyUXXfLkY_clip_37.mp4,0,2
22575,b_1YK4y1k7SF_clip_002.mp4,0,2
22593,b_1ZA411i7Li_clip_032.mp4,2,3
22690,b_134411x7kc_clip_006.mp4,2,1
22753,b_1NJ411q7pd_clip_011.mp4,3,1
22794,b_1yE411j7KU_clip_070.mp4,1,0
22820,y_dPbipg5_kqM_clip_16.mp4,3,0
22832,b_1KK41157yS_clip_014.mp4,3,0
22845,b_1vA411b75N_clip_016.mp4,1,3
22846,b_1SJ411S7Hb_clip_008.mp4,1,2
22898,b_1bt411Q7qe_clip_020.mp4,3,2
22908,b_1z4411b7KS_clip_011.mp4,1,3
22917,b_17x411D7y6_part2_clip_002.mp4,0,3
22943,b_1mx411S7tx_clip_002.mp4,0,2
22956,b_1vJ411B7BH_clip_002.mp4,3,1
22962,b_1tT4y157Mo_clip_056.mp4,0,1
22988,b_1DW411i7a2_part1_clip_016.mp4,1,0
22997,b_1bt411z7Ps_clip_015.mp4,2,1
23044,c_movi7951_30.mp4,1,0
23078,y_AC2R889a-LI_clip_10.mp4,2,3
23086,b_1J7411377C_clip_013.mp4,2,0
23088,b_1G7411G7yS_clip_103.mp4,1,3
23092,b_1WE411F7LD_clip_022.mp4,3,2
23094,b_1NJ411F7Y6_clip_003.mp4,1,2
23098,b_1ix41167dQ_part1_clip_011.mp4,3,1
23108,b_1RA411q7vt_clip_015.mp4,1,3
23118,b_1xz4y197zH_clip_010.mp4,0,1
23137,c_movi7932_22.mp4,3,0
23206,b_1Xt411V7CT_clip_015.mp4,2,3
23234,b_1Us411c7xo_clip_006.mp4,1,2
23267,b_1R7411p7qA_clip_003.mp4,1,3
23298,b_1n741157ss_clip_043.mp4,2,0
23303,b_1G4411i7Xt_clip_001.mp4,0,1
23314,b_1jJ411V7xT_clip_021.mp4,0,1
23320,b_1SE411Z7mT_clip_008.mp4,1,2
23354,b_1Rt411c7FC_clip_022.mp4,3,2
23360,y_ts7lKdhojGY_clip_47.mp4,2,1
23363,y_PT6KvPI6UNU_clip_6.mp4,0,2
23373,b_1h5411t7Z5_clip_005.mp4,0,2
23376,b_1a7411L7PC_clip_109.mp4,1,0
23397,y_x4ARm4OS5gs_clip_9.mp4,1,0
23429,b_164411C7Ai_clip_012.mp4,2,3
23455,b_1et411v7TQ_clip_004.mp4,0,1
23506,b_1bt411Q7qe_clip_025.mp4,3,2
23523,c_movi7952_19.mp4,0,3
23531,b_12s411V71w_clip_006.mp4,0,3
23535,b_1LE411T7sZ_clip_025.mp4,2,3
23538,c_movi7924_21.mp4,2,3
23557,b_1Gt411p7rv_clip_003.mp4,3,2
23564,b_1Qa4y1i7Rn_clip_014.mp4,0,1
23577,b_1et411q7Pj_clip_046.mp4,2,3
23588,b_1Mb41157pm_clip_024.mp4,1,0
23593,j_2960.mp4,0,3
23606,b_1Rt411n7CX_clip_005.mp4,3,1
23607,b_16W411i7GR_part1_clip_004.mp4,0,3
23685,b_1UK41157MY_clip_023.mp4,1,0
23695,b_1kx411f751_clip_037.mp4,2,0
23698,b_1B7411s7t1_clip_003.mp4,0,1
23707,b_1qK4y1t79B_clip_004.mp4,3,1
23708,b_1TJ411s7yy_clip_006.mp4,1,0
23743,b_1XJ411G77m_clip_017.mp4,3,2
23769,b_1UZ4y1x7w2_clip_008.mp4,3,0
23775,b_17x411k7Vz_part1_clip_004.mp4,3,2
23786,b_184411F7DJ_clip_006.mp4,0,1
23788,b_1i741177YW_clip_044.mp4,3,1
23846,b_1NJ411F7Y6_clip_005.mp4,2,3
23861,b_1uK411L7sS_clip_029.mp4,0,2
23865,b_1Gt411p7rv_clip_012.mp4,2,0
23867,b_194411u7wN_clip_015.mp4,3,0
23868,b_1xz411z7b5_clip_016.mp4,3,0
23889,b_17J411a7tz_clip_035.mp4,0,3
23915,b_154411S7ue_clip_016.mp4,3,1
23928,b_1Rt411n7CX_clip_014.mp4,3,0
23957,b_1kQ4y1N7n3_clip_021.mp4,3,0
23963,c_movi7924_21.mp4,0,3
24023,b_14b411y79D_clip_008.mp4,0,1
24043,b_1dE411d7D7_clip_026.mp4,0,2
24060,b_1x4411c7p3_clip_005.mp4,0,2
24076,b_1X7411p7ZA_clip_044.mp4,3,2
24082,b_1Ft4y117VZ_clip_031.mp4,3,0
24083,b_1Yx411B7QX_part3_clip_001.mp4,0,1
24098,y_DUX_IhauRlI_clip_8.mp4,3,0
24127,b_16x411o7wR_clip_003.mp4,2,3
24128,b_1R64y1T7mj_clip_015.mp4,3,2
24163,b_13t411K7i7_clip_004.mp4,0,1
24172,b_1PJ411B7eE_clip_026.mp4,0,3
24174,b_1m7411P7Fe_clip_013.mp4,0,2
24202,b_1n441187Ew_clip_024.mp4,3,2
24205,b_1B4411j7Wo_clip_006.mp4,1,3
24208,b_1jJ411V7xT_clip_041.mp4,3,1
24229,b_1dt4y1C7f5_clip_018.mp4,3,0
24281,b_1a7411L7PC_clip_014.mp4,0,3
24299,b_1At4y1U7Xt_clip_035.mp4,2,1
24300,b_1Yt411Y7VQ_clip_020.mp4,0,2
24315,b_18t41147ht_clip_008.mp4,3,0
24318,b_1yx411C77W_part1_clip_004.mp4,0,1
24321,b_1PJ411B7eE_clip_018.mp4,1,0
24341,b_16s41167pP_clip_008.mp4,0,1
24384,b_1MJ411A7ND_clip_020.mp4,1,2
24388,b_14K41177wQ_clip_002.mp4,0,2
24395,b_1i7411f7Jc_clip_034.mp4,3,1
24429,b_1VZ4y1j7C2_clip_038.mp4,1,0
24444,b_16W411t7ht_part2_clip_003.mp4,3,2
24447,b_1B4411M7a6_clip_045.mp4,0,1
24456,b_1G7411G7yS_clip_034.mp4,1,3
24529,b_1T64y1u7An_clip_002.mp4,0,1
24530,b_1bt411Q7qe_clip_008.mp4,1,0
24551,b_12J41147hT_clip_023.mp4,2,0
24553,b_1D7411n76Y_clip_017.mp4,2,0
24565,b_1cx411V7vf_part1_clip_005.mp4,1,0
24570,b_1DE411P71Y_clip_037.mp4,3,0
24576,y_-M6K6QKYfg0_clip_11.mp4,3,1
24632,b_1Yt411Y7VQ_clip_011.mp4,2,1
24649,b_1B4411d7Pv_clip_006.mp4,0,2
24665,b_1bt411Q7qe_clip_025.mp4,0,1
24668,y_0gdy9L5whEs_clip_21.mp4,0,2
24679,b_1Xt411s7y5_clip_004.mp4,2,0
24710,b_1B4411j7Wo_clip_014.mp4,0,1
24720,y_dPbipg5_kqM_clip_21.mp4,3,0
24734,b_1E741117ZY_clip_002.mp4,2,1
24736,b_1r4411W7un_clip_024.mp4,0,3
24756,b_1dt4y1C7f5_clip_018.mp4,0,1
24757,b_1zt411G7Sx_clip_015.mp4,2,1
24791,b_1Gk4y1r7HT_clip_002.mp4,0,1
24810,b_1xQ4y1T7cR_clip_001.mp4,3,1
24816,b_1cJ41167TW_clip_012.mp4,1,3
24829,b_1bt411Q7qe_clip_017.mp4,2,0
24831,b_1C441157dQ_clip_010.mp4,1,2
24883,c_movi7924_22.mp4,2,3
24912,b_1764y1M7zr_clip_035.mp4,1,0
24927,c_movi7952_18.mp4,0,3
24947,b_1fW411J79x_part1_clip_001.mp4,2,1
24950,b_1j7411h7kb_clip_019.mp4,0,2
24965,b_1PE411X762_clip_025.mp4,3,2
24970,b_1bt411Q7qe_clip_007.mp4,1,3
24974,b_1xV411f74o_clip_025.mp4,3,2
25031,b_1CJ411b7ru_clip_024.mp4,2,3
25038,b_13t411K7i7_clip_018.mp4,2,0
25061,b_1B4411j7Wo_clip_024.mp4,2,3
25079,b_1Tt411d7LE_clip_018.mp4,1,2
25094,b_1eW411v7iX_clip_006.mp4,2,0
25095,b_1z741177kN_clip_050.mp4,3,0
25168,y_eGJg0u9pD_s_clip_8.mp4,1,3
25179,b_1rJ411K7pL_clip_040.mp4,3,1
25197,b_1f4411N7Zp_clip_047.mp4,3,1
25212,y_NliNOzuoeeg_clip_15.mp4,3,1
25227,b_1X7411i7Ph_clip_028.mp4,1,3
25232,b_1bt411q7fm_clip_046.mp4,1,2
25246,b_14a4y147uG_clip_011.mp4,0,1
25247,b_1JE41147LF_clip_064.mp4,1,2
25248,b_1rJ411875j_clip_002.mp4,3,1
25267,b_184411F7DJ_clip_006.mp4,0,3
25282,b_1zs411t7nk_part1_clip_003.mp4,0,3
25289,b_1P4411S7BR_clip_016.mp4,1,3
25310,b_1Qx411G7Qa_clip_011.mp4,3,1
25314,b_18f4y1U73n_clip_035.mp4,0,3
25319,b_1rJ411875j_clip_035.mp4,1,3
25321,b_1Gt411y7Xe_clip_023.mp4,2,3
25325,b_1Yt41157g5_clip_005.mp4,0,3
25336,b_1Yk4y1R7hE_clip_014.mp4,3,2
25341,b_1nW41187Ch_part1_clip_016.mp4,2,0
25346,b_1zJ411x7dw_clip_036.mp4,1,2
25405,b_1XJ411m7H5_clip_022.mp4,3,1
25410,b_1U4411V7fj_clip_007.mp4,3,1
25438,b_1G7411K7oi_clip_024.mp4,0,1
25441,b_1EJ41117Tu_clip_010.mp4,1,0
25465,b_1M4411P73G_clip_003.mp4,3,1
25491,b_1a4411e7sC_clip_032.mp4,0,2
25501,b_1St411F7zW_clip_015.mp4,1,2
25522,b_1zJ411x7dw_clip_029.mp4,1,2
25540,b_16b411C7Y7_clip_023.mp4,3,2
25561,b_1YE411R7Rk_clip_017.mp4,1,2
25563,c_movi7925_5.mp4,2,3
25593,b_1sA411h7A2_clip_022.mp4,2,1
25684,b_1ix411Z7U6_clip_003.mp4,1,0
25753,c_sunp1671_10.mp4,1,0
25809,b_18x411D7vv_part1_clip_011.mp4,1,0
25849,b_16W411i7GR_part2_clip_005.mp4,2,1
25892,b_1Yt411Y7VQ_clip_025.mp4,3,1
25919,b_1CJ411b7ru_clip_007.mp4,0,3
25933,b_1jJ411V7xT_clip_037.mp4,3,1
25995,b_1dE411d7D7_clip_006.mp4,3,2
26000,b_17J411a7tz_clip_009.mp4,3,1
26048,b_1kJ411B7Xc_clip_015.mp4,3,2
26124,b_1Ws411F7MQ_clip_009.mp4,1,0
26142,b_17x411X7hm_clip_016.mp4,1,2
26148,b_1qJ411Y7Rf_clip_032.mp4,2,0
26158,b_1zs411t7nk_part2_clip_007.mp4,1,0
26169,b_1kJ411e7qf_clip_023.mp4,2,3
26188,b_1i741177YW_clip_044.mp4,3,1
26217,y_xjhHM0ilzZ8_clip_2.mp4,1,2
26320,b_18f4y1U73n_clip_004.mp4,1,2
26347,b_12a4y1i7Nk_clip_026.mp4,0,3
26374,b_1Wk4y167ox_clip_010.mp4,1,2
26405,b_1F7411Z74z_clip_039.mp4,2,3
26425,b_1R7411u769_clip_083.mp4,2,3
26437,b_1DE411P71Y_clip_030.mp4,1,0
26495,b_1y441137Qm_clip_010.mp4,1,0
26501,b_1TW411e7yg_part1_clip_002.mp4,1,3
26516,b_1b4411R7AX_clip_011.mp4,3,2
26536,b_1X7411m71Z_clip_006.mp4,3,1
26538,b_1Mx411Z7ve_clip_010.mp4,1,0
26553,b_1kt411C7cs_clip_015.mp4,3,2
26580,b_1ya4y1e7Tn_clip_007.mp4,0,1
26583,b_1s5411x75d_clip_012.mp4,1,0
26585,b_1yt411k7va_clip_026.mp4,2,1
26600,y_ts7lKdhojGY_clip_37.mp4,2,1
26601,b_16W411i7GR_part1_clip_010.mp4,0,3
26602,b_1EJ411i7jU_clip_013.mp4,2,3
26603,b_1At411g7Sm_clip_008.mp4,1,0
26607,j_3644.mp4,1,3
26620,b_1Q5411s7Lb_clip_036.mp4,2,0
26628,j_3282.mp4,0,2
26673,b_1hW411e7WB_clip_010.mp4,0,1
26683,b_1ct411w7UH_clip_002.mp4,2,3
26696,b_1kt411C7cs_clip_026.mp4,3,0
26732,y_A4NxVXfqt64_clip_7.mp4,1,0
26785,b_1NQ4y1N7N3_clip_012.mp4,0,3
26804,b_16W411i7GR_part1_clip_004.mp4,1,0
26829,b_1b4411N78e_clip_004.mp4,3,2
26861,b_11E411n7y2_clip_024.mp4,0,1
26881,b_1p4411U7m1_clip_007.mp4,1,2
26908,b_1Ab411k7qb_clip_044.mp4,3,2
26955,b_1Cb411b7ix_clip_051.mp4,0,2
26990,c_sunp1651_1.mp4,0,1
27005,b_1KK41157yS_clip_042.mp4,2,3
27075,b_1yE411j7KU_clip_077.mp4,3,2
27101,b_1n441187Ew_clip_025.mp4,1,0
27159,b_17J411a7tz_clip_023.mp4,2,3
27186,y_-04uoKKmOPs_clip_5.mp4,2,0
27198,b_1Mb41157pm_clip_031.mp4,1,0
27229,b_1b4411R7AX_clip_010.mp4,1,2
27273,b_12J41147hT_clip_046.mp4,3,0
27280,b_1kt411C7cs_clip_026.mp4,0,3
27284,b_1z741177kN_clip_065.mp4,3,1
27290,b_1ya4y1e7Tn_clip_053.mp4,2,0
27349,b_1yJ411k7Yo_clip_018.mp4,0,1
27398,b_1NJ411q7pd_clip_039.mp4,0,1
27427,b_1CJ411b7ru_clip_030.mp4,2,0
27479,b_1ix411Z7U6_clip_003.mp4,3,2
27484,b_BV1PC4y1p7K9_clip_003.mp4,1,2
27504,b_1b4411e7cX_clip_023.mp4,2,1
27507,j_2971.mp4,0,3
27522,b_114411z7Z1_clip_007.mp4,0,3
27525,c_movi7952_20.mp4,3,1
27562,b_1BJ411N7hE_clip_021.mp4,0,1
27624,b_1i741177YW_clip_044.mp4,2,0
27633,b_1nJ411q7Nw_clip_004.mp4,0,3
27640,b_1Ws411F7MQ_clip_015.mp4,3,2
27690,b_1xa4y1t7dP_clip_002.mp4,0,1
27734,b_1j741157BM_clip_100.mp4,3,1
27738,b_1Tb411L7yU_clip_020.mp4,2,1
27749,b_1N4411J7oN_clip_003.mp4,1,3
27771,b_1et411v7TQ_clip_023.mp4,3,0
27786,b_1SJ41167QX_clip_011.mp4,2,1
27791,b_16W411i73r_part1_clip_015.mp4,3,1
27796,b_184411F7DJ_clip_001.mp4,0,2
27823,b_1J7411377C_clip_028.mp4,0,2
27830,b_1P4411B7oe_clip_032.mp4,2,1
27831,b_1Yt411T7w2_clip_008.mp4,1,0
27840,b_1j54y1X7cr_clip_042.mp4,0,3
27862,b_1ix41167dQ_part2_clip_006.mp4,0,1
27893,b_1XJ411G77m_clip_045.mp4,3,1
27925,b_1nt411E76Z_clip_029.mp4,1,3
27950,b_114411z7Z1_clip_035.mp4,2,1
27951,b_1P4411B7oe_clip_013.mp4,2,3
27993,b_1JE41147LF_clip_059.mp4,2,0
28022,c_movi7929_6.mp4,3,2
28026,b_1zs411t7nk_part1_clip_003.mp4,1,2
28028,b_1Yi4y1s7Ex_clip_004.mp4,1,2
28036,c_movi7923_12.mp4,2,0
28058,b_1hE411k7re_clip_001.mp4,2,3
28082,b_1bt411Q7qe_clip_022.mp4,0,3
28115,b_19E411q721_clip_007.mp4,2,0
28117,y_UVtl1cSSC3M_clip_17.mp4,0,2
28120,b_1bE411s7kk_clip_003.mp4,0,3
28126,b_1Sx411x7Zd_part1_clip_008.mp4,2,3
28192,c_movi7924_22.mp4,0,1
28226,b_1xx411d7n8_clip_021.mp4,1,0
28228,b_1dJ411F7W2_clip_027.mp4,2,0
28241,b_1X7411L7P7_clip_040.mp4,3,0
28264,b_1iJ411t7VY_clip_016.mp4,3,0
28317,b_1XJ411G77m_clip_017.mp4,2,0
28327,b_1Bs411T7QD_clip_006.mp4,3,2
28330,b_1hE411k7re_clip_001.mp4,2,3
28350,b_1BC4y147Da_clip_009.mp4,3,2
28391,b_197411y7eX_clip_011.mp4,1,3
28419,b_1ya4y1e7Tn_clip_054.mp4,3,0
28430,b_1b4411W7eX_clip_039.mp4,0,1
28468,b_1Zt411F75e_clip_043.mp4,0,3
28471,b_1nJ411q7Nw_clip_004.mp4,2,0
28478,b_1Jt411R7tD_clip_022.mp4,3,0
28489,b_17W411B7wM_clip_003.mp4,3,1
28492,b_1h7411v7mp_clip_028.mp4,1,2
28499,b_1hE411p7Th_clip_007.mp4,0,2
28531,b_1b4411e7cX_clip_023.mp4,2,1
28533,j_3646.mp4,1,3
28574,b_13t411K7i7_clip_004.mp4,3,2
28626,b_1Kz411b7vS_clip_006.mp4,2,1
28652,b_1Ez411q7MR_clip_009.mp4,2,1
28665,y_ifP0zIiijro_clip_1.mp4,2,3
28671,b_1wT4y1V7iy_clip_013.mp4,2,1
28721,b_1yg4y187PF_clip_043.mp4,1,3
28806,b_1F7411Z74z_clip_063.mp4,2,1
28845,b_1wt411u7QM_clip_022.mp4,3,0
28862,b_1KK41157yS_clip_017.mp4,1,0
28915,b_1mt411e7s2_clip_002.mp4,2,3
28972,b_1QJ411M7wR_clip_005.mp4,1,3
28977,b_1R7411p7qA_clip_015.mp4,0,3
29004,b_1Yt411T7w2_clip_010.mp4,3,2
29022,b_154411v7Jh_clip_023.mp4,1,0
29043,b_1xQ4y1T7cR_clip_001.mp4,1,2
29054,b_1xQ4y1T7cR_clip_027.mp4,3,1
29055,b_1yE411j7KU_clip_014.mp4,0,1
29072,b_1G4411i7Xt_clip_001.mp4,0,2
29080,b_1yt411k7va_clip_004.mp4,3,1
29156,b_1xW411a7GX_part1_clip_007.mp4,1,0
29194,b_1Gk4y1r7HT_clip_004.mp4,3,1
29199,b_1hE411p7Th_clip_082.mp4,2,1
29203,b_1cJ41167TW_clip_025.mp4,0,2
29208,b_1Px411b7of_part1_clip_002.mp4,3,0
29215,b_14E411C7j1_clip_025.mp4,2,3
29278,b_1wt411u7QM_clip_009.mp4,1,0
29306,b_1dA411471P_clip_018.mp4,2,3
29321,b_1Cb411b7BW_clip_032.mp4,3,2
29338,c_movi7926_28.mp4,3,0
29354,b_1d7411a7sR_clip_015.mp4,2,1
29357,b_1h5411t7Z5_clip_008.mp4,2,0
29388,b_1yE411j7Vo_clip_028.mp4,1,3
29404,b_1r4411W7un_clip_024.mp4,1,0
29436,b_1YK4y1k7SF_clip_002.mp4,1,2
29446,b_1ya4y1e7Tn_clip_054.mp4,0,1
29513,b_1Q5411s7Lb_clip_046.mp4,1,0
29532,b_1Jx411f7Vv_clip_010.mp4,2,0
29547,b_14E411C7j1_clip_045.mp4,2,1
29550,b_1St411F7zW_clip_022.mp4,0,3
29560,b_1YJ411x78w_clip_001.mp4,0,3
29600,b_1Cb411b7ix_clip_057.mp4,1,3
29609,b_1Ez411q7MR_clip_014.mp4,3,2
29622,b_1At411g7Sm_clip_019.mp4,1,0
29648,b_1cW411G7xb_part1_clip_018.mp4,0,3
29758,b_1zs411t7nk_part1_clip_003.mp4,3,2
29798,b_1bJ411J78u_clip_028.mp4,1,3
29823,b_1i7411f7Jc_clip_054.mp4,3,1
29873,b_1Ra4y1e7wT_clip_014.mp4,1,0
29876,b_1xz4y197zH_clip_020.mp4,1,2
29906,b_1dJ411F7W2_clip_020.mp4,0,3
29931,b_1RE411n7zq_clip_001.mp4,2,3
29946,b_1R64y1T7mj_clip_015.mp4,1,3
29995,y_PT6KvPI6UNU_clip_8.mp4,1,0
29996,b_1jJ411V7xT_clip_003.mp4,1,2
30006,b_1Cx411q7pz_part1_clip_012.mp4,1,3
30018,b_1b4411B7zM_clip_015.mp4,0,1
30028,b_1fb411t7cg_clip_018.mp4,1,0
30046,b_1d4411H7st_clip_016.mp4,0,2
30056,b_1wt411h72Q_clip_017.mp4,1,3
30126,b_1ME411F7sz_clip_030.mp4,2,1
30134,b_1QJ411M7wR_clip_009.mp4,0,2
30140,b_1b4411R7AX_clip_046.mp4,3,0
30222,b_1Qx411C7FR_part1_clip_003.mp4,0,3
30224,b_164411C7Ai_clip_014.mp4,0,2
30239,b_1SJ411S7Hb_clip_016.mp4,2,1
30290,b_1Gt411p7rv_clip_003.mp4,1,3
30316,b_1Nk4y1k7nk_clip_026.mp4,1,2
30345,b_1xz411z7b5_clip_007.mp4,0,2
30351,b_1wK41157Pp_clip_009.mp4,3,0
30403,b_1Jx411f7Vv_clip_020.mp4,3,2
30446,b_1PJ41147iD_clip_011.mp4,3,1
30461,b_1G4411i7Xt_clip_046.mp4,2,3
30463,b_1s7411J7yN_clip_050.mp4,1,0
30495,b_1Gt411y7Xe_clip_023.mp4,0,3
30525,b_1Gt411y7Xe_clip_026.mp4,3,2
30536,b_1XJ411G77m_clip_003.mp4,0,1
30630,b_18a4y14785_clip_009.mp4,3,1
30633,b_1KK41157yS_clip_032.mp4,2,0
30646,b_1as411n7YN_clip_010.mp4,0,3
30669,b_1hW411e7WB_clip_010.mp4,1,0
30683,b_1yE411j7KU_clip_070.mp4,3,2
30705,b_17b411H7b9_clip_014.mp4,1,0
30758,b_1ek4y19747_clip_017.mp4,1,0
30777,b_1ix41167dQ_part1_clip_011.mp4,1,0
30781,b_1Fk4y1z7d6_clip_021.mp4,2,1
30826,b_1Gg4y1a7Ef_clip_042.mp4,1,3
30885,b_184411F7DJ_clip_009.mp4,3,0
30905,b_1Z4411H7pb_clip_001.mp4,1,2
30940,y_eGJg0u9pD_s_clip_1.mp4,1,2
30947,b_1wZ4y1j729_clip_033.mp4,1,3
30954,b_1H441117w9_clip_026.mp4,2,3
31042,b_1Mt411f76v_clip_032.mp4,2,3
31075,y_-1eP81CFZ14_clip_8.mp4,2,1
31098,b_1UK41157MY_clip_023.mp4,3,1
31107,b_1R7411u769_clip_073.mp4,1,2
31143,b_1At411V7X9_clip_013.mp4,1,3
31162,b_1Tx411z79U_part1_clip_008.mp4,1,0
31188,b_1Na4y1i7jC_clip_018.mp4,3,1
31189,b_1xz4y197zH_clip_033.mp4,2,1
31236,b_187411V7WG_clip_102.mp4,2,3
31302,b_1ut4y117xD_clip_047.mp4,2,3
31374,b_1Tt411E7T8_clip_007.mp4,0,1
31388,b_1Da4y1e7jc_clip_017.mp4,2,0
31430,b_18t41147ht_clip_008.mp4,3,1
31434,b_1yE411j7KU_clip_061.mp4,2,1
31477,b_13t411F7iD_clip_020.mp4,1,0
31486,b_1BJ411u7Sn_clip_006.mp4,0,1
31547,b_1j741157BM_clip_123.mp4,0,1
31563,b_1hW411e7WB_clip_010.mp4,2,3
31579,b_1at411b7Yw_clip_074.mp4,0,2
31608,b_1YE411R7Rk_clip_017.mp4,2,3
31609,b_1ex411q7R9_part2_clip_002.mp4,0,1
31614,b_1Tx411z79U_part1_clip_004.mp4,3,2
31645,b_1X7411i7Ph_clip_043.mp4,2,1
31658,b_1g441127Ls_clip_001.mp4,3,2
31661,b_1fg4y1B7cA_clip_029.mp4,3,2
31673,b_1DE411P71Y_clip_016.mp4,0,1
31708,b_1it41157YF_clip_021.mp4,3,1
31729,y_kledRNuLZP8_clip_11.mp4,0,1
31756,b_1wJ411P7Hd_clip_004.mp4,0,1
31767,b_1N4411J7oN_clip_012.mp4,2,1
31779,b_157411V7Rt_clip_013.mp4,3,0
31839,b_18f4y1U73n_clip_024.mp4,3,2
31956,b_1zt411G7Sx_clip_015.mp4,2,0
31967,b_1Bb411A74A_clip_008.mp4,3,2
32057,b_1s7411J7yN_clip_038.mp4,3,0
32155,b_12s411N7wZ_clip_009.mp4,0,1
32161,y_8GfCC_k_SOs_clip_10.mp4,3,0
32213,b_1YK4y1k7SF_clip_010.mp4,0,1
32259,b_1Va4y147PH_clip_031.mp4,2,0
32287,b_1et411q7Pj_clip_009.mp4,0,2
32291,b_1ek4y19747_clip_016.mp4,0,1
32300,b_18x411D7vv_part1_clip_009.mp4,0,1
32398,b_1CW411h7oK_part2_clip_008.mp4,1,3
32409,b_16W411i7GR_part1_clip_011.mp4,0,1
32410,b_1DE411P71Y_clip_037.mp4,2,3
32421,b_14s411r7mP_part2_clip_002.mp4,3,2
32436,b_1x4411N7yL_clip_011.mp4,0,2
32440,b_1s7411J7yN_clip_044.mp4,1,2
32505,c_sunp1672_13.mp4,0,3
32514,b_1dt4y1C7f5_clip_018.mp4,3,0
32555,b_1rf4y127sM_clip_024.mp4,3,2
32576,b_1pa4y1v7d7_clip_024.mp4,2,3
32587,b_1mt411e7s2_clip_002.mp4,3,2
32595,b_13t411F7iD_clip_001.mp4,2,3
32598,b_1B4411d7Pv_clip_032.mp4,1,3
32626,b_1vJ411B7BH_clip_014.mp4,2,3
32663,b_1LE411i7jn_clip_022.mp4,2,1
32676,y_bBSUY-m6D1c_clip_14.mp4,1,2
32734,b_1oE411x76E_clip_038.mp4,3,2
32760,b_13t411F7iD_clip_001.mp4,0,1
32767,b_1PJ411v7n1_clip_034.mp4,0,3
32855,b_1J7411377C_clip_018.mp4,0,2
32879,b_1B4411j7Wo_clip_021.mp4,3,0
32917,b_1et411g7t5_clip_035.mp4,0,1
32921,b_157411V7Rt_clip_011.mp4,2,1
33035,b_1Zt411F75e_clip_045.mp4,1,2
33095,b_147411W7AT_clip_039.mp4,2,3
33125,b_1U4411L75y_clip_027.mp4,2,0
33127,b_1JW411b7Vn_part1_clip_018.mp4,2,1
33143,b_1Bf4y1U7Ft_clip_005.mp4,0,2
33148,b_1n4411K7Np_clip_011.mp4,2,0
33161,b_1f4411p7oB_clip_033.mp4,0,3
33177,b_18a4y14785_clip_025.mp4,0,1
33235,b_1Ht411X7Qn_clip_004.mp4,2,1
33301,b_1dA411471P_clip_021.mp4,1,3
33305,b_17W411B7wM_clip_008.mp4,1,3
33353,b_1Gt411y7Xe_clip_001.mp4,3,2
33362,b_1Q4411o76G_clip_012.mp4,0,1
33365,b_1EJ411i7jU_clip_013.mp4,0,1
33419,y_IWX3CxTzGN4_clip_2.mp4,1,3
33426,b_1JE41147LF_clip_021.mp4,2,0
33498,b_1H7411C7jf_clip_001.mp4,0,2
33530,c_movi7922_30.mp4,1,2
33579,b_187411V7WG_clip_013.mp4,3,1
33582,b_1X7411p7ZA_clip_015.mp4,2,3
33614,b_1a4411e7sC_clip_032.mp4,3,0
33617,b_1YE411R7Rk_clip_012.mp4,0,3
33623,b_1Ht41137f7_clip_016.mp4,1,3
33635,b_1bt411z7Ps_clip_024.mp4,1,0
33654,b_1Mb41157pm_clip_024.mp4,2,3
33663,b_1jE41167bv_clip_041.mp4,0,1
33682,b_1sa4y1e7PF_clip_038.mp4,3,1
33716,b_1Gt411p7rv_clip_002.mp4,0,1
33762,b_14E411D7YA_clip_038.mp4,3,2
33772,b_1yg4y187PF_clip_004.mp4,0,2
33825,b_1wZ4y1j729_clip_018.mp4,1,0
33850,b_12J41147hT_clip_007.mp4,3,2
33903,b_1sC4y1s7oK_clip_006.mp4,3,2
33911,y_6_L5tcEvGUw_clip_13.mp4,2,3
33937,b_1gJ411U7nb_clip_013.mp4,0,3
33964,b_19t411q7rr_clip_021.mp4,1,3
33966,b_1TW411Y7kk_clip_011.mp4,0,3
33999,b_1LW411s7qq_clip_037.mp4,1,0
34011,b_1bJ411J78u_clip_028.mp4,3,0
34021,b_1KT4y157KK_clip_022.mp4,2,0
34026,b_12J41147hT_clip_006.mp4,3,2
34126,b_1z741177kN_clip_083.mp4,3,2
34131,b_1DK411W72b_clip_025.mp4,0,3
34149,b_147411W7AT_clip_039.mp4,3,0
34155,b_1kQ4y1N7n3_clip_021.mp4,0,1
34162,b_18C4y147hP_clip_013.mp4,3,2
34174,b_1uK411L7sS_clip_001.mp4,2,0
34227,b_1F7411Z74z_clip_010.mp4,2,1
34296,b_1AW411H7j9_part2_clip_013.mp4,3,2
34304,b_1BQ4y1M7Lx_clip_006.mp4,3,2
34314,b_1sQ4y1M7E8_clip_016.mp4,3,0
34324,b_1GJ411L7iJ_clip_006.mp4,1,2
34335,b_1p7411W74B_clip_046.mp4,1,2
34343,b_1RJ411T7Hh_clip_008.mp4,0,2
34390,b_1rE411A7HG_clip_041.mp4,3,1
34413,b_1hE411p7Th_clip_084.mp4,0,1
34420,b_1Bb411A74A_clip_008.mp4,2,0
34473,b_1bs41137JZ_clip_006.mp4,2,1
34516,b_1DW411b7Xp_clip_013.mp4,0,2
34521,b_1it41157YF_clip_016.mp4,2,0
34568,b_1NJ411q7pd_clip_024.mp4,1,3
34575,b_1n741157ss_clip_043.mp4,2,0
34595,b_1gE411L7oE_clip_007.mp4,0,1
34607,c_movi7925_11.mp4,0,2
34657,b_1G7411G7yS_clip_066.mp4,1,3
34709,b_1dt411N7Vb_clip_024.mp4,2,3
34714,y_jXS553HFNsY_clip_6.mp4,3,0
34777,y_A4NxVXfqt64_clip_18.mp4,2,1
34778,b_19J411p7Ck_clip_008.mp4,3,1
34785,b_1gt411G7uR_clip_039.mp4,3,2
34797,b_1Mi4y1b7GK_clip_016.mp4,0,2
34818,b_164411C7Ai_clip_012.mp4,2,1
34847,b_1NJ411q7pd_clip_023.mp4,2,3
34856,b_1JE41147LF_clip_059.mp4,3,2
34859,b_1b4411W7eX_clip_039.mp4,2,3
34862,y_0hhLZtjyZhA_clip_11.mp4,0,1
34876,b_1sk4y1R76V_clip_004.mp4,3,1
34957,b_1At4y1U7Xt_clip_010.mp4,0,2
34959,y_IWX3CxTzGN4_clip_2.mp4,0,2
34986,b_1ex411G7zY_part1_clip_001.mp4,0,3
34996,b_1a7411f7SH_clip_032.mp4,0,3
35001,b_1Xt411s7y5_clip_012.mp4,0,3
35019,b_1Jx411Q79o_clip_006.mp4,1,3
35061,b_1yt411k7va_clip_028.mp4,3,0
35163,b_1DT4y137h7_clip_021.mp4,2,1
35191,b_1Gk4y1r7HT_clip_004.mp4,0,3
35262,b_1Sx41197oS_clip_006.mp4,2,0
35272,b_1Qi4y1x7Ht_clip_023.mp4,3,1
35305,y_xjhHM0ilzZ8_clip_21.mp4,2,1
35310,b_1B7411s7t1_clip_025.mp4,3,2
35341,b_1NJ411q7pd_clip_011.mp4,2,3
35352,b_1xz4y197zH_clip_018.mp4,2,1
35356,b_1St411N77p_clip_002.mp4,2,1
35372,b_1CJ411b7ru_clip_007.mp4,3,0
35422,b_1DE411P71Y_clip_042.mp4,3,1
35465,y_grI4X4CiD8o_clip_37.mp4,0,2
35473,b_1G7411K7oi_clip_024.mp4,3,1
35547,b_1B4411d7Pv_clip_006.mp4,2,0
35569,b_1B4411j7Wo_clip_021.mp4,1,3
35608,b_1Kt41137CX_clip_033.mp4,0,2
35612,b_1dA411471P_clip_021.mp4,0,2
35662,b_1Gt411p7rv_clip_024.mp4,0,1
35702,c_movi7925_17.mp4,2,1
35797,b_1et411q7Pj_clip_011.mp4,0,2
35919,b_1vA411b75N_clip_015.mp4,2,3
35953,b_1ZV411k741_clip_017.mp4,2,0
35962,b_1ME411F7sz_clip_032.mp4,1,0
35968,b_1JE41147LF_clip_064.mp4,2,3
35996,b_1ft411t7zd_clip_017.mp4,1,2
36060,b_1EJ411i7jU_clip_012.mp4,2,3
36118,b_1wT4y1V7iy_clip_030.mp4,3,1
36141,b_1yJ411k7Yo_clip_043.mp4,3,2
36150,b_1SE411Z7mT_clip_021.mp4,1,3
36156,b_1et411v7TQ_clip_009.mp4,2,3
36169,b_1AJ411579g_clip_040.mp4,2,1
36184,b_1KK41157yS_clip_034.mp4,3,0
36202,b_1KJ411T7Jo_clip_015.mp4,2,0
36208,b_1U7411u7uy_clip_018.mp4,2,1
36212,c_movi7925_14.mp4,2,3
36247,b_1at411y7Eo_clip_021.mp4,1,3
36280,b_1KK41157yS_clip_032.mp4,3,2
36281,b_1SE411g7EW_clip_008.mp4,3,0
36321,b_1uE411C7sZ_clip_010.mp4,1,3
36349,y_BoaWexJjHa8_clip_5.mp4,1,0
36362,b_1ix411Z7U6_clip_007.mp4,0,1
36367,b_1KK41157yS_clip_014.mp4,0,3
36401,b_1JW411b7Vn_part1_clip_003.mp4,1,3
36406,c_movi7926_30.mp4,3,1
36410,b_1wx411D7Na_part1_clip_018.mp4,3,1
36439,b_1YJ411x78w_clip_007.mp4,0,3
36452,b_1jJ411V7xT_clip_003.mp4,2,3
36459,c_movi7952_23.mp4,2,1
36464,b_1ds411H7Zq_clip_001.mp4,1,2
36485,b_1U7411u7uy_clip_002.mp4,0,2
36489,b_1S7411B7Er_clip_037.mp4,3,0
36493,b_14s411r7Qj_clip_011.mp4,2,1
36557,b_1Bb411r7JE_clip_031.mp4,2,1
36651,b_1ut4y117xD_clip_037.mp4,3,1
36669,b_1RJ411T7Hh_clip_008.mp4,2,1
36711,b_1nW41187Ch_part1_clip_016.mp4,3,0
36722,b_1Jt411R7tD_clip_023.mp4,0,1
36772,b_18a4y14785_clip_011.mp4,2,1
36787,b_1h7411v7mp_clip_038.mp4,2,0
36842,b_1Bb411A74A_clip_180.mp4,0,3
36857,b_1RE411n7zq_clip_001.mp4,3,2
36892,b_1nE411Z7Tk_clip_002.mp4,0,1
36909,b_194411C7mL_clip_002.mp4,3,1
36916,y_0hhLZtjyZhA_clip_11.mp4,0,2
36937,b_14K41157xw_clip_025.mp4,3,2
36961,b_1i741177YW_clip_059.mp4,3,1
36991,b_1v4411g7cH_clip_007.mp4,0,2
37027,b_1B4411M7a6_clip_021.mp4,0,3
37054,b_14K41157xw_clip_022.mp4,1,2
37190,b_1GW411p7LU_part2_clip_017.mp4,1,2
37203,b_1G7411G7yS_clip_103.mp4,0,2
37251,b_1bt411Q7qe_clip_016.mp4,1,2
37346,b_1Fk4y1z7d6_clip_027.mp4,3,2
37425,b_1dt411N7Vb_clip_024.mp4,0,1
37449,c_movi7931_30.mp4,0,2
37485,b_1G7411K7oi_clip_024.mp4,0,1
37491,b_1GJ411L7iJ_clip_035.mp4,2,3
37507,b_1E4411E7UW_clip_031.mp4,0,3
37538,b_18f4y1U73n_clip_004.mp4,3,1
37584,b_1a7411L7PC_clip_042.mp4,1,0
37593,b_1cW411D7TA_clip_010.mp4,0,1
37601,b_1ix411Q7BZ_part1_clip_010.mp4,2,0
37747,b_1rk4y1k7F9_clip_015.mp4,3,0
37751,y_V55gacAEnfI_clip_3.mp4,1,2
37865,b_1Sx41197oS_clip_035.mp4,0,2
37909,b_1At411V7X9_clip_016.mp4,1,3
37959,b_1ut411a7RZ_clip_019.mp4,1,3
38010,b_1UK411L7wa_clip_042.mp4,1,2
38049,b_14b411y79D_clip_011.mp4,2,0
38079,b_1SJ411S7Hb_clip_019.mp4,2,1
38131,b_184411F7DJ_clip_009.mp4,3,1
38136,b_1y4411Z7Xb_clip_008.mp4,3,1
38142,b_1z4411b7KS_clip_034.mp4,2,3
38146,y_jsfgLt6jf_g_clip_12.mp4,2,1
38154,b_1bE411s7kk_clip_019.mp4,3,0
38155,b_16b411C7Y7_clip_020.mp4,0,2
38165,b_1Nt41127AL_clip_012.mp4,3,0
38196,b_1yE41187A9_clip_001.mp4,0,2
38216,b_1Da4y1e7jc_clip_020.mp4,0,2
38370,b_1KJ411T7Jo_clip_015.mp4,2,0
38455,b_1Yk4y1R7hE_clip_030.mp4,0,2
38495,b_1s7411e7XW_clip_013.mp4,3,2
38514,c_sunp1672_13.mp4,1,3
38549,b_12a4y1i7Nk_clip_042.mp4,0,3
38598,y_AC2R889a-LI_clip_1.mp4,1,0
38623,c_movi7924_17.mp4,1,3
38629,b_19J411z7or_clip_011.mp4,2,1
38650,b_1R7411p7qA_clip_015.mp4,3,2
38654,b_17W411B7wM_clip_002.mp4,3,2
38658,b_1At4y1U7Xt_clip_010.mp4,2,1
38665,b_1Tb411L7yU_clip_015.mp4,2,0
38666,b_1S7411B7Er_clip_037.mp4,3,1
38685,b_1j54y1X7cr_clip_046.mp4,1,3
38715,b_1j54y1X7cr_clip_004.mp4,0,1
38719,b_1WE411j7JR_clip_026.mp4,0,3
38775,b_1at411y7Eo_clip_017.mp4,3,0
38783,b_1b4411R7AX_clip_002.mp4,3,1
38790,b_1t4411j7zM_clip_005.mp4,3,2
38824,b_1X7411m71Z_clip_001.mp4,0,3
38863,b_1tJ411C7sF_clip_010.mp4,1,0
38895,y_GG3DUj4RTI4_clip_12.mp4,2,0
38918,b_1zs411t7nk_part1_clip_005.mp4,3,0
38938,c_movi7951_26.mp4,3,1
38997,b_14E411D7YA_clip_009.mp4,1,2
39013,b_16W411i73r_part2_clip_004.mp4,3,2
39022,b_1wZ4y1j729_clip_018.mp4,2,1
39039,y_uNZiDOiorz4_clip_32.mp4,2,1
39048,b_1J7411377C_clip_013.mp4,0,1
39092,b_1Ft4y117VZ_clip_032.mp4,2,3
39116,b_1i7411f7Jc_clip_034.mp4,0,3
39129,b_1bt411q7fm_clip_012.mp4,3,0
39145,b_16Q4y1M7Gp_clip_022.mp4,3,0
39175,b_1B7411s7t1_clip_003.mp4,0,2
39186,b_1FW41177m2_part1_clip_026.mp4,1,3
39223,b_1yE411j7KU_clip_046.mp4,1,0
39229,b_1F7411Z74z_clip_077.mp4,3,0
39274,b_1d7411a7sR_clip_029.mp4,2,3
39292,b_1G7411G7yS_clip_066.mp4,0,2
39333,b_1F7411x7Xw_clip_027.mp4,2,1
39361,b_1a7411f7SH_clip_032.mp4,2,0
39404,b_1CJ411b7ru_clip_005.mp4,3,1
39421,b_1a7411L7PC_clip_074.mp4,3,2
39447,y_j8_c7fDzUbU_clip_13.mp4,1,3
39454,b_194411Z7Nh_clip_007.mp4,3,0
39471,y_iX5wSGmT7aw_clip_15.mp4,1,2
39660,b_1Gk4y1r7HT_clip_028.mp4,2,1
39672,b_1UK411L7wa_clip_042.mp4,3,0
39708,b_1Gk4y1r7HT_clip_004.mp4,0,1
39930,b_1xz411z7b5_clip_014.mp4,0,3
39968,b_1LW411s7qq_clip_034.mp4,3,1
39977,b_19t411B7A4_clip_003.mp4,1,3
39995,b_1X7411m71Z_clip_010.mp4,1,0
40004,b_1XW411B7eY_part1_clip_006.mp4,0,1
40030,b_1ya4y1e7Tn_clip_047.mp4,2,3
40055,b_1LA411t7mT_clip_014.mp4,2,3
40101,b_1Nt41127AL_clip_012.mp4,2,0
40102,b_16x411o7wR_clip_023.mp4,2,1
40117,b_1c54y1R7Tb_clip_036.mp4,1,2
40152,b_18J411H7we_clip_013.mp4,0,1
40168,y_jsfgLt6jf_g_clip_12.mp4,3,2
40228,b_1j741157BM_clip_059.mp4,3,1
40233,b_1Wx411i7Zr_part2_clip_003.mp4,1,2
40243,b_1xV411f74o_clip_025.mp4,0,2
40255,b_1Z4411H7pb_clip_021.mp4,0,3
40279,b_1zE411o7Ga_clip_025.mp4,1,3
40396,b_1WE411F7LD_clip_012.mp4,1,2
40408,b_11t411D7rC_clip_019.mp4,1,3
40430,b_1Gt411y7Xe_clip_004.mp4,3,2
40525,y_jRsR22p2i2U_clip_4.mp4,1,0
40602,b_1XJ411G77m_clip_017.mp4,1,0
40637,b_1XW411h7eW_clip_006.mp4,0,1
40643,b_1KE411J715_clip_005.mp4,1,3
40743,b_1xz411z7b5_clip_024.mp4,2,3
40876,b_12a4y1i7Nk_clip_023.mp4,2,1
40954,b_1mx411S7tx_clip_002.mp4,3,1
41037,b_1Mb411J77z_clip_036.mp4,0,1
41221,b_1gJ411U7nb_clip_013.mp4,0,1
41253,b_1Cx411q7pz_part1_clip_012.mp4,2,1
41287,y_xjhHM0ilzZ8_clip_21.mp4,0,1
41312,y_AC2R889a-LI_clip_8.mp4,0,2
41327,b_1At411V7X9_clip_013.mp4,2,1
41332,b_1b4411e7cX_clip_017.mp4,0,1
41338,b_1xV411f74o_clip_025.mp4,3,0
41357,b_154411S7ue_clip_016.mp4,0,1
41411,b_1Lt411j7s5_clip_036.mp4,2,0
41427,b_15b411b7DL_clip_015.mp4,1,0
41462,b_13t411k7ib_clip_029.mp4,3,0
41463,b_1yE411j7KU_clip_076.mp4,1,3
41511,b_1cW411G7xb_part1_clip_018.mp4,2,0
41644,b_1et411g7t5_clip_035.mp4,2,3
41697,b_14E411D7YA_clip_038.mp4,1,0
41716,b_1hx411r7Hs_clip_003.mp4,3,0
41724,b_1Yx411r7as_clip_012.mp4,1,0
41755,b_1Da4y1e7jc_clip_020.mp4,2,3
41827,y_eGJg0u9pD_s_clip_1.mp4,1,3
41855,b_1NJ411q7pd_clip_024.mp4,2,1
41909,b_1xz411z7b5_clip_016.mp4,2,3
41915,b_154411S7ue_clip_016.mp4,3,0
41938,b_12E411Z7fV_clip_017.mp4,3,0
41986,b_1LE411T7sZ_clip_027.mp4,1,3
42010,b_1a7411L7PC_clip_018.mp4,2,1
42020,b_17W411B7wM_clip_007.mp4,2,1
42032,b_1JW411b7Vn_part1_clip_013.mp4,0,3
42061,b_1yE411j7KU_clip_070.mp4,1,3
42112,b_184411c7bt_clip_005.mp4,3,2
42121,b_15J411n7bA_clip_019.mp4,3,0
42208,b_1Cb411b7ix_clip_053.mp4,0,3
42219,b_1j54y1X7cr_clip_035.mp4,0,3
42223,b_194411Z7Nh_clip_017.mp4,2,0
42229,b_1zJ411x7dw_clip_010.mp4,2,3
42268,b_1RT4y1u7Hf_clip_020.mp4,0,1
42672,b_1xa4y1t7dP_clip_001.mp4,1,2
42698,y_tjXukxZzsg8_clip_21.mp4,2,1
42756,b_17x411k7Vz_part1_clip_003.mp4,0,3
42812,b_1X7411m71Z_clip_008.mp4,1,3
42828,b_1Va4y147PH_clip_031.mp4,0,3
42845,b_15b411b7Zc_clip_004.mp4,1,2
42980,b_1Gx411G7fz_part1_clip_006.mp4,0,1
43000,b_19E411P7RL_clip_007.mp4,2,0
43039,b_1Lt411G7XD_clip_014.mp4,2,3
43051,b_1TJ411s7yy_clip_006.mp4,1,3
43093,b_16W411i7GR_part1_clip_011.mp4,3,1
43126,b_14s411r7mP_part2_clip_003.mp4,1,2
43274,b_1Bf4y1U7Ft_clip_005.mp4,3,2
43303,b_13E411B76K_clip_003.mp4,2,3
43304,b_1et411v7TQ_clip_007.mp4,0,1
43319,b_1pa4y1v7d7_clip_008.mp4,3,1
43357,b_1CJ411b7ru_clip_001.mp4,1,3
43388,b_12s411V71w_clip_021.mp4,0,2
43403,b_1xz411z7b5_clip_014.mp4,1,2
43516,b_1i441117ec_clip_009.mp4,1,3
43530,y_bShdVgAByxs_clip_2.mp4,1,2
43534,b_1Ct411J7VD_clip_032.mp4,1,0
43615,b_13t411F7iD_clip_031.mp4,2,3
43641,b_1yt411k7va_clip_037.mp4,2,3
43688,b_1yE411j7KU_clip_061.mp4,3,1
43690,b_1aW411s7AU_part1_clip_007.mp4,3,2
43726,b_1EW411J7fz_part1_clip_013.mp4,3,1
43739,b_1G7411G7yS_clip_001.mp4,2,0
43850,b_1X7411i7Ph_clip_020.mp4,0,2
43877,b_1Yk4y1R7hE_clip_009.mp4,0,3
43878,b_1Ws411F7MQ_clip_028.mp4,3,0
44065,b_1wt411u7QM_clip_022.mp4,0,2
44130,b_1RE411H7di_clip_046.mp4,2,0
44174,b_1h5411t7Z5_clip_029.mp4,1,0
44190,b_1Xe411W7Q1_clip_016.mp4,1,3
44217,b_1fg4y1B7cA_clip_038.mp4,2,1
44220,b_1A4411H7RU_clip_003.mp4,2,3
44240,b_1yE41187A9_clip_001.mp4,0,3
44244,b_1a7411L7PC_clip_120.mp4,1,3
44288,b_1Zt411F75e_clip_045.mp4,3,2
44335,b_1U7411u7uy_clip_038.mp4,0,1
44366,b_1GW411p7LU_part1_clip_014.mp4,2,3
44368,y_Gdm0JP8Egyc_clip_1.mp4,3,2
44391,b_1f4411N7Zp_clip_041.mp4,3,1
44421,b_1hx411o7vo_clip_028.mp4,3,1
44459,b_1a4411B7sb_clip_006.mp4,1,0
44530,b_1Z4411H7pb_clip_017.mp4,2,1
44535,b_1et411g7t5_clip_005.mp4,1,2
44541,b_1Rt411c7FC_clip_019.mp4,1,2
44584,b_1Tx411z79U_part1_clip_002.mp4,3,2
44585,b_1Ei4y1t7VC_clip_033.mp4,3,1
44589,b_16W411i7GR_part1_clip_010.mp4,0,2
44618,b_1Mx411Z7ve_clip_020.mp4,3,1
44630,y_kledRNuLZP8_clip_11.mp4,1,0
44660,b_1H7411C7jf_clip_006.mp4,1,3
44695,b_1rk4y1k7F9_clip_014.mp4,0,2
44775,b_1Tx411z79U_part1_clip_002.mp4,1,0
44787,b_1U7411u7uy_clip_017.mp4,1,2
44815,b_1tE411b7WJ_clip_020.mp4,1,2
44830,b_1dA411471P_clip_021.mp4,1,0
44861,b_1JE41147LF_clip_021.mp4,3,2
44895,b_1Gt411y7Xe_clip_023.mp4,2,3
44926,y_0gdy9L5whEs_clip_14.mp4,0,1
44932,b_1y4411Z7Xb_clip_018.mp4,0,2
45031,b_1GJ411L7iJ_clip_035.mp4,0,2
45053,b_1NQ4y1N7N3_clip_016.mp4,0,3
45069,b_1yJ411k7Yo_clip_019.mp4,1,2
45118,b_1h5411t7Z5_clip_025.mp4,3,2
45126,b_1yE411j7KU_clip_077.mp4,0,1
45148,b_1p7411W74B_clip_041.mp4,3,0
45347,b_1j54y1X7cr_clip_035.mp4,3,2
45456,b_1gp411Z7uR_part2_clip_006.mp4,1,3
45579,b_1yE411j7KU_clip_016.mp4,2,3
45584,c_sunp1713_14.mp4,0,1
45630,b_1U4411L75y_clip_016.mp4,0,3
45670,b_1at411b7Yw_clip_014.mp4,2,1
45678,b_19E411P7RL_clip_016.mp4,1,0
45715,b_1uK411L7sS_clip_001.mp4,3,0
45757,b_1MW411J7Br_clip_005.mp4,1,0
45787,b_1J7411377C_clip_045.mp4,2,3
45808,y_rKFyUXXfLkY_clip_2.mp4,3,0
45826,b_1yt411k7va_clip_003.mp4,3,1
46028,b_1jW411H7pd_part2_clip_018.mp4,2,0
46113,b_1Wk4y167ox_clip_020.mp4,1,2
46122,b_1sx41167tG_part2_clip_008.mp4,2,1
46124,b_114411z7Z1_clip_035.mp4,3,1
46143,b_1mt411e7s2_clip_031.mp4,0,1
46146,b_1j54y1X7cr_clip_046.mp4,3,2
46161,b_1it41157YF_clip_017.mp4,1,0
46195,b_1n441187Ew_clip_017.mp4,0,1
46216,b_184411N734_clip_022.mp4,2,1
46345,b_1f4411S7Ty_clip_029.mp4,2,1
46419,c_sunp1691_14.mp4,2,0
46440,b_1n441187Ew_clip_017.mp4,0,1
46461,b_12a4y1i7Nk_clip_037.mp4,1,3
46468,b_1cW411G7xb_part2_clip_006.mp4,3,1
46527,b_1LW411v7Tv_part1_clip_001.mp4,0,3
46601,y_n8S0it3v0pg_clip_6.mp4,3,1
46666,y_PT6KvPI6UNU_clip_6.mp4,2,1
46715,b_1EW411v73M_part2_clip_018.mp4,3,0
46720,b_1bs41137JZ_clip_003.mp4,1,2
46781,b_1Bb411r7JE_clip_031.mp4,2,1
46793,b_1ix411Z7U6_clip_037.mp4,2,3
46873,b_1Bb411A74A_clip_011.mp4,0,1
46891,b_1RT4y1u7Hf_clip_020.mp4,1,2
46916,b_1Kz411b7vS_clip_013.mp4,2,3
46932,b_1AJ411579g_clip_040.mp4,1,3
47052,b_1Ab411k7qb_clip_044.mp4,2,1
47083,b_1Ht41137f7_clip_014.mp4,3,2
47135,b_1hE411k7re_clip_014.mp4,2,3
47192,b_1Dx41167Vx_part1_clip_008.mp4,2,3
47206,b_1bt411z7Ps_clip_022.mp4,0,3
47220,b_1a7411L7PC_clip_137.mp4,2,1
47240,b_144411U7gM_clip_011.mp4,0,3
47290,b_17J411a7tz_clip_035.mp4,3,2
47312,b_1b7411y7Kg_clip_002.mp4,2,0
47386,b_1Yt411Y7VQ_clip_020.mp4,1,0
47416,b_16x411u7Up_part1_clip_004.mp4,1,2
47428,b_1JE41147LF_clip_095.mp4,1,0
47497,b_1B4411d7Pv_clip_018.mp4,3,1
47503,b_1a7411L7PC_clip_120.mp4,1,0
47513,b_1F7411Z74z_clip_063.mp4,2,3
47516,b_1ct411D77a_clip_003.mp4,2,0
47640,b_1YK4y1k7SF_clip_002.mp4,3,2
47696,b_1px411k7hN_clip_006.mp4,3,2
47820,b_1Ws411F7MQ_clip_033.mp4,2,1
47834,b_1rk4y1k7F9_clip_006.mp4,2,3
47878,b_1Q5411s7Lb_clip_020.mp4,3,0
48029,b_1L7411x7PA_clip_026.mp4,3,1
48039,b_1St411N77p_clip_002.mp4,1,2
48102,b_1f4411S7Ty_clip_028.mp4,3,1
48148,c_sunp1715_1.mp4,0,3
48153,b_1z741177kN_clip_062.mp4,0,1
48156,b_12a4y1i7Nk_clip_023.mp4,1,2
48188,b_1j741157BM_clip_126.mp4,2,0
48203,b_1FW411h7P3_clip_006.mp4,0,1
48216,b_1hE411p7Th_clip_069.mp4,0,3
48252,c_sunp1672_13.mp4,3,1
48289,b_1LW411s7qq_clip_037.mp4,3,2
48302,b_1n741157ss_clip_058.mp4,3,1
48339,b_15x411d7uX_clip_011.mp4,3,1
48360,b_1hJ411R79J_clip_018.mp4,1,3
48370,b_1s7411e7XW_clip_013.mp4,1,2
48422,b_1ft41157YU_clip_023.mp4,3,2
48433,b_1k7411m7Fp_clip_010.mp4,0,1
48440,b_1Da4y1e7jc_clip_021.mp4,0,3
48553,b_1i4411g74f_clip_005.mp4,0,2
48573,b_1JE41147LF_clip_095.mp4,1,2
48578,b_1XJ411G77m_clip_016.mp4,0,1
48596,b_1Sp4y1C7DJ_clip_016.mp4,1,3
48629,b_1i741177YW_clip_041.mp4,1,0
48679,b_1Xt411s7y5_clip_010.mp4,1,3
48682,b_1ut4y117xD_clip_037.mp4,2,3
48715,b_12a4y1i7Nk_clip_037.mp4,0,1
48737,c_sunp1692_4.mp4,1,3
48746,b_1Gk4y1r7HT_clip_029.mp4,0,1
48846,b_1mt411e7s2_clip_032.mp4,2,3
48871,b_1xQ4y1T7cR_clip_027.mp4,3,2
48890,c_movi7919_10.mp4,2,0
48989,b_1wt411u7QM_clip_009.mp4,1,0
48990,b_1zs411t7nk_part2_clip_015.mp4,3,2
49069,b_1xJ41167Q1_clip_019.mp4,0,1
49114,b_1gE411L7oE_clip_024.mp4,2,0
49201,y_diKJNf2OzBk_clip_8.mp4,0,1
49216,b_1nV411r7c7_clip_012.mp4,2,1
49221,b_16W411i7GR_part2_clip_005.mp4,1,3
49250,b_1RE411H7di_clip_018.mp4,0,1
49274,b_1RJ411T7Hh_clip_038.mp4,0,1
49307,b_1YJ411x78w_clip_001.mp4,1,3
49362,b_1n741157ss_clip_058.mp4,1,3
49429,b_1Bb411A74A_clip_011.mp4,1,3
49500,b_1Ab411k7qb_clip_044.mp4,1,0
49541,b_1j741157BM_clip_006.mp4,2,0
49569,b_1Gt411p7rv_clip_024.mp4,3,1
49605,b_1gE411L7oE_clip_007.mp4,0,3
49746,y_eGJg0u9pD_s_clip_4.mp4,1,3
49925,b_1KK41157yS_clip_025.mp4,0,1
49930,c_sunp1692_12.mp4,2,0
49938,b_18W411t7xG_clip_005.mp4,1,0
49948,b_1ex411G7zY_part1_clip_005.mp4,1,3
49953,b_1GJ411h7Mb_clip_010.mp4,1,2
50036,b_1X7411p7ZA_clip_009.mp4,2,3
50102,b_1SJ411S7Hb_clip_025.mp4,3,2
50124,b_15b411e766_clip_013.mp4,0,2
50156,b_12J41147hT_clip_048.mp4,0,3
50243,b_1SJ41167QX_clip_011.mp4,3,1
50418,b_1Et411b7Jm_clip_053.mp4,3,0
50530,c_movi7952_14.mp4,2,1
50545,b_1NJ411q7pd_clip_011.mp4,0,1
50611,b_13E411B76K_clip_020.mp4,3,0
50688,b_1U7411u7uy_clip_006.mp4,3,0
50697,b_1CW411h7oK_part2_clip_012.mp4,2,1
50713,b_1Gk4y1r7HT_clip_001.mp4,2,3
50737,c_movi7941_16.mp4,2,3
50748,b_1Tb411L7yU_clip_020.mp4,2,3
50790,y_rKFyUXXfLkY_clip_1.mp4,0,3
50823,b_15b411P7tY_clip_017.mp4,1,0
50843,b_1YJ411x78w_clip_001.mp4,3,2
50896,b_12t411R75D_clip_039.mp4,0,3
50946,b_14K41177wQ_clip_017.mp4,3,0
50991,b_1p4411U7m1_clip_020.mp4,0,3
51041,b_1E4411E7UW_clip_031.mp4,3,2
51076,b_1KK41157yS_clip_014.mp4,1,2
51124,y_7N1NUytbpZg_clip_5.mp4,3,1
51212,b_12a4y1i7Nk_clip_023.mp4,0,3
51253,b_1B4411d7Pv_clip_013.mp4,3,0
51327,b_1B4411M7a6_clip_045.mp4,2,1
51365,b_15b411P7tY_clip_041.mp4,2,1
51397,b_1RJ411y7df_clip_001.mp4,2,3
51464,b_18f4y1U73n_clip_035.mp4,0,1
51532,b_1MJ411A7ND_clip_010.mp4,0,2
51557,y_ghHBwCu5hiU_clip_5.mp4,0,2
51581,b_1Ht411x7sF_clip_011.mp4,3,0
51610,b_1Lz411B7zd_clip_003.mp4,3,0
51652,b_14t411K7Bb_clip_004.mp4,0,2
51852,b_13t411K7i7_clip_022.mp4,3,1
51862,b_144411Q75M_clip_003.mp4,1,0
51903,b_1Yt411T7w2_clip_010.mp4,0,3
51990,b_1d7411a7sR_clip_001.mp4,2,3
52087,b_1kC4y14752_clip_029.mp4,3,2
52097,b_1bJ411x7an_clip_019.mp4,2,0
52126,b_1bJ411J78u_clip_028.mp4,2,1
52175,c_movi7916_12.mp4,2,1
52286,b_1At411i75B_clip_009.mp4,3,1
52305,b_1sJ41187Yb_clip_036.mp4,3,1
52329,b_15Z4y1471U_clip_019.mp4,1,0
52344,b_1i741177YW_clip_025.mp4,3,0
52402,b_1ZA411i7Li_clip_010.mp4,0,3
52419,b_1Yk4y1R7hE_clip_001.mp4,1,0
52428,b_1P4411S7BR_clip_003.mp4,0,3
52472,c_sunp1693_13.mp4,3,1
52576,b_1bJ411x7an_clip_019.mp4,1,3
52609,b_1G7411G7yS_clip_047.mp4,3,1
52663,b_1G7411G7yS_clip_001.mp4,1,2
52821,b_1b4411R7AX_clip_046.mp4,3,1
52830,b_1U7411u7uy_clip_017.mp4,0,2
52861,b_1L4411M7kf_clip_043.mp4,3,1
53027,b_15J411n7bA_clip_010.mp4,1,2
53043,b_1Sx41197oS_clip_006.mp4,3,2
53090,b_1RJ411y7df_clip_032.mp4,1,2
53216,b_1j54y1X7cr_clip_004.mp4,3,1
53300,b_14s411r7Qj_clip_015.mp4,1,3
53326,b_1yt411k7va_clip_013.mp4,1,0
53764,b_1PJ41147iD_clip_011.mp4,1,3
53766,b_1h5411t7Z5_clip_025.mp4,3,0
53785,b_1Bb411A74A_clip_006.mp4,0,3
53798,b_1YK4y1k7SF_clip_029.mp4,2,1
53811,b_1Kt411c7wF_clip_017.mp4,0,3
53843,b_15x411f7Tk_clip_039.mp4,3,2
54179,c_movi7923_28.mp4,2,1
54250,b_1y441137Qm_clip_011.mp4,1,0
54344,b_1dx411R7KU_clip_021.mp4,0,3
54409,y_grI4X4CiD8o_clip_20.mp4,0,2
54418,b_1SJ411S7Hb_clip_008.mp4,0,1
54444,b_16W411i7GR_part2_clip_005.mp4,3,0
54450,b_1fg4y1B7cA_clip_007.mp4,0,2
54465,b_1Ht411X7Qn_clip_007.mp4,0,3
54522,y_ljEdPecAbwA_clip_4.mp4,3,1
54677,b_1Na4y1i7jC_clip_018.mp4,2,3
54701,b_18t41147ht_clip_008.mp4,1,3
54742,b_1PA411h72w_clip_013.mp4,2,0
54809,b_1z741177kN_clip_083.mp4,2,3
54878,b_19441127r4_clip_034.mp4,3,2
54897,b_13E411B7zm_clip_012.mp4,3,2
54942,b_1yE411j7KU_clip_016.mp4,2,1
54988,b_1H7411C7jf_clip_011.mp4,0,1
55008,b_17W411B7wM_clip_007.mp4,2,3
55014,b_1Jt411q7Nh_clip_034.mp4,0,1
55106,y_stMcp7RDGuA_clip_9.mp4,1,0
55117,b_1hE411J77d_clip_028.mp4,0,1
55157,b_1xz4y197zH_clip_019.mp4,1,0
55203,b_1S7411P7yB_clip_012.mp4,0,2
55497,b_1gW411q771_part1_clip_015.mp4,3,2
55521,b_1Gk4y1r7HT_clip_004.mp4,1,2
55544,b_1ft411t7zd_clip_015.mp4,2,1
55612,b_1k7411y72r_clip_028.mp4,0,2
55620,b_1Cx411q7pz_part1_clip_012.mp4,2,3
55659,b_1P4411S7BR_clip_003.mp4,2,1
55772,b_1hE411p7Th_clip_111.mp4,0,1
55789,b_1C441157dQ_clip_015.mp4,0,1
55843,b_1ux411r7SG_part1_clip_004.mp4,1,3
55869,b_19t411q7rr_clip_030.mp4,2,3
55959,b_1z4411b7KS_clip_035.mp4,2,0
56055,b_1Ai4y1t7Rj_clip_030.mp4,3,0
56095,b_1ta4y1x7gR_clip_004.mp4,1,3
56170,b_1aW411s7AU_part1_clip_021.mp4,0,1
56275,b_1nt411E76Z_clip_002.mp4,3,1
56276,b_14K41177wQ_clip_002.mp4,1,3
56343,b_14s411r7Qj_clip_015.mp4,2,3
56372,b_1d4411P7ss_clip_003.mp4,2,3
56404,b_1MW411J7Br_clip_005.mp4,2,1
56628,b_1JW411b7Vn_part1_clip_003.mp4,1,2
56667,b_1b4411e7cX_clip_020.mp4,3,0
56695,b_1JE41147LF_clip_011.mp4,2,1
56742,b_1F5411t7i4_clip_029.mp4,2,0
56755,b_16W411i7GR_part1_clip_011.mp4,2,3
56808,b_1tJ411Q7Yq_clip_002.mp4,0,3
56932,b_1SJ411S7Hb_clip_019.mp4,3,1
56950,j_3632.mp4,2,1
56958,b_1B4411j7Wo_clip_011.mp4,2,3
56980,b_1Ab411k7qb_clip_044.mp4,3,0
56983,b_1h5411t7Z5_clip_029.mp4,3,1
57004,b_1Bf4y1U7Ft_clip_020.mp4,3,1
57117,b_1L4411M7kf_clip_043.mp4,2,0
57149,b_1JE41147LF_clip_095.mp4,1,3
57159,b_1B4411d7Pv_clip_018.mp4,0,2
57215,y_4XSxGWZEzaE_clip_6.mp4,0,1
57286,c_movi7928_1.mp4,1,2
57307,b_1yV411d7fP_clip_018.mp4,3,1
57365,b_1kt411C7cs_clip_030.mp4,3,2
57439,b_15b411b7DL_clip_020.mp4,3,1
57892,y_Gdm0JP8Egyc_clip_3.mp4,0,2
57952,b_18J411H7we_clip_013.mp4,0,1
57978,b_1Xt411s7y5_clip_010.mp4,2,0
58033,b_1YK4y1k7SF_clip_010.mp4,2,1
58036,b_17E411W7bc_clip_039.mp4,3,1
58060,b_13E411B7zm_clip_012.mp4,2,1
58145,b_1j741157BM_clip_010.mp4,2,3
58229,b_1B4411M7a6_clip_045.mp4,1,3
58451,b_1gW411q771_part2_clip_023.mp4,1,2
58491,b_1ek4y19747_clip_048.mp4,1,0
58496,b_1ZA411i7Li_clip_005.mp4,1,3
58526,b_1SE411g7EW_clip_037.mp4,0,3
58614,b_1ZA411i7Li_clip_041.mp4,0,1
58659,b_1hE411p7Th_clip_003.mp4,1,2
58690,b_1EJ411i7jU_clip_013.mp4,3,0
58791,b_1Wk4y167ox_clip_010.mp4,2,0
58793,b_1GW411p7LU_part2_clip_017.mp4,3,1
58807,b_1Xt411s7y5_clip_011.mp4,1,2
58890,c_sunp1690_3.mp4,0,2
58936,b_1xz4y197zH_clip_008.mp4,0,1
58981,b_1xt411X79R_clip_050.mp4,2,1
59030,b_1cx411i7YV_part1_clip_008.mp4,1,3
59067,b_1jt411R7a5_clip_030.mp4,0,3
59222,b_17J411a7tz_clip_019.mp4,2,1
59267,c_movi7929_21.mp4,1,2
59268,b_1nE411Z7Tk_clip_002.mp4,1,2
59270,b_1sQ4y1M7E8_clip_016.mp4,0,3
59340,b_1Dx41167Vx_part1_clip_001.mp4,2,3
59377,b_1M4411P73G_clip_002.mp4,0,1
59379,b_184411c7bt_clip_001.mp4,0,1
59436,b_1Jt411q7Nh_clip_034.mp4,1,3
59454,b_1L4411M7kf_clip_043.mp4,3,1
59462,b_1xz411z7b5_clip_033.mp4,1,3
59488,b_1S7411P7yB_clip_008.mp4,0,3
59549,b_1d7411a7sR_clip_029.mp4,3,0
59620,b_1bt411z7Ps_clip_022.mp4,0,2
59658,b_1yE411j7KU_clip_077.mp4,3,0
59691,b_1dx411R7KU_clip_004.mp4,1,2
59737,b_1b7411y7Kg_clip_002.mp4,0,2
59753,b_1Ht41137f7_clip_016.mp4,3,0
59801,b_1KK41157yS_clip_025.mp4,0,3
59904,c_movi7926_30.mp4,2,0
59949,b_12s411V71w_clip_005.mp4,0,2
60071,b_1Kz411b7vS_clip_005.mp4,1,0
60143,y_4XSxGWZEzaE_clip_6.mp4,2,3
60180,c_sunp1693_15.mp4,0,3
60202,b_1bJ411x7an_clip_019.mp4,3,0
60217,b_1xz411z7b5_clip_014.mp4,0,2
60276,b_1bE411v7CP_clip_010.mp4,0,2
60296,b_11x411i7ms_part1_clip_008.mp4,3,2
60323,b_1ix41167dQ_part1_clip_011.mp4,0,3
60579,b_1Na4y1i7jC_clip_043.mp4,1,3
60603,b_1L7411R73G_clip_038.mp4,3,0
60634,b_14K41157xw_clip_025.mp4,0,3
60676,b_1UW41187q3_part2_clip_001.mp4,2,0
60750,b_1DE411P71Y_clip_039.mp4,1,0
60754,b_1Sp4y1C7DJ_clip_016.mp4,0,2
60778,b_1LW411s7qq_clip_017.mp4,2,1
61045,b_13E411B76K_clip_020.mp4,2,3
61060,b_1h5411t7Z5_clip_009.mp4,0,3
61118,b_1Yi4y1s7Ex_clip_024.mp4,1,3
61173,y_dPbipg5_kqM_clip_21.mp4,1,3
61196,b_1xz411z7b5_clip_014.mp4,1,0
61221,b_1JE41147LF_clip_011.mp4,3,1
61365,b_1b4411R7AX_clip_043.mp4,3,2
61435,b_1R7411p7qA_clip_015.mp4,2,0
61452,b_19E411P7RL_clip_016.mp4,1,0
61476,y_grI4X4CiD8o_clip_34.mp4,3,0
61507,b_154411v7Jh_clip_023.mp4,2,3
61519,b_14K41177wQ_clip_002.mp4,0,2
61562,y_jRsR22p2i2U_clip_4.mp4,1,3
61679,b_12s411V71w_clip_015.mp4,3,2
61690,b_1Et411J7jq_clip_011.mp4,0,2
61710,b_1m7411P7Fe_clip_025.mp4,1,0
61796,b_1tZ4y1p7wh_clip_002.mp4,1,0
61854,b_1UK411L7wa_clip_042.mp4,2,0
61941,b_1qT4y1372r_clip_020.mp4,2,3
61953,b_1Yt411T7w2_clip_010.mp4,2,0
61956,b_1Q5411s7Lb_clip_020.mp4,2,1
62090,b_1yE411j7Vo_clip_039.mp4,1,0
62212,b_1hW411e7WB_clip_006.mp4,2,1
62318,b_1Tx411D7hK_part1_clip_009.mp4,2,0
62329,b_1j54y1X7cr_clip_007.mp4,1,3
62352,b_13E411B76K_clip_020.mp4,0,1
62360,b_1BC4y147Da_clip_014.mp4,0,2
62377,b_1Gt411p7rv_clip_003.mp4,0,3
62462,b_1xz411z7b5_clip_016.mp4,0,2
62516,b_1gp411Z7uR_part1_clip_016.mp4,0,2
